ticker,name,exchange,financial_status,cik,sic,sector
A,"Agilent Technologies, Inc. Common Stock",NYSE,,1090872.0,3826,Health Care
AA,Alcoa Corporation Common Stock,NYSE,,1675149.0,3334,Materials
AAC,Ares Acquisition Corporation III Class A Ordinary Shares,NYSE,,2128115.0,6770,Financials
AACG,"ATA Creativity Global - American Depositary Shares, each representing two common shares",NASDAQ,N,1420529.0,8200,Consumer Discretionary
AACI,Armada Acquisition Corp. III - Class A Ordinary Share,NASDAQ,N,2092897.0,6770,Financials
AACO,Abony Acquisition Corp. I - Class A Ordinary Share,NASDAQ,N,2099906.0,6770,Financials
AACP,Apogee Acquisition Corp - Class A Ordinary Shares,NASDAQ,N,2102123.0,6770,Financials
AADX,"Applied Aerospace & Defense, Inc. Common Stock",NYSE,,2118195.0,3728,Industrials
AAL,"American Airlines Group, Inc. - Common Stock",NASDAQ,N,6201.0,4512,Transport
AAME,Atlantic American Corporation - Common Stock,NASDAQ,E,8177.0,6311,Insurance
AAMI,Acadian Asset Management Inc. Common Stock,NYSE,,1748824.0,6282,Financials
AAOI,"Applied Optoelectronics, Inc. - Common Stock",NASDAQ,N,1158114.0,3674,Technology
AAON,"AAON, Inc. - Common Stock",NASDAQ,N,824142.0,3585,Industrials
AAP,Advance Auto Parts Inc.,NYSE,,1158449.0,5531,Consumer Discretionary
AAPG,Ascentage Pharma Group International - American Depository Shares,NASDAQ,N,2023311.0,2834,Health Care
AAPL,Apple Inc. - Common Stock,NASDAQ,N,320193.0,3571,Technology
AARD,"Aardvark Therapeutics, Inc. - Common Stock",NASDAQ,N,1774857.0,2834,Health Care
AAT,"American Assets Trust, Inc. Common Stock",NYSE,,1500217.0,6798,Real Estate
AAUC,Allied Gold Corporation Common Shares,NYSE,,1993344.0,1040,Materials
AB,AllianceBernstein Holding L.P.  Units,NYSE,,825313.0,6282,Financials
ABAT,American Battery Technology Company - Common Stock,NASDAQ,N,1576873.0,1400,Materials
ABBV,AbbVie Inc. Common Stock,NYSE,,1551152.0,2834,Health Care
ABCB,Ameris Bancorp Common Stock,NYSE,,351569.0,6022,Financials
ABCL,AbCellera Biologics Inc. - Common Shares,NASDAQ,N,1703057.0,2834,Health Care
ABEO,Abeona Therapeutics Inc. - Common Stock,NASDAQ,N,318306.0,2834,Health Care
ABEV,Ambev S.A. American Depositary Shares (Each representing 1 Common Share),NYSE,,1565025.0,2080,Consumer Staples
ABG,Asbury Automotive Group Inc Common Stock,NYSE,,1144980.0,5500,Consumer Discretionary
ABLV,Able View Global Inc. - Class B Ordinary Shares,NASDAQ,N,1957489.0,5960,Consumer Discretionary
ABM,ABM Industries Incorporated Common Stock,NYSE,,771497.0,7340,Industrials
ABNB,"Airbnb, Inc. - Class A Common Stock",NASDAQ,N,1559720.0,7340,Industrials
ABOS,"Acumen Pharmaceuticals, Inc. - Common Stock",NASDAQ,N,1576885.0,2836,Health Care
ABR,Arbor Realty Trust Common Stock,NYSE,,1253986.0,6798,Real Estate
ABSI,Absci Corporation - Common Stock,NASDAQ,N,1672688.0,8731,Health Care
ABT,Abbott Laboratories Common Stock,NYSE,,1800.0,2834,Health Care
ABTC,American Bitcoin Corp. - Class A Common Stock,NASDAQ,N,1755953.0,6199,
ABTS,Abits Group Inc - Ordinary Shares,NASDAQ,N,1864055.0,6199,
ABUS,Arbutus Biopharma Corporation - Common Stock,NASDAQ,N,1447028.0,2834,Health Care
ABVC,"ABVC BioPharma, Inc. - Common Stock",NASDAQ,N,1173313.0,2834,Health Care
ABVX,Abivax SA - American Depositary Shares,NASDAQ,N,1956827.0,2834,Health Care
ABX,"Abacus Global Management, Inc. Class A Common Stock",NYSE,,1814287.0,6282,Financials
ACA,"Arcosa, Inc. Common Stock",NYSE,,1739445.0,3440,Industrials
ACAA,Averin Capital Acquisition Corp. - Class A Ordinary Shares,NASDAQ,N,2096900.0,6770,Financials
ACAD,ACADIA Pharmaceuticals Inc. - Common Stock,NASDAQ,N,1070494.0,2834,Health Care
ACB,Aurora Cannabis Inc. - Common Shares,NASDAQ,N,1683541.0,2833,Health Care
ACCL,Acco Group Holdings Limited - Class A Ordinary Shares,NASDAQ,N,2038378.0,8742,Industrials
ACCO,Acco Brands Corporation Common Stock,NYSE,,712034.0,2780,Communication
ACCS,ACCESS Newswire Inc. Common Stock,AMEX,,843006.0,8742,Industrials
ACDC,ProFrac Holding Corp. - Class A Common Stock,NASDAQ,N,1881487.0,1389,Energy
ACEL,"Accel Entertainment, Inc.",NYSE,,1698991.0,7900,Communication
ACET,"Adicet Bio, Inc. - Common Stock",NASDAQ,N,1720580.0,2834,Health Care
ACFN,"Acorn Energy, Inc. - Common Stock",NASDAQ,N,880984.0,8711,Industrials
ACGC,ACP Holdings Acquisition Corp. - Class A Ordinary Shares,NASDAQ,N,2111542.0,6770,Financials
ACGL,Arch Capital Group Ltd. - Common Stock,NASDAQ,N,947484.0,6331,Insurance
ACH,"Accendra Health, Inc. Common Stock",NYSE,,75252.0,5047,Industrials
ACHC,"Acadia Healthcare Company, Inc. - Common Stock",NASDAQ,N,1520697.0,8093,Health Care
ACHR,Archer Aviation Inc. Class A Common Stock,NYSE,,1824502.0,3721,Industrials
ACHV,"Achieve Life Sciences, Inc.  - Common Shares",NASDAQ,N,949858.0,2835,Health Care
ACI,"Albertsons Companies, Inc. Class A Common Stock",NYSE,,1646972.0,5411,Consumer Staples
ACIC,American Coastal Insurance Corporation - Common Stock,NASDAQ,N,1401521.0,6331,Insurance
ACIU,AC Immune SA - Common Stock,NASDAQ,N,1651625.0,2834,Health Care
ACIW,"ACI Worldwide, Inc. - Common Stock",NASDAQ,N,935036.0,7372,Technology
ACLS,"Axcelis Technologies, Inc. - Common Stock",NASDAQ,N,1113232.0,3559,Industrials
ACM,AECOM Common Stock,NYSE,,868857.0,8711,Industrials
ACMR,"ACM Research, Inc. - Class A Common Stock",NASDAQ,N,1680062.0,3559,Industrials
ACN,Accenture plc Class A Ordinary Shares (Ireland),NYSE,,1467373.0,7389,Industrials
ACNB,ACNB Corporation - Common Stock,NASDAQ,N,715579.0,6022,Financials
ACNT,Ascent Industries Co. - Common Stock,NASDAQ,N,95953.0,2800,Materials
ACOG,Alpha Cognition Inc. - Common Stock,NASDAQ,N,1655923.0,2836,Health Care
ACON,"Aclarion, Inc. - Common Stock",NASDAQ,N,1635077.0,8071,Health Care
ACP,abrdn Income Credit Strategies Fund Common Shares,NYSE,,1503290.0,,
ACR,ACRES Commercial Realty Corp. Common Stock,NYSE,,1332551.0,6798,Real Estate
ACRE,Ares Commercial Real Estate Corporation Common Stock,NYSE,,1529377.0,6798,Real Estate
ACRS,"Aclaris Therapeutics, Inc. - Common Stock",NASDAQ,N,1557746.0,2834,Health Care
ACRV,"Acrivon Therapeutics, Inc. - Common Stock",NASDAQ,N,1781174.0,2834,Health Care
ACT,"Enact Holdings, Inc. - Common Stock",NASDAQ,N,1823529.0,6411,Insurance
ACTG,Acacia Research Corporation - Common Stock,NASDAQ,N,934549.0,6794,Financials
ACTU,"Actuate Therapeutics, Inc. - Common stock",NASDAQ,D,1652935.0,2834,Health Care
ACU,Acme United Corporation. Common Stock,AMEX,,2098.0,3420,Industrials
ACV,Virtus Diversified Income & Convertible Fund Common Shares of Beneficial Interest,NYSE,,1636289.0,,
ACVA,ACV Auctions Inc. Class A Common Stock,NYSE,,1637873.0,7389,Industrials
ACXP,"Acurx Pharmaceuticals, Inc. - Common Stock",NASDAQ,N,1736243.0,2834,Health Care
AD,"Array Digital Infrastructure, Inc. Common Shares",NYSE,,821130.0,4812,Communication
ADAC,American Drive Acquisition Company - Class A Ordinary Shares,NASDAQ,N,2083002.0,6770,Financials
ADAG,"Adagene Inc. - ADS, each representing 1.25 ordinary shares",NASDAQ,N,1818838.0,2834,Health Care
ADAM,"Adamas Trust, Inc. - Common Stock",NASDAQ,N,1273685.0,6798,Real Estate
ADBE,Adobe Inc. - Common Stock,NASDAQ,N,796343.0,7372,Technology
ADBT,"Advasa Holdings, Inc. - Common stock",NASDAQ,N,2084227.0,7372,Technology
ADC,Agree Realty Corporation Common Stock,NYSE,,917251.0,6798,Real Estate
ADCT,ADC Therapeutics SA Common Shares,NYSE,,1771910.0,2834,Health Care
ADEA,Adeia Inc.  - Common Stock,NASDAQ,N,1803696.0,4841,Communication
ADGM,"Adagio Medical Holdings, Inc - Common Stock",NASDAQ,D,2006986.0,3841,Health Care
ADI,"Analog Devices, Inc. - Common Stock",NASDAQ,N,6281.0,3674,Technology
ADIG,ADI Global Distribution Inc. Common Stock,NYSE,,2105139.0,5072,Industrials
ADIL,"Adial Pharmaceuticals, Inc - Common Stock",NASDAQ,D,1513525.0,2834,Health Care
ADM,Archer-Daniels-Midland Company Common Stock,NYSE,,7084.0,2070,Consumer Staples
ADMA,ADMA Biologics Inc - Common Stock,NASDAQ,N,1368514.0,2836,Health Care
ADNT,Adient plc Ordinary Shares,NYSE,,1670541.0,3714,Industrials
ADP,"Automatic Data Processing, Inc. - Common Stock",NASDAQ,N,8670.0,7374,Technology
ADPT,Adaptive Biotechnologies Corporation - Common Stock,NASDAQ,N,1478320.0,2836,Health Care
ADSE,ADS-TEC ENERGY PLC - Ordinary Shares,NASDAQ,N,1879248.0,3690,Industrials
ADSK,"Autodesk, Inc. - Common Stock",NASDAQ,N,769397.0,7372,Technology
ADT,ADT Inc. Common Stock,NYSE,,1703056.0,7381,Industrials
ADTN,"ADTRAN Holdings, Inc. - Common Stock",NASDAQ,N,926282.0,3661,Technology
ADUR,Aduro Clean Technologies Inc. - Common Stock,NASDAQ,N,1863934.0,2800,Materials
ADUS,Addus HomeCare Corporation - Common Stock,NASDAQ,N,1468328.0,8082,Health Care
ADV,Advantage Solutions Inc.  - Class A Common Stock,NASDAQ,N,1776661.0,7389,Industrials
ADVB,Advanced Biomed Inc. - Common Stock,NASDAQ,N,1941029.0,8071,Health Care
ADX,Adams Diversified Equity Fund Inc.,NYSE,,2230.0,,
ADXN,Addex Therapeutics Ltd - American Depositary Shares,NASDAQ,N,1574232.0,2834,Health Care
AEAQ,Activate Energy Acquisition Corp. - Class A Ordinary Share,NASDAQ,N,2083689.0,6770,Financials
AEBI,Aebi Schmidt Holding AG - Common Stock,NASDAQ,N,2048519.0,3531,Industrials
AEC,Anfield Energy Inc. - Common Shares,NASDAQ,N,1519469.0,1000,Materials
AEE,Ameren Corporation Common Stock,NYSE,,1002910.0,4931,Utilities
AEF,"abrdn Emerging Markets ex-China Fund, Inc. Common Stock",AMEX,,846676.0,,
AEG,Aegon Ltd. New York Registry Shares,NYSE,,769218.0,6311,Insurance
AEHL,Antelope Enterprise Holdings Limited - Class A Ordinary Shares,NASDAQ,N,1470683.0,4899,Communication
AEHR,Aehr Test Systems - Common Stock,NASDAQ,N,1040470.0,3825,Industrials
AEI,Alset Inc. - Common Stock,NASDAQ,N,1750106.0,6500,Real Estate
AEIS,"Advanced Energy Industries, Inc. - Common Stock",NASDAQ,N,927003.0,3679,Industrials
AEM,Agnico Eagle Mines Limited Common Stock,NYSE,,2809.0,1040,Materials
AEMD,"Aethlon Medical, Inc. - Common Stock",NASDAQ,N,882291.0,3841,Health Care
AENT,Alliance Entertainment Holding Corporation - common stock,NASDAQ,N,1823584.0,5099,Industrials
AEO,"American Eagle Outfitters, Inc. Common Stock",NYSE,,919012.0,5651,Consumer Discretionary
AEON,"AEON Biopharma, Inc. Class A Common Stock",AMEX,,1837607.0,2834,Health Care
AEP,"American Electric Power Company, Inc. - Common Stock",NASDAQ,N,4904.0,4911,Utilities
AER,AerCap Holdings N.V. Ordinary Shares,NYSE,,1378789.0,7359,Industrials
AERO,"Grupo Aeromexico, S.A.B. de C.V. American Depositary Shares (each representing ten (10) Common Shares)",NYSE,,1561861.0,4512,Transport
AERT,"Aeries Technology, Inc. - Class A Ordinary Share",NASDAQ,N,1853044.0,8742,Industrials
AES,The AES Corporation Common Stock,NYSE,,874761.0,4991,Utilities
AESI,Atlas Energy Solutions Inc. Common Stock,NYSE,,1984060.0,1311,Energy
AESP,Aeon Acquisition I Corp. - Class A Ordinary Shares,NASDAQ,N,2082526.0,6770,Financials
AEVA,"Aeva Technologies, Inc. - Common Stock",NASDAQ,N,1789029.0,3714,Industrials
AEXA,American Exceptionalism Acquisition Corp. A Class A Ordinary Shares,NYSE,,2079173.0,6770,Financials
AEYE,"AudioEye, Inc. - Common Stock",NASDAQ,N,1362190.0,7372,Technology
AFB,AllianceBernstein National Municipal Income Fund Inc,NYSE,,1162027.0,,
AFCG,Advanced Flower Capital Inc. - Common Stock,NASDAQ,N,1822523.0,6500,Real Estate
AFG,"American Financial Group, Inc. Common Stock",NYSE,,1042046.0,6331,Insurance
AFJK,"Aimei Health Technology Co., Ltd - Ordinary Share",NASDAQ,D,1979005.0,6770,Financials
AFL,AFLAC Incorporated Common Stock,NYSE,,4977.0,6321,Insurance
AFRI,Forafric Global PLC - Ordinary Shares,NASDAQ,N,1903870.0,2040,Consumer Staples
AFRM,"Affirm Holdings, Inc. - Class A Common Stock",NASDAQ,N,1820953.0,6141,Financials
AFYA,Afya Limited - Class A Common Shares,NASDAQ,N,1771007.0,8200,Consumer Discretionary
AG,First Majestic Silver Corp. Ordinary Shares (Canada),NYSE,,1308648.0,1040,Materials
AGBK,AGI Inc Class A Common Shares,NYSE,,2081206.0,6029,Financials
AGCC,Agencia Comercial Spirits Ltd - Class A Ordinary Share,NASDAQ,N,2060016.0,5180,Industrials
AGCO,AGCO Corporation Common Stock,NYSE,,880266.0,3523,Industrials
AGD,abrdn Global Dynamic Dividend Fund Common Shares of Beneficial Interest,NYSE,,1362481.0,,
AGEN,Agenus Inc. - Common Stock,NASDAQ,N,1098972.0,2836,Health Care
AGI,Alamos Gold Inc. Class A Common Shares,NYSE,,1178819.0,1040,Materials
AGIG,Abundia Global Impact Group Inc. Common stock,AMEX,,1156041.0,1311,Energy
AGIO,"Agios Pharmaceuticals, Inc. - Common Stock",NASDAQ,N,1439222.0,2834,Health Care
AGL,"agilon health, inc. Common Stock",NYSE,,1831097.0,8090,Health Care
AGM,Federal Agricultural Mortgage Corporation Common Stock,NYSE,,845877.0,6111,Financials
AGMB,AgomAb Therapeutics NV - ADRs representing one common share.,NASDAQ,N,2020932.0,2836,Health Care
AGMH,AGM Group Holdings Inc. - Class A Ordinary Shares,NASDAQ,N,1705402.0,7371,Technology
AGNC,AGNC Investment Corp. - Common Stock,NASDAQ,N,1423689.0,6798,Real Estate
AGNT,"AGNT, Inc. - Common Stock",NASDAQ,N,1495932.0,6531,Real Estate
AGO,Assured Guaranty Ltd. Common Stock,NYSE,,1273813.0,6351,Insurance
AGPU,Axe Compute Inc. - Common Stock,NASDAQ,N,1446159.0,6199,
AGRO,Adecoagro S.A. Common Shares,NYSE,,1499505.0,100,Consumer Staples
AGRZ,Agroz Inc. - Class A Ordinary Shares,NASDAQ,H,2009233.0,100,Consumer Staples
AGX,"Argan, Inc. Common Stock",NYSE,,100591.0,1700,Industrials
AGYS,"Agilysys, Inc. - Common Stock",NASDAQ,N,78749.0,7373,Technology
AHCO,AdaptHealth Corp.  - Common Stock,NASDAQ,N,1725255.0,8082,Health Care
AHG,Akso Health Group - American Depositary Shares,NASDAQ,N,1702318.0,7389,Industrials
AHMA,Ambitions Enterprise Management Co. L.L.C - Class A Ordinary Shares,NASDAQ,N,2010959.0,7900,Communication
AHR,"American Healthcare REIT, Inc. Common Stock",NYSE,,1632970.0,6798,Real Estate
AHRT,"AH Realty Trust, Inc. Common Stock",NYSE,,1569187.0,6500,Real Estate
AHT,Ashford Hospitality Trust Inc Common Stock,NYSE,,1232582.0,6798,Real Estate
AI,"C3.ai, Inc. Class A Common Stock",NYSE,,1577526.0,7372,Technology
AIAI,AIAI Holdings Corporation - Class A common stock,NASDAQ,N,2096362.0,7374,Technology
AIB,AIB Data Centers Inc. Common Stock,AMEX,,2070542.0,6221,Financials
AIBZ,Bitzero Holdings Inc. - Common Shares,NASDAQ,N,2100457.0,6199,
AIDX,"20/20 Biolabs, Inc. - Common Stock",NASDAQ,D,1139685.0,8734,Industrials
AIFA,"All In FutureTech Alliance, Inc. - Common Stock",NASDAQ,N,1708341.0,7900,Communication
AIFC,AI Financial Corporation - Common Stock,NASDAQ,D,862861.0,6221,Financials
AIFF,"Firefly Neuroscience, Inc.  - Common Stock",NASDAQ,N,803578.0,7372,Technology
AIFU,AIFU Inc. - Class A Ordinary Share,NASDAQ,N,1413855.0,6411,Insurance
AIG,"American International Group, Inc. New Common Stock",NYSE,,5272.0,6331,Insurance
AII,"American Integrity Insurance Group, Inc. Common Stock",NYSE,,2007587.0,6331,Insurance
AIIA,AI Infrastructure Acquisition Corp. Class A Ordinary Shares,NYSE,,2073553.0,6770,Financials
AIIO,Robo.ai Inc. - Class B Ordinary Shares,NASDAQ,N,1932737.0,3711,Industrials
AIIR,Air Global PLC - Ordinary shares,NASDAQ,N,2097725.0,2100,Consumer Staples
AIM,AIM ImmunoTech Inc. Common Stock,AMEX,,946644.0,2836,Health Care
AIMD,"Ainos, Inc. - Common Stock",NASDAQ,N,1014763.0,3577,Technology
AIN,Albany International Corporation Common Stock,NYSE,,819793.0,2221,Consumer Discretionary
AIO,Virtus Artificial Intelligence & Technology Opportunities Fund Common Shares of Beneficial Interest,NYSE,,1778114.0,,
AIOS,AIOS Tech Inc. - Class A Common Shares,NASDAQ,N,1603993.0,3490,Industrials
AIOT,"PowerFleet, Inc. - Common Stock",NASDAQ,N,1774170.0,3669,Technology
AIP,"Arteris, Inc.  - Common Stock",NASDAQ,N,1667011.0,3674,Technology
AIR,AAR Corp. Common Stock,NYSE,,1750.0,3720,Industrials
AIRE,reAlpha Tech Corp. - Common Stock,NASDAQ,N,1859199.0,6500,Real Estate
AIRG,"Airgain, Inc. - Common Stock",NASDAQ,N,1272842.0,3663,Technology
AIRI,Air Industries Group Common Stock,AMEX,,1009891.0,3728,Industrials
AIRJ,AirJoule Technologies Corporation - Class A Common Stock,NASDAQ,N,1855474.0,3585,Industrials
AIRO,"AIRO Group Holdings, Inc. - Common Stock",NASDAQ,N,1927958.0,3721,Industrials
AIRS,"AirSculpt Technologies, Inc. - Common Stock",NASDAQ,N,1870940.0,8011,Health Care
AIRT,"Air T, Inc. - Common Stock",NASDAQ,N,353184.0,4513,Transport
AISP,"Airship AI Holdings, Inc - Class A Common Stock",NASDAQ,N,1842566.0,7372,Technology
AIT,"Applied Industrial Technologies, Inc. Common Stock",NYSE,,109563.0,5080,Industrials
AIV,Apartment Investment and Management Company Common Stock,NYSE,,922864.0,6798,Real Estate
AIXC,"AIxCrypto Holdings, Inc. - Common Stock",NASDAQ,N,1460702.0,6199,
AIXI,XIAO-I Corporation - American Depositary Shares,NASDAQ,D,1935172.0,7372,Technology
AIZ,"Assurant, Inc. Common Stock",NYSE,,1267238.0,6399,Insurance
AJG,Arthur J. Gallagher & Co. Common Stock,NYSE,,354190.0,6411,Insurance
AKA,a.k.a. Brands Holding Corp. Common Stock,NYSE,,1865107.0,5961,Consumer Discretionary
AKAM,"Akamai Technologies, Inc. - Common Stock",NASDAQ,N,1086222.0,7389,Industrials
AKAN,Akanda Corp. - Common Shares,NASDAQ,D,1888014.0,2833,Health Care
AKBA,"Akebia Therapeutics, Inc. - Common Stock",NASDAQ,N,1517022.0,2834,Health Care
AKR,Acadia Realty Trust Common Stock,NYSE,,899629.0,6798,Real Estate
AKTS,"Aktis Oncology, Inc. - Common stock",NASDAQ,N,2035832.0,2834,Health Care
AKTX,Akari Therapeutics Plc - American Depositary Shares,NASDAQ,N,1541157.0,2834,Health Care
ALAB,"Astera Labs, Inc. - Common Stock",NASDAQ,N,1736297.0,3674,Technology
ALAR,Alarum Technologies Ltd. - American Depositary Shares,NASDAQ,N,1725332.0,7372,Technology
ALB,Albemarle Corporation Common Stock,NYSE,,915913.0,2821,Materials
ALC,Alcon Inc. Ordinary Shares,NYSE,,1167379.0,3851,Health Care
ALCO,"Alico, Inc. - Common Stock",NASDAQ,N,3545.0,100,Consumer Staples
ALDF,Aldel Financial II Inc. - Class A Ordinary Shares,NASDAQ,D,2031561.0,6770,Financials
ALDX,"Aldeyra Therapeutics, Inc. - Common Stock",NASDAQ,N,1341235.0,2834,Health Care
ALEC,"Alector, Inc. - Common Stock",NASDAQ,N,1653087.0,2836,Health Care
ALF,Centurion Acquisition Corp. - Class A Ordinary Shares,NASDAQ,N,2010930.0,6770,Financials
ALG,"Alamo Group, Inc. Common Stock",NYSE,,897077.0,3523,Industrials
ALGM,"Allegro MicroSystems, Inc. - Common Stock",NASDAQ,N,866291.0,3674,Technology
ALGN,"Align Technology, Inc. - Common Stock",NASDAQ,N,1097149.0,3842,Health Care
ALGS,"Aligos Therapeutics, Inc. - Common stock",NASDAQ,N,1799448.0,2836,Health Care
ALGT,Allegiant Travel Company - Common Stock,NASDAQ,N,1362468.0,4512,Transport
ALH,Alliance Laundry Holdings Inc. Common Stock,NYSE,,1317685.0,3580,Industrials
ALHC,"Alignment Healthcare, Inc. - Common Stock",NASDAQ,N,1832466.0,6324,Insurance
ALIS,Calisa Acquisition Corp - Ordinary shares,NASDAQ,D,2026767.0,7374,Technology
ALIT,"Alight, Inc. Class A Common Stock",NYSE,,1809104.0,7389,Industrials
ALK,"Alaska Air Group, Inc. Common Stock",NYSE,,766421.0,4512,Transport
ALKS,Alkermes plc - Ordinary Shares,NASDAQ,N,1520262.0,2834,Health Care
ALKT,"Alkami Technology, Inc. - Common Stock",NASDAQ,N,1529274.0,7372,Technology
ALL,Allstate Corporation (The) Common Stock,NYSE,,899051.0,6331,Insurance
ALLE,Allegion plc Ordinary Shares,NYSE,,1579241.0,7381,Industrials
ALLO,"Allogene Therapeutics, Inc. - Common Stock",NASDAQ,N,1737287.0,2836,Health Care
ALLR,"Allarity Therapeutics, Inc. - Common stock",NASDAQ,N,1860657.0,2834,Health Care
ALLT,Allot Ltd. - Ordinary Shares,NASDAQ,N,1365767.0,3576,Technology
ALLY,Ally Financial Inc. Common Stock,NYSE,,40729.0,6022,Financials
ALM,Almonty Industries Inc. - Common Shares,NASDAQ,N,1670061.0,1000,Materials
ALMR,"Alamar Biosciences, Inc. - Class A common stock",NASDAQ,N,2104204.0,3826,Health Care
ALMS,Alumis Inc. - Common Stock,NASDAQ,N,1847367.0,2834,Health Care
ALMU,"Aeluma, Inc. - Common Stock",NASDAQ,N,1828805.0,3674,Technology
ALNT,Allient Inc. - Common Stock,NASDAQ,N,46129.0,3825,Industrials
ALNY,"Alnylam Pharmaceuticals, Inc. - Common Stock",NASDAQ,N,1178670.0,2834,Health Care
ALOV,"Aldabra 4 Liquidity Opportunity Vehicle, Inc. - Class A Ordinary Shares",NASDAQ,N,2083989.0,6770,Financials
ALOY,REalloys Inc. - Common Stock,NASDAQ,N,1567900.0,1000,Materials
ALP,Alpha Compute Corp  - Ordinary Shares,NASDAQ,D,1095435.0,6199,
ALPS,ALPS Group Inc - Ordinary Share,NASDAQ,D,2025774.0,8000,Health Care
ALPX,Alpex Acquisition Corporation - Class A Ordinary Shares,NASDAQ,N,2125551.0,6770,Financials
ALRM,"Alarm.com Holdings, Inc. - Common Stock",NASDAQ,N,1459200.0,7372,Technology
ALRS,Alerus Financial Corporation - Common Stock,NASDAQ,N,903419.0,6021,Financials
ALSN,"Allison Transmission Holdings, Inc. Common Stock",NYSE,,1411207.0,3714,Industrials
ALT,"Altimmune, Inc. - Common Stock",NASDAQ,N,1326190.0,2834,Health Care
ALTG,Alta Equipment Group Inc. Class A Common Stock,NYSE,,1759824.0,5084,Industrials
ALTI,"AlTi Global, Inc. - Class A Common Stock",NASDAQ,N,1838615.0,6282,Financials
ALTO,"Alto Ingredients, Inc. - Common Stock",NASDAQ,N,778164.0,2860,Materials
ALUB,Alussa Energy Acquisition Corp. II Class A Ordinary Shares,NYSE,,2041493.0,6770,Financials
ALV,"Autoliv, Inc. Common Stock",NYSE,,1034670.0,3714,Industrials
ALVO,Alvotech - Ordinary Shares,NASDAQ,N,1898416.0,2836,Health Care
ALX,"Alexander's, Inc. Common Stock",NYSE,,3499.0,6798,Real Estate
ALXO,ALX Oncology Holdings Inc. - Common Stock,NASDAQ,N,1810182.0,2834,Health Care
ALZN,"Alzamend Neuro, Inc. - Common Stock",NASDAQ,D,1677077.0,2834,Health Care
AM,Antero Midstream Corporation Common Stock,NYSE,,1623925.0,4922,Utilities
AMAC,AMR Resources Acquisition Corp - Class A Ordinary Shares,NASDAQ,N,2110119.0,6770,Financials
AMAL,Amalgamated Financial Corp. - Common Stock,NASDAQ,N,1823608.0,6022,Financials
AMAN,Amanat Acquisition Corp - Class A Ordinary Shares,NASDAQ,N,2112457.0,6770,Financials
AMAT,"Applied Materials, Inc. - Common Stock",NASDAQ,N,6951.0,3674,Technology
AMBA,"Ambarella, Inc. - Ordinary Shares",NASDAQ,N,1280263.0,3674,Technology
AMBO,Ambow Education Holding Ltd. American Depository Shares (each representing twenty (20) Class A Ordinary Shares),AMEX,,1494558.0,8200,Consumer Discretionary
AMBP,Ardagh Metal Packaging S.A. Ordinary Shares,NYSE,,1845097.0,3411,Industrials
AMBQ,"Ambiq Micro, Inc. Common Stock",NYSE,,1500412.0,3674,Technology
AMBR,Amber International Holding Limited - American Depositary Shares,NASDAQ,N,1697818.0,6199,
AMC,"AMC Entertainment Holdings, Inc. Class A Common Stock",NYSE,,1411579.0,7830,Communication
AMCI,AMC Robotics Corporation - Common Stock,NASDAQ,N,1937891.0,5700,Consumer Discretionary
AMCR,Amcor plc Ordinary Shares,NYSE,,1748790.0,3990,Consumer Discretionary
AMCX,AMC Global Media Inc. - Class A Common Stock,NASDAQ,N,1514991.0,4841,Communication
AMD,"Advanced Micro Devices, Inc. - Common Stock",NASDAQ,N,2488.0,3674,Technology
AME,"AMETEK, Inc.",NYSE,,1037868.0,3823,Industrials
AMG,"Affiliated Managers Group, Inc. Common Stock",NYSE,,1004434.0,6282,Financials
AMGN,Amgen Inc. - Common Stock,NASDAQ,N,318154.0,2836,Health Care
AMH,American Homes 4 Rent Common Shares of Beneficial Interest,NYSE,,1562401.0,6798,Real Estate
AMIX,"Autonomix Medical, Inc. - Common Stock",NASDAQ,N,1617867.0,3841,Health Care
AMKR,"Amkor Technology, Inc. - Common Stock",NASDAQ,N,1047127.0,3674,Technology
AMLX,"Amylyx Pharmaceuticals, Inc. - Common Stock",NASDAQ,N,1658551.0,2834,Health Care
AMN,AMN Healthcare Services Inc,NYSE,,1142750.0,7363,Industrials
AMOD,"Alpha Modus Holdings, Inc. - Class A Common Stock",NASDAQ,D,1862463.0,6794,Financials
AMP,"Ameriprise Financial, Inc. Common Stock",NYSE,,820027.0,6282,Financials
AMPG,"Amplitech Group, Inc. - Common Stock",NASDAQ,N,1518461.0,3669,Technology
AMPGZ,"Amplitech Group, Inc. - Series B Right",NASDAQ,N,1518461.0,3669,Technology
AMPH,"Amphastar Pharmaceuticals, Inc. - Common Stock",NASDAQ,N,1297184.0,2834,Health Care
AMPL,"Amplitude, Inc. - Class A Common Stock",NASDAQ,N,1866692.0,7372,Technology
AMPX,"Amprius Technologies, Inc. Common Stock",NYSE,,1899287.0,3690,Industrials
AMPY,Amplify Energy Corp. Common Stock,NYSE,,1533924.0,1311,Energy
AMR,"Alpha Metallurgical Resources, Inc. Common Stock",NYSE,,1704715.0,1221,Energy
AMRC,"Ameresco, Inc. Class A Common Stock",NYSE,,1488139.0,1700,Industrials
AMRN,Amarin Corporation plc - American Depositary Shares,NASDAQ,N,897448.0,2834,Health Care
AMRX,"Amneal Pharmaceuticals, Inc. - Class A Common Stock",NASDAQ,N,1723128.0,2834,Health Care
AMRZ,Amrize Ltd Ordinary Shares,NYSE,,2035989.0,3241,Materials
AMS,American Shared Hospital Services Common Stock,AMEX,,744825.0,8071,Health Care
AMSC,American Superconductor Corporation - Common Stock,NASDAQ,N,880807.0,3621,Industrials
AMSF,"AMERISAFE, Inc. - Common Stock",NASDAQ,N,1018979.0,6331,Insurance
AMSS,AMASS Brands Inc. - Common Stock,NASDAQ,D,1851491.0,2080,Consumer Staples
AMST,Amesite Inc. - Common Stock,NASDAQ,N,1807166.0,7372,Technology
AMT,American Tower Corporation (REIT) Common Stock,NYSE,,1053507.0,6798,Real Estate
AMTB,Amerant Bancorp Inc. Class A Common Stock,NYSE,,1734342.0,6021,Financials
AMTD,"AMTD IDEA Group American Depositary Shares, each representing six (6) Class A Ordinary Shares",NYSE,,1769731.0,6199,
AMTM,"Amentum Holdings, Inc. Common Stock",NYSE,,2011286.0,7389,Industrials
AMTX,"Aemetis, Inc - Common Stock",NASDAQ,N,738214.0,2860,Materials
AMWL,American Well Corporation Class A Common Stock,NYSE,,1393584.0,7389,Industrials
AMX,"America Movil, S.A.B. de C.V. American Depositary Shares (each representing the right to receive twenty (20) Series B Shares",NYSE,,1129137.0,4813,Communication
AMZE,"Amaze Holdings, Inc. Common Stock",AMEX,,1880343.0,5961,Consumer Discretionary
AMZN,"Amazon.com, Inc. - Common Stock",NASDAQ,N,1018724.0,5961,Consumer Discretionary
AN,"AutoNation, Inc. Common Stock",NYSE,,350698.0,5500,Consumer Discretionary
ANAB,"AnaptysBio, Inc. - Common Stock",NASDAQ,N,1370053.0,2834,Health Care
ANDE,"The Andersons, Inc. - Common Stock",NASDAQ,N,821026.0,5150,Industrials
ANDG,Andersen Group Inc. Class A Common Stock,NYSE,,2065708.0,7389,Industrials
ANET,"Arista Networks, Inc. Common Stock",NYSE,,1596532.0,3576,Technology
ANF,Abercrombie & Fitch Company Common Stock,NYSE,,1018840.0,5651,Consumer Discretionary
ANGH,Anghami Inc. - Ordinary Shares,NASDAQ,N,1871983.0,4899,Communication
ANGI,Angi Inc. - Class A Common Stock,NASDAQ,N,1705110.0,7310,Industrials
ANGO,"AngioDynamics, Inc. - Common Stock",NASDAQ,N,1275187.0,3841,Health Care
ANGX,"Angel Studios, Inc. Class A Common Stock",NYSE,,1865200.0,7812,Communication
ANIK,Anika Therapeutics Inc. - Common Stock,NASDAQ,N,898437.0,3841,Health Care
ANIP,"ANI Pharmaceuticals, Inc. - Common Stock",NASDAQ,N,1023024.0,2834,Health Care
ANIX,"Anixa Biosciences, Inc. - Common Stock",NASDAQ,N,715446.0,2834,Health Care
ANL,Adlai Nortye Group Ltd. - American Depositary Shares,NASDAQ,N,1944552.0,2834,Health Care
ANNA,"AleAnna, Inc. - Class A Common Stock",NASDAQ,N,1845123.0,1311,Energy
ANNX,"Annexon, Inc. - common stock",NASDAQ,N,1528115.0,2834,Health Care
ANPA,Rich Sparkle Holdings Limited - Ordinary Shares,NASDAQ,N,2031688.0,7380,Industrials
ANRO,"Alto Neuroscience, Inc. Common Stock",NYSE,,1999480.0,2834,Health Care
ANTA,Antalpha Platform Holding Company - Class A Ordinary Shares,NASDAQ,N,2044255.0,6221,Financials
ANTX,"AN2 Therapeutics, Inc. - Common Stock",NASDAQ,N,1880438.0,2834,Health Care
ANVS,"Annovis Bio, Inc. Common Stock",NYSE,,1477845.0,2834,Health Care
AOD,abrdn Total Dynamic Dividend Fund Common Shares of Beneficial Interest,NYSE,,1379400.0,,
AOMR,"Angel Oak Mortgage REIT, Inc. Common Stock",NYSE,,1766478.0,6500,Real Estate
AON,Aon plc Class A Ordinary Shares (Ireland),NYSE,,315293.0,6411,Insurance
AORT,"Artivion, Inc. Common Stock",NYSE,,784199.0,3841,Health Care
AOS,A.O. Smith Corporation Common Stock,NYSE,,91142.0,3630,Industrials
AOSL,Alpha and Omega Semiconductor Limited - Common Shares,NASDAQ,N,1387467.0,3674,Technology
AOUT,"American Outdoor Brands, Inc. - Common Stock",NASDAQ,N,1808997.0,3949,Consumer Discretionary
AP,Ampco-Pittsburgh Corporation Common Stock,NYSE,,6176.0,3561,Industrials
APA,APA Corporation - Common Stock,NASDAQ,N,1841666.0,1311,Energy
APAC,StoneBridge Acquisition II Corporation - Class A Ordinary Shares,NASDAQ,N,2043630.0,6770,Financials
APAM,Artisan Partners Asset Management Inc. Class A Common Stock,NYSE,,1517302.0,6282,Financials
APC,ARKO Petroleum Corp. - Class A Common Stock,NASDAQ,N,2080921.0,5172,Industrials
APD,"Air Products and Chemicals, Inc. Common Stock",NYSE,,2969.0,2810,Materials
APEI,"American Public Education, Inc. - Common Stock",NASDAQ,N,1201792.0,8200,Consumer Discretionary
APG,APi Group Corporation Common Stock,NYSE,,1796209.0,7340,Industrials
APH,Amphenol Corporation Common Stock,NYSE,,820313.0,3678,Industrials
API,"Agora, Inc. - ADS",NASDAQ,N,1802883.0,7372,Technology
APLD,Applied Digital Corporation - Common Stock,NASDAQ,N,1144879.0,7374,Technology
APLE,"Apple Hospitality REIT, Inc. Common Shares",NYSE,,1418121.0,6798,Real Estate
APLM,Apollomics Inc. - Class A Ordinary Shares,NASDAQ,N,1944885.0,2834,Health Care
APMC,AmperCap Acquisition Company - Ordinary Shares,NASDAQ,N,2101393.0,6770,Financials
APMD,"Apnimed, Inc. - Common Stock",NASDAQ,N,1745648.0,2834,Health Care
APO,"Apollo Global Management, Inc. (New) Common Stock",NYSE,,1858681.0,6282,Financials
APOG,"Apogee Enterprises, Inc. - Common Stock",NASDAQ,N,6845.0,3231,Materials
APP,Applovin Corporation - Class A Common Stock,NASDAQ,N,1751008.0,7370,Technology
APPF,"AppFolio, Inc. - Class A Common Stock",NASDAQ,N,1433195.0,7372,Technology
APPN,Appian Corporation - Class A Common Stock,NASDAQ,N,1441683.0,7372,Technology
APPS,"Digital Turbine, Inc. - Common Stock",NASDAQ,N,317788.0,6794,Financials
APRE,"Aprea Therapeutics, Inc. - Common Stock",NASDAQ,D,1781983.0,2834,Health Care
APT,"Alpha Pro Tech, Ltd. Common Stock",AMEX,,884269.0,3842,Health Care
APTV,Aptiv PLC Ordinary Shares,NYSE,,1521332.0,3714,Industrials
APUR,Aperture AC - Class A Ordinary Shares,NASDAQ,N,2093524.0,6770,Financials
APUS,"Apimeds Pharmaceuticals US, Inc. Common Stock",AMEX,,1894525.0,2834,Health Care
APVO,Aptevo Therapeutics Inc. - Common Stock,NASDAQ,N,1671584.0,2834,Health Care
APWC,"Asia Pacific Wire & Cable Corporation Limited  - Common shares, Par value .01 per share",NASDAQ,N,1026980.0,3357,Materials
APXT,Apex Treasury Corporation - Class A Ordinary Share,NASDAQ,N,2079253.0,6770,Financials
APYX,Apyx Medical Corporation - Common Stock,NASDAQ,N,719135.0,3841,Health Care
AQB,"AquaBounty Technologies, Inc. - Common Stock",NASDAQ,N,1603978.0,900,Consumer Staples
AQMS,"Aqua Metals, Inc. - Common Stock",NASDAQ,N,1621832.0,3341,Materials
AQN,Algonquin Power & Utilities Corp. Common Shares,NYSE,,1174169.0,4911,Utilities
AQST,"Aquestive Therapeutics, Inc. - Common Stock",NASDAQ,N,1398733.0,2834,Health Care
AR,Antero Resources Corporation Common Stock,NYSE,,1433270.0,1311,Energy
ARAI,Arrive AI Inc. - Common Stock,NASDAQ,D,1818274.0,7340,Industrials
ARAY,Accuray Incorporated - Common Stock,NASDAQ,D,1138723.0,3841,Health Care
ARBB,ARB IOT Group Limited - Ordinary Shares,NASDAQ,N,1930179.0,7373,Technology
ARBE,Arbe Robotics Ltd. - Ordinary Shares,NASDAQ,D,1861841.0,7373,Technology
ARBK,Argo Blockchain plc - American Depositary Shares,NASDAQ,N,1841675.0,6199,
ARCB,ArcBest Corporation - Common Stock,NASDAQ,N,894405.0,4213,Transport
ARCC,Ares Capital Corporation - Closed End Fund,NASDAQ,N,1287750.0,,
ARCI,Archimedes Tech SPAC Partners III Co. - Ordinary Share,NASDAQ,N,2083910.0,6770,Financials
ARCL,ARC Group Acquisition I Corp - Class A Ordinary Shares,NASDAQ,N,2073515.0,6770,Financials
ARCO,Arcos Dorados Holdings Inc. Class A Shares,NYSE,,1508478.0,5812,Consumer Discretionary
ARCT,Arcturus Therapeutics Holdings Inc. - Common Stock,NASDAQ,N,1768224.0,2834,Health Care
ARDC,"Ares Dynamic Credit Allocation Fund, Inc. Common Shares",NYSE,,1515324.0,,
ARDT,"Ardent Health, Inc. Common Stock",NYSE,,1756655.0,8062,Health Care
ARDX,"Ardelyx, Inc. - Common Stock",NASDAQ,N,1437402.0,2834,Health Care
ARE,"Alexandria Real Estate Equities, Inc. Common Stock",NYSE,,1035443.0,6798,Real Estate
AREC,American Resources Corporation - Class A Common Stock,NASDAQ,E,1590715.0,1220,Energy
ARES,Ares Management Corporation Class A Common Stock,NYSE,,1176948.0,6282,Financials
ARGX,argenx SE - American Depositary Shares,NASDAQ,N,1697862.0,2836,Health Care
ARHS,"Arhaus, Inc. - Class A Common Stock",NASDAQ,N,1875444.0,5712,Consumer Discretionary
ARI,"Apollo Commercial Real Estate Finance, Inc",NYSE,,1467760.0,6798,Real Estate
ARIS,Aris Mining Corporation Common Shares,NYSE,,1964504.0,1040,Materials
ARKO,ARKO Corp. - Common Stock,NASDAQ,N,1823794.0,5412,Consumer Staples
ARKR,Ark Restaurants Corp. - Common Stock,NASDAQ,N,779544.0,5812,Consumer Discretionary
ARL,"American Realty Investors, Inc. Common Stock",NYSE,,1102238.0,6510,Real Estate
ARLO,"Arlo Technologies, Inc. Common Stock",NYSE,,1736946.0,7381,Industrials
ARLP,"Alliance Resource Partners, L.P. - Common Units Representing Limited Partnership Interests",NASDAQ,N,1086600.0,1221,Energy
ARM,Arm Holdings plc - American Depositary Shares,NASDAQ,N,1973239.0,3674,Technology
ARMK,Aramark Common Stock,NYSE,,1584509.0,5812,Consumer Discretionary
ARMP,"Armata Pharmaceuticals, Inc. Common Stock",AMEX,,921114.0,2836,Health Care
AROC,"Archrock, Inc. Common Stock",NYSE,,1389050.0,4922,Utilities
AROW,Arrow Financial Corporation - Common Stock,NASDAQ,N,717538.0,6021,Financials
ARQ,"Arq, Inc. - Common Stock",NASDAQ,N,1515156.0,2890,Materials
ARQQ,Arqit Quantum Inc. - Ordinary Shares,NASDAQ,N,1859690.0,7372,Technology
ARQT,"Arcutis Biotherapeutics, Inc. - Common stock",NASDAQ,N,1787306.0,2834,Health Care
ARR,"ARMOUR Residential REIT, Inc.",NYSE,,1428205.0,6798,Real Estate
ARRY,"Array Technologies, Inc. - Common Stock",NASDAQ,N,1820721.0,3674,Technology
ARTC,Art Technology Acquisition Corp. - Class A Ordinary Shares,NASDAQ,N,2086545.0,6770,Financials
ARTL,"Artelo Biosciences, Inc. - Common Stock",NASDAQ,N,1621221.0,2834,Health Care
ARTNA,Artesian Resources Corporation - Class A Non-Voting Common Stock,NASDAQ,N,863110.0,4941,Utilities
ARTV,"Artiva Biotherapeutics, Inc. - Common Stock",NASDAQ,N,1817241.0,2836,Health Care
ARTW,"Art's-Way Manufacturing Co., Inc. - Common Stock",NASDAQ,N,7623.0,3523,Industrials
ARVN,"Arvinas, Inc. - Common Stock",NASDAQ,N,1655759.0,2834,Health Care
ARW,"Arrow Electronics, Inc. Common Stock",NYSE,,7536.0,5065,Industrials
ARWR,"Arrowhead Pharmaceuticals, Inc. - Common Stock",NASDAQ,N,879407.0,2834,Health Care
ARX,Accelerant Holdings Class A Common Shares,NYSE,,1997350.0,6411,Insurance
ARXS,"Arxis, Inc. - Class A Common Stock",NASDAQ,N,2093536.0,3728,Industrials
AS,"Amer Sports, Inc. Ordinary Shares",NYSE,,1988894.0,2300,Consumer Discretionary
ASA,ASA  Gold and Precious Metals Limited,NYSE,,1230869.0,,
ASAN,"Asana, Inc. Class A Common Stock",NYSE,,1477720.0,7372,Technology
ASB,Associated Banc-Corp Common Stock,NYSE,,7789.0,6022,Financials
ASBH,"American Savings Bank, N.A. Common Stock",NYSE,,,,
ASBP,"Aspire-Lakewood Holdings, Inc. - Common Stock",NASDAQ,N,1847345.0,2834,Health Care
ASC,Ardmore Shipping Corporation Common Stock,NYSE,,1577437.0,4412,Transport
ASG,"Liberty All-Star Growth Fund, Inc.",NYSE,,786035.0,,
ASGI,abrdn Global Infrastructure Income Fund Common Shares of Beneficial Interest,NYSE,,1793855.0,,
ASH,Ashland Inc. Common Stock,NYSE,,1674862.0,5160,Industrials
ASIC,Ategrity Specialty Insurance Company Holdings Common Stock,NYSE,,2040491.0,6331,Insurance
ASIX,AdvanSix Inc. Common Stock,NYSE,,1673985.0,2821,Materials
ASLE,AerSale Corporation - Common Stock,NASDAQ,N,1754170.0,5080,Industrials
ASM,Avino Silver & Gold Mines Ltd. Common Shares (Canada),AMEX,,316888.0,1000,Materials
ASMB,"Assembly Biosciences, Inc. - Common Stock",NASDAQ,N,1426800.0,2834,Health Care
ASML,ASML Holding N.V. - New York Registry Shares,NASDAQ,N,937966.0,3559,Industrials
ASND,Ascendis Pharma A/S - Ordinary Share,NASDAQ,N,1612042.0,2834,Health Care
ASO,"Academy Sports and Outdoors, Inc. - Common Stock",NASDAQ,N,1817358.0,5940,Consumer Discretionary
ASPC,A SPAC III Acquisition Corp. - Class A Ordinary Shares,NASDAQ,D,1890361.0,6770,Financials
ASPI,ASP Isotopes Inc. - Common Stock,NASDAQ,N,1921865.0,2890,Materials
ASPN,"Aspen Aerogels, Inc. Common Stock",NYSE,,1145986.0,5030,Industrials
ASPS,Altisource Portfolio Solutions S.A. - Common Stock,NASDAQ,N,1462418.0,7380,Industrials
ASPSZ,Altisource Portfolio Solutions S.A. - Cash Exercise Stakeholder Warrants,NASDAQ,N,1462418.0,7380,Industrials
ASR,"Grupo Aeroportuario del Sureste, S.A. de C.V. Common Stock",NYSE,,1123452.0,4581,Transport
ASRV,AmeriServ Financial Inc. - Common Stock,NASDAQ,N,707605.0,6021,Financials
ASST,"Strive, Inc. - Class A Common Stock",NASDAQ,N,1920406.0,6199,
ASTC,Astrotech Corporation - Common Stock,NASDAQ,N,1001907.0,3826,Health Care
ASTE,"Astec Industries, Inc. - Common Stock",NASDAQ,N,792987.0,3531,Industrials
ASTH,Astrana Health Inc. - Common Stock,NASDAQ,N,1083446.0,8742,Industrials
ASTI,"Ascent Solar Technologies, Inc - Common Stock",NASDAQ,N,1350102.0,3674,Technology
ASTL,Algoma Steel Group Inc. - Common Shares,NASDAQ,N,1860805.0,3312,Materials
ASTS,"AST SpaceMobile, Inc. - Class A Common Stock",NASDAQ,N,1780312.0,4899,Communication
ASUR,Asure Software Inc - Common Stock,NASDAQ,N,884144.0,7373,Technology
ASX,"ASE Technology Holding Co., Ltd. American Depositary Shares (each representing Two Common Shares)",NYSE,,1122411.0,3674,Technology
ASYS,"Amtech Systems, Inc. - Common Stock",NASDAQ,N,720500.0,3559,Industrials
ATAT,Atour Lifestyle Holdings Limited - American Depositary Shares,NASDAQ,N,1853717.0,7011,Consumer Discretionary
ATCH,"AtlasClear Holdings, Inc. Common Stock",AMEX,,1963088.0,6199,
ATCX,Atlas Critical Minerals Corporation - Common Stock,NASDAQ,N,1684688.0,1040,Materials
ATEC,"Alphatec Holdings, Inc. - Common Stock",NASDAQ,N,1350653.0,3841,Health Care
ATEN,"A10 Networks, Inc. Common Stock",NYSE,,1580808.0,3576,Technology
ATER,"Aterian, Inc. - Common Stock",NASDAQ,D,1757715.0,3634,Industrials
ATEX,Anterix Inc. - Common Stock,NASDAQ,N,1304492.0,4813,Communication
ATGL,Alpha Technology Group Limited - Class A Ordinary Shares,NASDAQ,N,1967621.0,7371,Technology
ATHE,Alterity Therapeutics Limited - American Depositary Shares,NASDAQ,N,1131343.0,2834,Health Care
ATHM,"Autohome Inc. American Depositary Shares, each representing four class A ordinary shares.",NYSE,,1527636.0,7374,Technology
ATHR,"Aether Holdings, Inc. - Common Stock",NASDAQ,N,2026353.0,7372,Technology
ATI,ATI Inc. Common Stock,NYSE,,1018963.0,3317,Materials
ATII,Archimedes Tech SPAC Partners II Co. - Ordinary Shares,NASDAQ,N,2028516.0,6770,Financials
ATKR,Atkore Inc. Common Stock,NYSE,,1666138.0,3690,Industrials
ATLC,Atlanticus Holdings Corporation - Common Stock,NASDAQ,N,1464343.0,6141,Financials
ATLO,Ames National Corporation - Common Stock,NASDAQ,N,1132651.0,6021,Financials
ATLQ,JAB Acquisition Corp I - Class A Ordinary Shares,NASDAQ,N,2128739.0,6770,Financials
ATLX,Atlas Lithium Corporation - Common Stock,NASDAQ,N,1540684.0,1400,Materials
ATMU,Atmus Filtration Technologies Inc. Common Stock,NYSE,,1921963.0,3714,Industrials
ATNI,"ATN International, Inc. - Common Stock",NASDAQ,N,879585.0,4813,Communication
ATNM,"Actinium Pharmaceuticals, Inc. (Delaware) Common Stock",AMEX,,1388320.0,2834,Health Care
ATO,Atmos Energy Corporation Common Stock,NYSE,,731802.0,4924,Utilities
ATOM,Atomera Incorporated - Common Stock,NASDAQ,N,1420520.0,3674,Technology
ATOS,"Atossa Therapeutics, Inc. - Common Stock",NASDAQ,N,1488039.0,2834,Health Care
ATPC,Agape ATP Corporation - Common Stock,NASDAQ,N,1713210.0,8000,Health Care
ATR,"AptarGroup, Inc. Common Stock",NYSE,,896622.0,3089,Materials
ATRA,"Atara Biotherapeutics, Inc. - Common Stock",NASDAQ,N,1604464.0,2836,Health Care
ATRC,"AtriCure, Inc. - Common Stock",NASDAQ,N,1323885.0,3841,Health Care
ATRO,Astronics Corporation - Common Stock,NASDAQ,N,8063.0,3728,Industrials
ATS,ATS Corporation Common Shares,NYSE,,1394832.0,3569,Industrials
ATTO,"Attovia Therapeutics, Inc. - Common Stock",NASDAQ,N,2058707.0,2836,Health Care
ATTT,Atlas Trinity Tech Limited - Ordinary Shares,NASDAQ,N,1948443.0,3630,Industrials
ATXG,Addentax Group Corp. - Common Stock,NASDAQ,N,1650101.0,7330,Industrials
ATYR,"aTyr Pharma, Inc. - Common Stock",NASDAQ,D,1339970.0,2836,Health Care
AU,AngloGold Ashanti PLC Ordinary Shares,NYSE,,1973832.0,1040,Materials
AUB,Atlantic Union Bankshares Corporation Common Stock,NYSE,,883948.0,6022,Financials
AUBN,"Auburn National Bancorporation, Inc. - Common Stock",NASDAQ,N,750574.0,6022,Financials
AUC,ATIF Holdings Limited - Ordinary Shares,NASDAQ,N,1755058.0,8742,Industrials
AUDC,AudioCodes Ltd. - Ordinary Shares,NASDAQ,N,1086434.0,3661,Technology
AUGO,Aura Minerals Inc. - Common Shares,NASDAQ,N,1468642.0,1000,Materials
AUID,authID Inc. - Common Stock,NASDAQ,D,1534154.0,7372,Technology
AUNA,Auna SA Class A Ordinary Shares,NYSE,,1799207.0,8011,Health Care
AUPH,Aurinia Pharmaceuticals Inc - Common Shares,NASDAQ,N,1600620.0,2834,Health Care
AUR,"Aurora Innovation, Inc.  - Class A Common Stock",NASDAQ,N,1828108.0,7373,Technology
AURA,"Aura Biosciences, Inc. - Common Stock",NASDAQ,N,1501796.0,2836,Health Care
AURE,Aurelion Inc.  - Class A Ordinary Shares,NASDAQ,N,1765850.0,6199,
AUST,Austin Gold Corp. Common Shares,AMEX,,1817740.0,1040,Materials
AUTL,Autolus Therapeutics plc - American Depositary Shares,NASDAQ,N,1730463.0,2836,Health Care
AUUD,Auddia Inc. - Common Stock,NASDAQ,D,1554818.0,7374,Technology
AUXX,Gold X2 Mining Inc. Common Shares,AMEX,,1961592.0,1040,Materials
AVA,Avista Corporation Common Stock,NYSE,,104918.0,4931,Utilities
AVAH,Aveanna Healthcare Holdings Inc. - Common Stock,NASDAQ,N,1832332.0,8082,Health Care
AVAT,Avalanche Treasury Corporation - Class A Common Stock,NASDAQ,D,2092446.0,6199,
AVAV,"AeroVironment, Inc. - Common Stock",NASDAQ,N,1368622.0,3721,Industrials
AVBC,"Avidia Bancorp, Inc. Common Stock",NYSE,,2058758.0,6036,Financials
AVBH,"Avidbank Holdings, Inc. - Common Stock",NASDAQ,N,1443575.0,6022,Financials
AVBP,"ArriVent BioPharma, Inc. - Common Stock",NASDAQ,N,1868279.0,2834,Health Care
AVD,American Vanguard Corporation Common Stock ($0.10 Par Value),NYSE,,5981.0,2870,Materials
AVEX,AEVEX Corp. Class A Common Stock,NYSE,,2096300.0,3721,Industrials
AVGO,Broadcom Inc. - Common Stock,NASDAQ,N,1730168.0,3674,Technology
AVIR,"Atea Pharmaceuticals, Inc. - common stock",NASDAQ,N,1593899.0,2834,Health Care
AVK,Advent Convertible and Income Fund,NYSE,,1219120.0,,
AVLN,Avalyn Pharma Inc. - common stock,NASDAQ,N,1540171.0,2834,Health Care
AVNT,Avient Corporation Common Stock,NYSE,,1122976.0,2821,Materials
AVNW,"Aviat Networks, Inc. - Common Stock",NASDAQ,N,1377789.0,3663,Technology
AVO,"Mission Produce, Inc. - Common Stock",NASDAQ,N,1802974.0,700,Consumer Staples
AVPT,"AvePoint, Inc. - Class A Common Stock",NASDAQ,N,1777921.0,7372,Technology
AVR,Anteris Technologies Global Corp. - Common Stock,NASDAQ,N,2011514.0,3842,Health Care
AVT,"Avnet, Inc. - Common Stock",NASDAQ,N,8858.0,5065,Industrials
AVTR,"Avantor, Inc. Common Stock",NYSE,,1722482.0,3826,Health Care
AVTX,"Avalo Therapeutics, Inc. - Common Stock",NASDAQ,N,1534120.0,2834,Health Care
AVX,Avax One Technology Ltd. - Common Shares,NASDAQ,N,1826397.0,6199,
AVXL,Anavex Life Sciences Corp. - Common Stock,NASDAQ,N,1314052.0,2836,Health Care
AVY,Avery Dennison Corporation Common Stock,NYSE,,8818.0,2670,Materials
AWF,Alliancebernstein Global High Income Fund,NYSE,,906013.0,,
AWI,Armstrong World Industries Inc Common Stock,NYSE,,7431.0,3089,Materials
AWK,"American Water Works Company, Inc. Common Stock",NYSE,,1410636.0,4941,Utilities
AWP,abrdn Global Premier Properties Fund Common Shares of Beneficial Interest,NYSE,,1390195.0,,
AWR,American States Water Company Common Stock,NYSE,,1056903.0,4941,Utilities
AWRE,"Aware, Inc. - Common Stock",NASDAQ,N,1015739.0,7372,Technology
AWX,Avalon Holdings Corporation Common Stock,AMEX,,1061069.0,4953,Utilities
AX,"Axos Financial, Inc. Common Stock",NYSE,,1299709.0,6035,Financials
AXG,Solowin Holdings - Class A Ordinary Share,NASDAQ,N,1959224.0,6211,Financials
AXGN,"Axogen, Inc. - Common Stock",NASDAQ,N,805928.0,3845,Health Care
AXIL,"AXIL Brands, Inc. Common Stock",AMEX,,1718500.0,2844,Materials
AXIN,Axiom Intelligence Acquisition Corp 1 - Class A Ordinary Shares,NASDAQ,N,2057030.0,6770,Financials
AXON,"Axon Enterprise, Inc. - Common Stock",NASDAQ,N,1069183.0,3480,Industrials
AXP,American Express Company Common Stock,NYSE,,4962.0,6199,
AXR,AMREP Corporation Common Stock,NYSE,,6207.0,6552,Real Estate
AXS,Axis Capital Holdings Limited Common Stock,NYSE,,1214816.0,6331,Insurance
AXSM,"Axsome Therapeutics, Inc. - Common Stock",NASDAQ,N,1579428.0,2834,Health Care
AXTA,Axalta Coating Systems Ltd. Common Shares,NYSE,,1616862.0,2851,Materials
AXTI,AXT Inc - Common Stock,NASDAQ,N,1051627.0,3674,Technology
AYA,Aya Gold & Silver Inc. - Common Shares,NASDAQ,N,1826836.0,1040,Materials
AYI,Acuity Inc. Common Stock,NYSE,,1144215.0,3640,Industrials
AYTU,"Aytu BioPharma, Inc.  - Common Stock",NASDAQ,N,1385818.0,2834,Health Care
AZ,A2Z Cust2Mate Solutions Corp. - Common Shares,NASDAQ,N,1866030.0,3569,Industrials
AZI,Autozi Internet Technology (Global) Ltd. - Class A Ordinary Shares,NASDAQ,N,1959726.0,7500,Consumer Discretionary
AZIO,"Azio AI Holdings, Inc. - Common stock",NASDAQ,D,1563568.0,3714,Industrials
AZN,AstraZeneca PLC Ordinary Shares,NYSE,,901832.0,2834,Health Care
AZO,"AutoZone, Inc. Common Stock",NYSE,,866787.0,5531,Consumer Discretionary
AZTA,"Azenta, Inc. - Common Stock",NASDAQ,N,933974.0,3559,Industrials
AZTR,Azitra Inc Common Stock,AMEX,,1701478.0,2834,Health Care
AZUL,"Azul S.A. American Depositary Shares, each representing two (2) Common Shares",NYSE,,1432364.0,4512,Transport
AZZ,AZZ Inc.,NYSE,,8947.0,3470,Industrials
B,Barrick Mining Corporation Common Shares,NYSE,,756894.0,1040,Materials
BA,Boeing Company (The) Common Stock,NYSE,,12927.0,3721,Industrials
BABA,Alibaba Group Holding Limited American Depositary Shares each representing eight Ordinary share,NYSE,,1577552.0,7389,Industrials
BAC,Bank of America Corporation Common Stock,NYSE,,70858.0,6021,Financials
BACC,Blue Acquisition Corp. - Class A Ordinary Shares,NASDAQ,N,2059654.0,6770,Financials
BAER,"Bridger Aerospace Group Holdings, Inc. - Common Stock",NASDAQ,N,1941536.0,7389,Industrials
BAFN,BayFirst Financial Corp. - Common Stock,NASDAQ,N,1649739.0,6022,Financials
BAH,Booz Allen Hamilton Holding Corporation Common Stock,NYSE,,1443646.0,8742,Industrials
BAK,Braskem SA ADR,NYSE,,1071438.0,2860,Materials
BALL,Ball Corporation Common Stock,NYSE,,9389.0,3411,Industrials
BALY,Bally's Corporation Common Stock,NYSE,,1747079.0,7011,Consumer Discretionary
BAM,Brookfield Asset Management Inc Class A Limited Voting Shares,NYSE,,1937926.0,6282,Financials
BANC,"Banc of California, Inc. Common Stock",NYSE,,1169770.0,6021,Financials
BAND,Bandwidth Inc. - Class A Common Stock,NASDAQ,N,1514416.0,7372,Technology
BANF,BancFirst Corporation - Common Stock,NASDAQ,N,760498.0,6021,Financials
BANL,CBL International Limited - Class B Ordinary Shares,NASDAQ,N,1914805.0,5172,Industrials
BANR,Banner Corporation - Common Stock,NASDAQ,N,946673.0,6022,Financials
BANX,ArrowMark Financial Corp. - Closed End Fund,NASDAQ,N,1578987.0,,
BAOS,Baosheng Media Group Holdings Limited - Ordinary shares,NASDAQ,D,1811216.0,7389,Industrials
BAP,Credicorp Ltd. Common Stock,NYSE,,1001290.0,6029,Financials
BARK,"BARK, Inc. Class A Common Stock",NYSE,,1819574.0,5990,Consumer Discretionary
BATL,Battalion Oil Corporation Common Stock,AMEX,,1282648.0,1311,Energy
BATRA,"Atlanta Braves Holdings, Inc. - Series A Common Stock",NASDAQ,N,1958140.0,7900,Communication
BATRK,"Atlanta Braves Holdings, Inc. - Series C Common Stock",NASDAQ,N,1958140.0,7900,Communication
BAX,Baxter International Inc. Common Stock,NYSE,,10456.0,3841,Health Care
BB,BlackBerry Limited Common Stock,NYSE,,1070235.0,7372,Technology
BBAI,"BigBear.ai, Inc. Common Stock",NYSE,,1836981.0,7372,Technology
BBAR,Banco BBVA Argentina S.A. ADS,NYSE,,913059.0,6029,Financials
BBCP,"Concrete Pumping Holdings, Inc.  - Common Stock",NASDAQ,N,1703956.0,1700,Industrials
BBD,Banco Bradesco Sa American Depositary Shares,NYSE,,1160330.0,6022,Financials
BBDC,"Barings BDC, Inc. Common Stock",NYSE,,1379785.0,,
BBDO,Banco Bradesco Sa American Depositary Shares (each representing one Common Share),NYSE,,1160330.0,6022,Financials
BBGI,"Beasley Broadcast Group, Inc. - Class A Common Stock",NASDAQ,N,1099160.0,4832,Communication
BBIO,"BridgeBio Pharma, Inc. - Common Stock",NASDAQ,N,1743881.0,2834,Health Care
BBLG,Bone Biologics Corp - Common Stock,NASDAQ,D,1419554.0,3842,Health Care
BBNX,"Beta Bionics, Inc. - Common Stock",NASDAQ,N,1674632.0,3841,Health Care
BBOT,"BridgeBio Oncology Therapeutics, Inc. - Common Stock",NASDAQ,N,1869105.0,2834,Health Care
BBSI,"Barrett Business Services, Inc. - Common Stock",NASDAQ,N,902791.0,7363,Industrials
BBT,Beacon Financial Corporation Common stock,NYSE,,1108134.0,6036,Financials
BBUC,Brookfield Business Corporation Class A Subordinate Voting Shares,NYSE,,1654795.0,1700,Industrials
BBVA,Banco Bilbao Vizcaya Argentaria S.A. Common Stock,NYSE,,842180.0,6029,Financials
BBW,"Build-A-Bear Workshop, Inc. Common Stock",NYSE,,1113809.0,5945,Consumer Discretionary
BBWI,"Bath & Body Works, Inc.",NYSE,,701985.0,5990,Consumer Discretionary
BBY,"Best Buy Co., Inc. Common Stock",NYSE,,764478.0,5731,Consumer Discretionary
BC,Brunswick Corporation Common Stock,NYSE,,14930.0,3510,Industrials
BCAL,California BanCorp - Common Stock,NASDAQ,N,1795815.0,6021,Financials
BCAT,BlackRock Capital Allocation Term Trust Common Shares of Beneficial Interest,NYSE,,1809541.0,,
BCAX,Bicara Therapeutics Inc. - Common Stock,NASDAQ,N,2023658.0,2834,Health Care
BCBP,"BCB Bancorp, Inc. (NJ) - Common Stock",NASDAQ,N,1228454.0,6035,Financials
BCC,"Boise Cascade, L.L.C. Common Stock",NYSE,,1328581.0,5030,Industrials
BCCQ,Bleichroeder Acquisition Corp. III - Class A Ordinary Shares,NASDAQ,N,2128045.0,6770,Financials
BCDA,"BioCardia, Inc. - Common Stock",NASDAQ,D,925741.0,2836,Health Care
BCE,"BCE, Inc. Common Stock",NYSE,,718940.0,4813,Communication
BCG,"Binah Capital Group, Inc. - Common Stock",NASDAQ,N,1953984.0,6199,
BCH,Banco De Chile ADS,NYSE,,1161125.0,6029,Financials
BCHT,Birchtech Corp. Common Stock,AMEX,,728385.0,3829,Industrials
BCIC,BCP Investment Corporation - Closed End Fund,NASDAQ,N,1372807.0,,
BCML,BayCom Corp - Common Stock,NASDAQ,N,1730984.0,6022,Financials
BCO,Brinks Company (The) Common Stock,NYSE,,78890.0,4731,Transport
BCPC,Balchem Corporation - Common Stock,NASDAQ,N,9326.0,2800,Materials
BCRX,"BioCryst Pharmaceuticals, Inc. - Common Stock",NASDAQ,N,882796.0,2836,Health Care
BCS,Barclays PLC Common Stock,NYSE,,312069.0,6029,Financials
BCSF,"Bain Capital Specialty Finance, Inc. Common Stock",NYSE,,1655050.0,,
BCSS,Bain Capital GSS Investment Corp. Class A Ordinary Shares,NYSE,,2064355.0,6770,Financials
BCTX,BriaCell Therapeutics Corp. - Common Shares,NASDAQ,N,1610820.0,2834,Health Care
BCTXL,BriaCell Therapeutics Corp. - Warrants,NASDAQ,N,1610820.0,2834,Health Care
BCTXZ,BriaCell Therapeutics Corp. - Warrant,NASDAQ,N,1610820.0,2834,Health Care
BCV,"Bancroft Fund, Ltd.",AMEX,,9521.0,,
BCX,BlackRock Resources Common Shares of Beneficial Interest,NYSE,,1506289.0,,
BCYC,Bicycle Therapeutics plc - American Depositary Shares,NASDAQ,N,1761612.0,2834,Health Care
BDC,Belden Inc Common Stock,NYSE,,913142.0,3357,Materials
BDCI,BTC Development Corp. - Class A Ordinary Shares,NASDAQ,N,2042292.0,6770,Financials
BDJ,Blackrock Enhanced Equity Dividend Trust,NYSE,,1332283.0,,
BDL,"Flanigan's Enterprises, Inc. Common Stock",AMEX,,12040.0,5812,Consumer Discretionary
BDMD,Baird Medical Investment Holdings Ltd - Ordinary Share,NASDAQ,N,1982444.0,3841,Health Care
BDN,Brandywine Realty Trust Common Stock,NYSE,,790816.0,6798,Real Estate
BDRX,Biodexa Pharmaceuticals plc - American Depositary Shares,NASDAQ,N,1643918.0,2834,Health Care
BDSX,"Biodesix, Inc. - Common Stock",NASDAQ,N,1439725.0,8071,Health Care
BDTX,"Black Diamond Therapeutics, Inc. - Common Stock",NASDAQ,N,1701541.0,2836,Health Care
BDX,"Becton, Dickinson and Company Common Stock",NYSE,,10795.0,3841,Health Care
BE,Bloom Energy Corporation Class A Common Stock,NYSE,,1664703.0,3620,Industrials
BEAG,Bold Eagle Acquisition Corp. - Class A Ordinary Shares,NASDAQ,N,1852207.0,6770,Financials
BEAM,Beam Therapeutics Inc. - Common Stock,NASDAQ,N,1745999.0,2836,Health Care
BEAT,"Heartbeam, Inc. - Common Stock",NASDAQ,D,1779372.0,3841,Health Care
BEBE,TGE Value Creative Solutions Corp Class A Ordinary Shares,NYSE,,2079933.0,6770,Financials
BEEM,Beam Global - Common Stock,NASDAQ,N,1398805.0,3690,Industrials
BEEP,Mobile Infrastructure Corporation - Common Stock,NASDAQ,N,1847874.0,6500,Real Estate
BEKE,KE Holdings Inc American Depositary Shares (each representing three Class A Ordinary Shares),NYSE,,1809587.0,6531,Real Estate
BELFA,Bel Fuse Inc. - Class A Common Stock,NASDAQ,N,729580.0,3677,Industrials
BELFB,Bel Fuse Inc. - Class B Common Stock,NASDAQ,N,729580.0,3677,Industrials
BEN,"Franklin Templeton, Inc. Common Stock",NYSE,,38777.0,6282,Financials
BENF,Beneficient - Class A Common Stock,NASDAQ,N,1775734.0,6199,
BEP,Brookfield Renewable Partners L.P. Limited Partnership Units,NYSE,,1533232.0,4911,Utilities
BEPC,Brookfield Renewable Corporation Brookfield Renewable Corporation Class A Subordinate Voting Shares,NYSE,,1791863.0,4911,Utilities
BESS,Bimergen Energy Corporation Common Stock,AMEX,,1066764.0,4911,Utilities
BETA,"Beta Technologies, Inc. Class A Common Stock",NYSE,,1784570.0,3721,Industrials
BETR,Better Home & Finance Holding Company - Class A Common Stock,NASDAQ,N,1835856.0,6163,Financials
BFAM,Bright Horizons Family Solutions Inc. Common Stock,NYSE,,1437578.0,8351,Consumer Discretionary
BFC,Bank First Corporation - Common Stock,NASDAQ,N,1746109.0,6021,Financials
BFH,"Bread Financial Holdings, Inc. Common Stock",NYSE,,1101215.0,6141,Financials
BFLY,"Butterfly Network, Inc. Class A Common Stock",NYSE,,1804176.0,3844,Health Care
BFRG,"Bullfrog AI Holdings, Inc. - Common Stock",NASDAQ,D,1829247.0,2834,Health Care
BFRI,Biofrontera Inc. - Common Stock,NASDAQ,N,1858685.0,2834,Health Care
BFS,"Saul Centers, Inc. Common Stock",NYSE,,907254.0,6798,Real Estate
BFST,"Business First Bancshares, Inc. - Common Stock",NASDAQ,N,1624322.0,6022,Financials
BG,Bunge Limited Common Shares,NYSE,,1996862.0,2070,Consumer Staples
BGB,Blackstone Strategic Credit 2027 Term Fund Common Shares of Beneficial Interest,NYSE,,1546429.0,,
BGC,"BGC Group, Inc. - Class A Common Stock",NASDAQ,N,1094831.0,6200,Financials
BGDE,"Big Digital Energy, Inc. - Common Stock",NASDAQ,N,1218683.0,6199,
BGH,Barings Global Short Duration High Yield Fund Common Shares of Beneficial Interests,NYSE,,1521404.0,,
BGIN,Bgin Blockchain Limited - Class A Ordinary Shares,NASDAQ,N,1945565.0,6199,
BGL,Blue Gold Limited - Class A ordinary shares,NASDAQ,D,2019435.0,1000,Materials
BGLC,BioNexus Gene Lab Corp - Common stock,NASDAQ,N,1737523.0,8071,Health Care
BGM,BGM Group Ltd. - Class A Ordinary Shares,NASDAQ,D,1779578.0,2834,Health Care
BGMS,"Bio Green Med Solution, Inc. - Common Stock",NASDAQ,N,1130166.0,2834,Health Care
BGR,BlackRock Energy and Resources Trust,NYSE,,1306550.0,,
BGS,"B&G Foods, Inc. Common Stock",NYSE,,1278027.0,2000,Consumer Staples
BGSF,"BGSF, Inc. Common Stock",NYSE,,1474903.0,7363,Industrials
BGSI,Boyd Group Services Inc. Common Shares,NYSE,,2091467.0,7500,Consumer Discretionary
BGT,BlackRock Floating Rate Income Trust,NYSE,,1287480.0,,
BGX,Blackstone Long Short Credit Income Fund Common Shares,NYSE,,1504234.0,,
BGY,Blackrock Enhanced International Dividend Trust,NYSE,,1393299.0,,
BH,Biglari Holdings Inc. Class B Common Stock,NYSE,,1726173.0,5812,Consumer Discretionary
BHAV,BHAV Acquisition Corp - Class A Ordinary Shares,NASDAQ,N,2097288.0,6770,Financials
BHB,"Bar Harbor Bankshares, Inc. Common Stock",AMEX,,743367.0,6022,Financials
BHC,Bausch Health Companies Inc. Common Stock,NYSE,,885590.0,2834,Health Care
BHE,"Benchmark Electronics, Inc. Common Stock",NYSE,,863436.0,3672,Industrials
BHF,"Brighthouse Financial, Inc. - Common Stock",NASDAQ,N,1685040.0,6311,Insurance
BHM,"Bluerock Homes Trust, Inc. Class A Common Stock",AMEX,,1903382.0,6798,Real Estate
BHP,BHP Group Limited American Depositary Shares (Each representing two Ordinary Shares),NYSE,,811809.0,1000,Materials
BHR,Braemar Hotels & Resorts Inc. Common Stock,NYSE,,1574085.0,6798,Real Estate
BHRB,Burke & Herbert Financial Services Corp. - Common Stock,NASDAQ,N,1964333.0,6021,Financials
BHST,BioHarvest Sciences Inc. - Common Stock,NASDAQ,N,1723464.0,2834,Health Care
BHVN,Biohaven Ltd. Common Shares,NYSE,,1935979.0,2834,Health Care
BIAF,"bioAffinity Technologies, Inc. - Common Stock",NASDAQ,N,1712762.0,8731,Health Care
BID,Tribeca Strategic Acquisition Corp. - Class A Ordinary Shares,NASDAQ,N,2094919.0,6770,Financials
BIDU,"Baidu, Inc. - American Depositary Shares, each representing 8 ordinary share",NASDAQ,N,1329099.0,7370,Technology
BIIB,Biogen Inc. - Common Stock,NASDAQ,N,875045.0,2836,Health Care
BIII,Black Spade Acquisition III Co Class A Ordinary Shares,NYSE,,2087087.0,6770,Financials
BILI,Bilibili Inc. - American Depositary Shares,NASDAQ,N,1723690.0,7374,Technology
BILL,"BILL Holdings, Inc. Common Stock",NYSE,,1786352.0,7372,Technology
BIO,"Bio-Rad Laboratories, Inc. Class A Common Stock",NYSE,,12208.0,3826,Health Care
BIOA,"BioAge Labs, Inc. - Common Stock",NASDAQ,N,1709941.0,2834,Health Care
BIOT,Instinct Bio Technical Company Holdings Inc. - Common stock,NASDAQ,D,2072188.0,2844,Materials
BIOX,Bioceres Crop Solutions Corp. - Ordinary Shares,NASDAQ,D,1769484.0,2870,Materials
BIP,Brookfield Infrastructure Partners LP Limited Partnership Units,NYSE,,1406234.0,4400,Transport
BIPC,Brookfield Infrastructure Corporation Brookfield Infrastructure Corporation,NYSE,,1788348.0,4923,Utilities
BIRD,"Smartbird, Inc. - Class A Common Stock",NASDAQ,N,1653909.0,2300,Consumer Discretionary
BIRK,Birkenstock Holding plc Ordinary Shares,NYSE,,1977102.0,3140,Materials
BIT,BlackRock Multi-Sector Income Trust Common Shares of Beneficial Interest,NYSE,,1562818.0,,
BIVI,BioVie Inc. - Common stock,NASDAQ,N,1580149.0,2834,Health Care
BIXI,Bitcoin Infrastructure Acquisition Corp Ltd. - Class A Ordinary Shares,NASDAQ,N,2082542.0,6770,Financials
BIYA,Baiya International Group Inc.  - Ordinary Shares,NASDAQ,N,1944712.0,7361,Industrials
BJ,"BJ's Wholesale Club Holdings, Inc. Common Stock",NYSE,,1531152.0,5331,Consumer Discretionary
BJDX,"Bluejay Diagnostics, Inc. - Common Stock",NASDAQ,N,1704287.0,3841,Health Care
BJRI,"BJ's Restaurants, Inc. - Common Stock",NASDAQ,N,1013488.0,5812,Consumer Discretionary
BKD,Brookdale Senior Living Inc. Common Stock,NYSE,,1332349.0,8050,Health Care
BKE,"Buckle, Inc. (The) Common Stock",NYSE,,885245.0,5651,Consumer Discretionary
BKH,Black Hills Corporation Common Stock,NYSE,,1130464.0,4911,Utilities
BKHA,Black Hawk Acquisition Corporation - Class A Ordinary Shares,NASDAQ,N,2000775.0,2836,Health Care
BKKT,"Bakkt, Inc. Class A Common Stock",NYSE,,1820302.0,6199,
BKNG,Booking Holdings Inc. - Common Stock,NASDAQ,N,1075531.0,4700,Transport
BKR,Baker Hughes Company - Common Stock,NASDAQ,N,1701605.0,3533,Industrials
BKSY,BlackSky Technology Inc. Class A Common Stock,NYSE,,1753539.0,3663,Technology
BKT,BlackRock Income Trust Inc. (The),NYSE,,832327.0,0,
BKTI,BK Technologies Corporation Common Stock,AMEX,,2186.0,3663,Technology
BKU,"BankUnited, Inc. Common Stock",NYSE,,1504008.0,6035,Financials
BKV,BKV Corporation Common Stock,NYSE,,1838406.0,1311,Energy
BKYI,"BIO-key International, Inc. - Common Stock",NASDAQ,N,1019034.0,7372,Technology
BL,"BlackLine, Inc. - Common Stock",NASDAQ,N,1666134.0,7372,Technology
BLBD,Blue Bird Corporation - Common Stock,NASDAQ,N,1589526.0,3713,Industrials
BLCO,Bausch + Lomb Corporation Common Shares,NYSE,,1860742.0,3851,Health Care
BLDP,"Ballard Power Systems, Inc. - Common Shares",NASDAQ,N,1453015.0,3620,Industrials
BLDR,"Builders FirstSource, Inc. Common Stock",NYSE,,1316835.0,5211,Consumer Discretionary
BLFS,"BioLife Solutions, Inc. - Common Stock",NASDAQ,N,834365.0,3845,Health Care
BLIN,"Bridgeline Digital, Inc. - Common Stock",NASDAQ,N,1378590.0,7372,Technology
BLIV,BeLive Holdings - ordinary shares,NASDAQ,N,1982448.0,7373,Technology
BLK,"BlackRock, Inc. Common Stock",NYSE,,2012383.0,6211,Financials
BLKB,"Blackbaud, Inc. - Common Stock",NASDAQ,N,1280058.0,7372,Technology
BLLN,"BillionToOne, Inc. - Class A common stock",NASDAQ,N,2070849.0,8071,Health Care
BLMN,"Bloomin' Brands, Inc. - Common Stock",NASDAQ,N,1546417.0,5812,Consumer Discretionary
BLND,"Blend Labs, Inc. Class A Common Stock",NYSE,,1855747.0,7370,Technology
BLNE,"Beeline Holdings, Inc. - Common Stock",NASDAQ,N,1534708.0,6162,Financials
BLNK,Blink Charging Co. - Common Stock,NASDAQ,D,1429764.0,3690,Industrials
BLRK,Bluerock Acquisition Corp. - Class A Ordinary Shares,NASDAQ,N,2081532.0,6770,Financials
BLRX,BioLineRx Ltd. - American Depositary Shares,NASDAQ,N,1498403.0,2834,Health Care
BLSH,Bullish Ordinary Shares,NYSE,,1872195.0,6199,
BLSM,"BlossomHill Therapeutics, Inc. - Common Stock",NASDAQ,N,1839970.0,2834,Health Care
BLTE,"Belite Bio, Inc - American Depositary Shares",NASDAQ,N,1889109.0,2834,Health Care
BLUW,Blue Water Acquisition Corp. III - Class A Ordinary Shares,NASDAQ,N,2050501.0,6770,Financials
BLW,Blackrock Limited Duration Income Trust,NYSE,,1233681.0,,
BLX,"Bladex, Inc. Class E Common Stock",NYSE,,890541.0,6029,Financials
BLZE,"Backblaze, Inc. - Common Stock",NASDAQ,N,1462056.0,7372,Technology
BLZR,Trailblazer Acquisition Corp. - Class A Ordinary Shares,NASDAQ,N,2075310.0,6770,Financials
BMA,Banco Macro S.A.  ADR (representing Ten Class B Common Shares),NYSE,,1347426.0,6029,Financials
BMBL,Bumble Inc. - common stock,NASDAQ,N,1830043.0,7370,Technology
BME,Blackrock Health Sciences Trust,NYSE,,1314966.0,,
BMEA,"Biomea Fusion, Inc. - Common Stock",NASDAQ,N,1840439.0,2834,Health Care
BMEZ,BlackRock Health Sciences Term Trust Common Shares of Beneficial Interest,NYSE,,1785971.0,,
BMGL,Basel Medical Group Ltd - ordinary shares,NASDAQ,N,2004489.0,8011,Health Care
BMHL,Bluemount Holdings Limited - Class B Ordinary Shares,NASDAQ,N,2027815.0,6199,
BMI,"Badger Meter, Inc. Common Stock",NYSE,,9092.0,3824,Industrials
BMM,Blue Moon Metals Inc. - Common Shares,NASDAQ,N,1732379.0,1000,Materials
BMN,BlackRock 2037 Municipal Target Term Trust Common Shares of Beneficial Interest,NYSE,,1832871.0,,
BMNR,"BitMine Immersion Technologies, Inc. Common Stock",NYSE,,1829311.0,6199,
BMO,Bank Of Montreal Common Stock,NYSE,,927971.0,6029,Financials
BMR,Beamr Imaging Ltd. - Ordinary Share,NASDAQ,N,1899005.0,7372,Technology
BMRA,"Biomerica, Inc. - Common Stock",NASDAQ,N,73290.0,2835,Health Care
BMRC,Bank of Marin Bancorp - Common Stock,NASDAQ,N,1403475.0,6022,Financials
BMRN,BioMarin Pharmaceutical Inc. - Common Stock,NASDAQ,N,1048477.0,2834,Health Care
BMY,Bristol-Myers Squibb Company Common Stock,NYSE,,14272.0,2834,Health Care
BN,Brookfield Corporation Class A Limited Voting Shares,NYSE,,1001085.0,6512,Real Estate
BNAI,Brand Engagement Network Inc. - Common Stock,NASDAQ,N,1838163.0,7373,Technology
BNC,CEA Industries Inc. - Common Stock,NASDAQ,N,1482541.0,700,Consumer Staples
BNCWZ,CEA Industries Inc. - Warrants,NASDAQ,N,1482541.0,700,Consumer Staples
BNED,"Barnes & Noble Education, Inc Common Stock",NYSE,,1634117.0,5940,Consumer Discretionary
BNGO,"Bionano Genomics, Inc. - Common Stock",NASDAQ,N,1411690.0,3826,Health Care
BNKK,"Bonk, Inc. - Common Stock",NASDAQ,N,1760903.0,2844,Materials
BNL,"Broadstone Net Lease, Inc. Common Stock",NYSE,,1424182.0,6798,Real Estate
BNR,Burning Rock Biotech Limited - American Depositary Shares,NASDAQ,N,1792267.0,8071,Health Care
BNS,Bank Nova Scotia Halifax Pfd 3 Ordinary Shares,NYSE,,9631.0,6022,Financials
BNT,Brookfield Wealth Solutions Ltd. Class A Exchangeable Limited Voting Shares,NYSE,,1837429.0,6399,Insurance
BNTC,Benitec Biopharma Inc. - Common Stock,NASDAQ,N,1808898.0,2834,Health Care
BNTX,BioNTech SE - American Depositary Shares,NASDAQ,N,1776985.0,2836,Health Care
BNY,The Bank of New York Mellon Corporation Common Stock,NYSE,,1390777.0,6022,Financials
BOBS,"Bob's Discount Furniture, Inc. Common Stock",NYSE,,2085187.0,5712,Consumer Discretionary
BOC,Boston Omaha Corporation Class A Common Stock,NYSE,,1494582.0,6510,Real Estate
BODI,"The Beachbody Company, Inc. - Class A Common Stock",NASDAQ,N,1826889.0,5960,Consumer Discretionary
BOE,Blackrock Enhanced Global Dividend Trust Common Shares of Beneficial Interest,NYSE,,1320375.0,,
BOF,BranchOut Food Inc. - Common Stock,NASDAQ,N,1962481.0,2000,Consumer Staples
BOH,Bank of Hawaii Corporation Common Stock,NYSE,,46195.0,6022,Financials
BOKF,BOK Financial Corporation - Common Stock,NASDAQ,N,875357.0,6021,Financials
BOLD,"Boundless Bio, Inc. - Common Stock",NASDAQ,N,1782303.0,2834,Health Care
BOLT,"Bolt Biotherapeutics, Inc. - Common Stock",NASDAQ,N,1641281.0,2834,Health Care
BON,Bon Natural Life Limited - Class A Ordinary Shares,NASDAQ,N,1816815.0,2833,Health Care
BOOM,DMC Global Inc. - Common Stock,NASDAQ,N,34067.0,3390,Materials
BOOT,"Boot Barn Holdings, Inc. Common Stock",NYSE,,1610250.0,5661,Consumer Discretionary
BORR,Borr Drilling Limited Common Shares,NYSE,,1715497.0,1381,Energy
BOSC,B.O.S. Better Online Solutions - Ordinary Shares,NASDAQ,N,1005516.0,3576,Technology
BOT,"RoboStrategy, Inc. - Common Stock",NASDAQ,N,2081119.0,,
BOTJ,"Bank of the James Financial Group, Inc. - Common Stock",NASDAQ,N,1275101.0,6022,Financials
BOW,Bowhead Specialty Holdings Inc. Common Stock,NYSE,,2002473.0,6331,Insurance
BOX,"Box, Inc. Class A Common Stock",NYSE,,1372612.0,7372,Technology
BOXL,Boxlight Corporation - Class A Common Stock,NASDAQ,N,1624512.0,8200,Consumer Discretionary
BP,BP p.l.c. Common Stock,NYSE,,313807.0,2911,Energy
BPAC,Blueport Acquisition Ltd - Class A Ordinary Shares,NASDAQ,N,2064177.0,6770,Financials
BPOP,"Popular, Inc. - Common Stock",NASDAQ,N,763901.0,6022,Financials
BPRE,Bluerock Private Real Estate Fund Common Shares of Beneficial Interest,NYSE,,1551047.0,,
BPRN,"Princeton Bancorp, Inc. - Common Stock",NASDAQ,N,1913971.0,6022,Financials
BQ,Boqii Holding Limited Class A Ordinary Shares,AMEX,,1815021.0,5990,Consumer Discretionary
BR,"Broadridge Financial Solutions, Inc. Common Stock",NYSE,,1383312.0,7389,Industrials
BRAG,Bragg Gaming Group Inc. - Common Shares,NASDAQ,N,1867834.0,7377,Technology
BRAI,Braiin Limited - Common Stock,NASDAQ,N,2076975.0,7374,Technology
BRBI,BRBI BR Partners S.A. - ADSs,NASDAQ,N,2058601.0,6199,
BRBR,"BellRing Brands, Inc. Common Stock",NYSE,,1772016.0,2000,Consumer Staples
BRBS,"Blue Ridge Bankshares, Inc. Common Stock",AMEX,,842717.0,6022,Financials
BRC,Brady Corporation Common Stock,NYSE,,746598.0,3990,Consumer Discretionary
BRCB,"Black Rock Coffee Bar, Inc. - Class A Common Stock",NASDAQ,N,2068577.0,5810,Consumer Discretionary
BRCC,BRC Inc. Class A Common Stock,NYSE,,1891101.0,2080,Consumer Staples
BREZ,Breeze Acquisition Corp. II - Ordinary Shares,NASDAQ,E,2095443.0,6770,Financials
BRFH,Barfresh Food Group Inc. - Common Stock,NASDAQ,D,1487197.0,2030,Consumer Staples
BRIA,BrilliA Inc Class A Ordinary Shares,AMEX,,2000230.0,2300,Consumer Discretionary
BRID,Bridgford Foods Corporation - Common Stock,NASDAQ,N,14177.0,2013,Consumer Staples
BRKH,Burtech Acquisition Corp II - Class A Ordinary Shares,NASDAQ,N,2098707.0,6770,Financials
BRKR,Bruker Corporation - Common Stock,NASDAQ,N,1109354.0,3826,Health Care
BRLS,Borealis Foods Inc. - Class A Common Shares,NASDAQ,H,1852973.0,2000,Consumer Staples
BRLT,"Brilliant Earth Group, Inc. - Class A Common Stock",NASDAQ,N,1866757.0,3910,Consumer Discretionary
BRN,"Barnwell Industries, Inc. Common Stock",AMEX,,10048.0,1311,Energy
BRNX,BrenX Ltd. - Ordinary Shares,NASDAQ,N,1901215.0,3433,Industrials
BRO,"Brown & Brown, Inc. Common Stock",NYSE,,79282.0,6411,Insurance
BROS,Dutch Bros Inc. Class A Common Stock,NYSE,,1866581.0,5810,Consumer Discretionary
BRR,"ProCap Financial, Inc. - Common Stock",NASDAQ,N,2076163.0,6199,
BRSL,"Brightstar Lottery PLC Trading under the Legal Name to begin at the market open on July 21, 2025. Ordinary Shares",NYSE,,1619762.0,7990,Communication
BRSP,"BrightSpire Capital, Inc. Class A Common Stock",NYSE,,1717547.0,6798,Real Estate
BRT,BRT Apartments Corp. (MD) Common Stock,NYSE,,14846.0,6798,Real Estate
BRTM,B&R Technology Merger Corp. - Class A Ordinary Shares,NASDAQ,N,2131350.0,6770,Financials
BRTX,"BioRestorative Therapies, Inc. - Common Stock",NASDAQ,H,1505497.0,8090,Health Care
BRUN,Boost Run Inc. - Class A Common Stock,NASDAQ,N,2090646.0,7374,Technology
BRVE,"Braveheart Bio, Inc. - Common Stock",NASDAQ,N,2131524.0,2834,Health Care
BRW,Saba Capital Income & Opportunities Fund SBI,NYSE,,826020.0,,
BRX,Brixmor Property Group Inc. Common Stock,NYSE,,1581068.0,6798,Real Estate
BRZE,"Braze, Inc. - Class A Common Stock",NASDAQ,N,1676238.0,7372,Technology
BSAA,BEST SPAC I Acquisition Corp. - Class A Ordinary Shares,NASDAQ,D,2051587.0,8200,Consumer Discretionary
BSAC,Banco Santander - Chile ADS,NYSE,,1027552.0,6029,Financials
BSBK,Bogota Financial Corp. - Common Stock,NASDAQ,N,1787414.0,6036,Financials
BSBR,"Banco Santander Brasil SA American Depositary Shares, each representing one unit",NYSE,,1471055.0,6029,Financials
BSEM,"BioStem Technologies, Inc. - Common Stock",NASDAQ,N,1658678.0,2836,Health Care
BSET,"Bassett Furniture Industries, Incorporated - Common Stock",NASDAQ,N,10329.0,2511,Industrials
BSIN,Big Sky Industrial Inc. - Common Stock,NASDAQ,N,101594.0,1311,Energy
BSL,Blackstone Senior Floating Rate 2027 Term Fund Common Shares of Beneficial Interest,NYSE,,1486298.0,,
BSM,"Black Stone Minerals, L.P. Common units representing limited partner interests",NYSE,,1621434.0,1311,Energy
BSP,Bending Spoons S.p.A. - Ordinary Shares,NASDAQ,N,2004711.0,7370,Technology
BSRR,Sierra Bancorp - Common Stock,NASDAQ,N,1130144.0,6022,Financials
BST,BlackRock Science and Technology Trust Common Shares of Beneficial Interest,NYSE,,1616678.0,,
BSTZ,BlackRock Science and Technology Term Trust Common Shares of Beneficial Interest,NYSE,,1768666.0,,
BSVN,Bank7 Corp. - Common stock,NASDAQ,N,1746129.0,6022,Financials
BSX,Boston Scientific Corporation Common Stock,NYSE,,885725.0,3841,Health Care
BSY,"Bentley Systems, Incorporated - Class B Common Stock",NASDAQ,N,1031308.0,7372,Technology
BTBD,"BT Brands, Inc. - Common Stock",NASDAQ,N,1718224.0,5812,Consumer Discretionary
BTBT,"Bit Digital, Inc. - Ordinary Share",NASDAQ,N,1710350.0,6199,
BTCS,BTCS Inc. - Common Stock,NASDAQ,N,1436229.0,6199,
BTCT,BTC Digital Ltd. - Ordinary Shares,NASDAQ,N,1796514.0,6199,
BTDR,Bitdeer Technologies Group - Ordinary Shares,NASDAQ,N,1899123.0,6199,
BTE,Baytex Energy Corp Common Shares,NYSE,,1279495.0,1381,Energy
BTG,B2Gold Corp Common shares (Canada),AMEX,,1429937.0,1040,Materials
BTGO,"BitGo Holdings, Inc. Class A Common Stock",NYSE,,1740604.0,6199,
BTI,"British American Tobacco  Industries, p.l.c. Common Stock ADR",NYSE,,1303523.0,2111,Consumer Staples
BTLN,"Brightline Interactive, Inc. - Common Stock",NASDAQ,D,1854445.0,7371,Technology
BTMD,Biote Corp. - Class A common stock,NASDAQ,N,1819253.0,2833,Health Care
BTO,John Hancock Financial Opportunities Fund Common Stock,NYSE,,925683.0,,
BTOC,Armlogi Holding Corp. - common stock,NASDAQ,D,1972529.0,4220,Transport
BTQ,BTQ Technologies Corp. - Common Stock,NASDAQ,N,1821866.0,7370,Technology
BTSG,"BrightSpring Health Services, Inc. - Common Stock",NASDAQ,N,1865782.0,8082,Health Care
BTT,BlackRock Municipal 2030 Target Term Trust,NYSE,,1528437.0,,
BTTC,Black Titan Corp - Ordinary Shares,NASDAQ,D,2034400.0,7371,Technology
BTU,Peabody Energy Corporation Common Stock,NYSE,,1064728.0,1221,Energy
BTX,BlackRock Technology and Private Equity Term Trust Common Shares of Beneficial Interest,NYSE,,1836057.0,,
BTZ,BlackRock Credit Allocation Income Trust,NYSE,,1379384.0,,
BUD,Anheuser-Busch Inbev SA Sponsored ADR (Belgium),NYSE,,1668717.0,2082,Consumer Staples
BUDA,"Buda Juice, Inc. Common Stock",AMEX,,2079720.0,2080,Consumer Staples
BUI,"BlackRock Utility, Infrastructure & Power Opportunities Trust",NYSE,,1528988.0,,
BULL,Webull Corporation - Class A Ordinary Shares,NASDAQ,N,1866364.0,6211,Financials
BUR,Burford Capital Limited Ordinary Shares,NYSE,,1714174.0,6199,
BURL,"Burlington Stores, Inc. Common Stock",NYSE,,1579298.0,5311,Consumer Discretionary
BURU,"Nuburu, Inc. Common Stock",AMEX,,1814215.0,3690,Industrials
BUSE,First Busey Corporation - Common Stock,NASDAQ,N,314489.0,6022,Financials
BUUU,BUUU Group Limited - Class A Ordinary Share,NASDAQ,N,2047273.0,7900,Communication
BV,"BrightView Holdings, Inc. Common Stock",NYSE,,1734713.0,700,Consumer Staples
BVC,BitVentures Limited - Ordinary Share,NASDAQ,N,1785680.0,6282,Financials
BVFL,"BV Financial, Inc. - Common Stock",NASDAQ,N,1302387.0,6035,Financials
BVN,Buenaventura Mining Company Inc.,NYSE,,1013131.0,1000,Materials
BVS,Bioventus Inc. - Class A Common Stock,NASDAQ,N,1665988.0,3841,Health Care
BW,"Babcock & Wilcox Enterprises, Inc. Common Stock",NYSE,,1630805.0,3433,Industrials
BWA,BorgWarner Inc. Common Stock,NYSE,,908255.0,3714,Industrials
BWAY,BrainsWay Ltd. - American Depositary Shares,NASDAQ,N,1505065.0,3841,Health Care
BWB,"Bridgewater Bancshares, Inc. - Common Stock",NASDAQ,N,1341317.0,6022,Financials
BWEN,"Broadwind, Inc. - Common Stock",NASDAQ,N,1120370.0,3360,Materials
BWFG,"Bankwell Financial Group, Inc. - Common Stock",NASDAQ,N,1505732.0,6022,Financials
BWG,BrandywineGLOBAL Global Income Opportunities Fund Inc.,NYSE,,1504545.0,,
BWIN,"The Baldwin Insurance Group, Inc. - Class A Common Stock",NASDAQ,N,1781755.0,6411,Insurance
BWIV,Blue Water Acquisition Corp. IV Class A Ordinary Shares,NYSE,,2082847.0,6770,Financials
BWLP,BW LPG Limited Common Shares,NYSE,,1649313.0,4700,Transport
BWMN,Bowman Consulting Group Ltd. - Common Stock,NASDAQ,N,1847590.0,8742,Industrials
BWMX,"Betterware de Mexico, S.A.P.I. de C.V. Ordinary Shares",NYSE,,1788257.0,5961,Consumer Discretionary
BWXT,"BWX Technologies, Inc. Common Stock",NYSE,,1486957.0,3510,Industrials
BX,Blackstone Inc. Common Stock,NYSE,,1393818.0,6282,Financials
BXBL,"BOXABL, Inc.  - Common stock",NASDAQ,N,1906364.0,6770,Financials
BXC,Bluelinx Holdings Inc. Common Stock,NYSE,,1301787.0,5031,Industrials
BXDC,Blackstone Digital Infrastructure Trust Inc. Common Stock,NYSE,,2100161.0,6500,Real Estate
BXMT,"Blackstone Mortgage Trust, Inc. Common Stock",NYSE,,1061630.0,6798,Real Estate
BXP,"BXP, Inc. Common Stock",NYSE,,1037540.0,6798,Real Estate
BXSL,Blackstone Secured Lending Fund Common Shares of Beneficial Interest,NYSE,,1736035.0,,
BY,"Byline Bancorp, Inc. Common Stock",NYSE,,1702750.0,6022,Financials
BYAH,"Park Ha Biological Technology Co., Ltd. - Class A Ordinary Shares",NASDAQ,N,1986247.0,2840,Materials
BYD,Boyd Gaming Corporation Common Stock,NYSE,,906553.0,7011,Consumer Discretionary
BYFC,Broadway Financial Corporation - Class A Common Stock,NASDAQ,N,1001171.0,6035,Financials
BYND,"Beyond Meat, Inc. - Common stock",NASDAQ,N,1655210.0,2000,Consumer Staples
BYRN,"Byrna Technologies, Inc. - Common Stock",NASDAQ,N,1354866.0,3690,Industrials
BYSI,"BeyondSpring, Inc. - Ordinary Shares",NASDAQ,N,1677940.0,2834,Health Care
BZ,KANZHUN LIMITED - American Depository Shares,NASDAQ,N,1842827.0,7370,Technology
BZAI,"Blaize Holdings, Inc. - Common Stock",NASDAQ,N,1871638.0,3674,Technology
BZFD,"BuzzFeed, Inc. - Class A Common Stock",NASDAQ,N,1828972.0,4899,Communication
BZH,"Beazer Homes USA, Inc. Common Stock",NYSE,,915840.0,1531,Industrials
BZUN,Baozun Inc. - American Depositary Shares,NASDAQ,N,1625414.0,5961,Consumer Discretionary
C,"Citigroup, Inc. Common Stock",NYSE,,831001.0,6021,Financials
CAAP,Corporacion America Airports SA Common Shares,NYSE,,1717393.0,4581,Transport
CAAS,"China Automotive Systems, Inc. - Ordinary Share",NASDAQ,N,2037400.0,3714,Industrials
CABA,"Cabaletta Bio, Inc. - Common Stock",NASDAQ,N,1759138.0,2836,Health Care
CABO,"Cable One, Inc. Common Stock",NYSE,,1632127.0,4841,Communication
CABR,"Caring Brands, Inc. - Common Stock",NASDAQ,D,2020737.0,2844,Materials
CAC,Camden National Corporation - Common Stock,NASDAQ,N,750686.0,6021,Financials
CACC,Credit Acceptance Corporation - Common Stock,NASDAQ,N,885550.0,6141,Financials
CACI,"CACI International, Inc. Class A Common Stock",NYSE,,16058.0,7373,Technology
CADL,"Candel Therapeutics, Inc. - Common Stock",NASDAQ,N,1841387.0,2836,Health Care
CAE,CAE Inc - Common Shares,NASDAQ,N,1173382.0,3690,Industrials
CAES,"Cantor Equity Partners VII, Inc. - Class A Ordinary Shares",NASDAQ,N,2087965.0,6770,Financials
CAF,Morgan Stanley China A Share Fund Inc. Common Stock,NYSE,,1368493.0,,
CAG,"ConAgra Brands, Inc. Common Stock",NYSE,,23217.0,2000,Consumer Staples
CAH,"Cardinal Health, Inc. Common Stock",NYSE,,721371.0,5122,Industrials
CAI,"Caris Life Sciences, Inc. - Common Stock",NASDAQ,N,2019410.0,8071,Health Care
CAII,Collective Acquisition Corp. II - Class A Ordinary Shares,NASDAQ,N,2115404.0,6770,Financials
CAKE,The Cheesecake Factory Incorporated - Common Stock,NASDAQ,N,887596.0,5812,Consumer Discretionary
CAL,"Caleres, Inc. Common Stock",NYSE,,14707.0,3140,Materials
CALC,"CalciMedica, Inc. - Common Stock",NASDAQ,N,1534133.0,2834,Health Care
CALM,"Cal-Maine Foods, Inc. - Common Stock",NASDAQ,N,16160.0,200,Consumer Staples
CALX,"Calix, Inc Common Stock",NYSE,,1406666.0,4899,Communication
CALY,Callaway Golf Company Common Stock,NYSE,,837465.0,3949,Consumer Discretionary
CAMP,CAMP4 Therapeutics Corporation - Common Stock,NASDAQ,N,1736730.0,2834,Health Care
CAMT,Camtek Ltd. - Ordinary Shares,NASDAQ,N,1109138.0,3827,Technology
CAN,Canaan Inc. - American Depositary Shares,NASDAQ,D,1780652.0,6199,
CANF,"Can-Fite Biopharma Ltd American Depositary Shares, each representing two (2) Ordinary Shares",AMEX,,1536196.0,2834,Health Care
CANG,Cango Inc. Class A Ordinary Shares,NYSE,,1725123.0,7372,Technology
CAPL,CrossAmerica Partners LP Common Units representing limited partner interests,NYSE,,1538849.0,5172,Industrials
CAPN,Cayson Acquisition Corp - Ordinary Shares,NASDAQ,D,2024203.0,6770,Financials
CAPR,"Capricor Therapeutics, Inc. - Common Stock",NASDAQ,N,1133869.0,2834,Health Care
CAPS,Capstone Holding Corp. - Common Stock,NASDAQ,D,887151.0,5030,Industrials
CAQ,Cambridge Acquisition Corp. - Class A Ordinary Shares,NASDAQ,N,2100125.0,6770,Financials
CAR,"Avis Budget Group, Inc. - Common Stock",NASDAQ,N,723612.0,7510,Consumer Discretionary
CARE,"Carter Bankshares, Inc. - Common Stock",NASDAQ,N,1829576.0,6021,Financials
CARG,"CarGurus, Inc. - Class A Common Stock",NASDAQ,N,1494259.0,7374,Technology
CARL,"Carlsmed, Inc. - Common Stock",NASDAQ,N,1794546.0,3841,Health Care
CARR,Carrier Global Corporation Common Stock,NYSE,,1783180.0,3585,Industrials
CARS,Cars.com Inc. Common Stock,NYSE,,1683606.0,7374,Technology
CART,Maplebear Inc. - Common Stock,NASDAQ,N,1579091.0,7389,Industrials
CASH,"Pathward Financial, Inc. - Common Stock",NASDAQ,N,907471.0,6021,Financials
CASS,"Cass Information Systems, Inc - Common Stock",NASDAQ,N,708781.0,7389,Industrials
CAST,"FreeCast, Inc. - Class A common stock",NASDAQ,N,1633369.0,7374,Technology
CASY,"Caseys General Stores, Inc. - Common Stock",NASDAQ,N,726958.0,5500,Consumer Discretionary
CAT,"Caterpillar, Inc. Common Stock",NYSE,,18230.0,3531,Industrials
CATL,Catalyst Acquisition Corp. - Class A Ordinary Share,NASDAQ,N,2104391.0,6770,Financials
CATO,Cato Corporation (The) Class A Common Stock,NYSE,,18255.0,5621,Consumer Discretionary
CATX,"Perspective Therapeutics, Inc. Common Stock",AMEX,,728387.0,2834,Health Care
CATY,Cathay General Bancorp - Common Stock,NASDAQ,N,861842.0,6022,Financials
CAVA,"CAVA Group, Inc. Common Stock",NYSE,,1639438.0,5812,Consumer Discretionary
CB,Chubb Limited  Common Stock,NYSE,,896159.0,6331,Insurance
CBAN,"Colony Bankcorp, Inc. Common Stock",NYSE,,711669.0,6022,Financials
CBAT,CBAK Energy Technology Limited - Ordinary Shares,NASDAQ,D,2086841.0,3690,Industrials
CBC,"Central Bancompany, Inc. - Class A Common Stock",NASDAQ,N,2065601.0,6022,Financials
CBFV,"CB Financial Services, Inc. - Common Stock",NASDAQ,N,1605301.0,6022,Financials
CBIO,"Crescent Biopharma, Inc. - Common Stock",NASDAQ,N,1253689.0,2834,Health Care
CBK,"Commercial Bancgroup, Inc. - Common Stock",NASDAQ,N,1981546.0,6022,Financials
CBL,"CBL & Associates Properties, Inc. Common Stock",NYSE,,910612.0,6798,Real Estate
CBLL,"CeriBell, Inc. - Common Stock",NASDAQ,N,1861107.0,3845,Health Care
CBNA,"Chain Bridge Bancorp, Inc. Class A Common Stock",NYSE,,1392272.0,6021,Financials
CBNK,"Capital Bancorp, Inc. - Common Stock",NASDAQ,N,1419536.0,6021,Financials
CBRE,CBRE Group Inc Common Stock Class A,NYSE,,1138118.0,6500,Real Estate
CBRL,"Cracker Barrel Old Country Store, Inc. - Common Stock",NASDAQ,N,1067294.0,5812,Consumer Discretionary
CBRS,Cerebras Systems Inc. - Class A Common Stock,NASDAQ,N,2021728.0,3674,Technology
CBSH,"Commerce Bancshares, Inc. - Common Stock",NASDAQ,N,22356.0,6022,Financials
CBT,Cabot Corporation Common Stock,NYSE,,16040.0,2890,Materials
CBU,"Community Financial System, Inc. Common Stock",NYSE,,723188.0,6021,Financials
CBUS,"Cibus, Inc. - Class A Common Stock",NASDAQ,N,1705843.0,2870,Materials
CBZ,"CBIZ, Inc. Common Stock",NYSE,,944148.0,7389,Industrials
CC,Chemours Company (The) Common Stock,NYSE,,1627223.0,2800,Materials
CCAP,"Crescent Capital BDC, Inc. - Common Stock",NASDAQ,N,1633336.0,,
CCAQ,Collective Acquisition Corp. - Class A ordinary shares,NASDAQ,N,2041047.0,6770,Financials
CCB,Coastal Financial Corporation - Common Stock,NASDAQ,N,1437958.0,6022,Financials
CCBG,Capital City Bank Group - Common Stock,NASDAQ,N,726601.0,6022,Financials
CCC,CCC Intelligent Solutions Holdings Inc. - Common Stock,NASDAQ,N,1818201.0,7372,Technology
CCCC,"C4 Therapeutics, Inc. - Common Stock",NASDAQ,N,1662579.0,2836,Health Care
CCCT,Columbus Circle Capital Corp III - Class A Ordinary Shares,NASDAQ,N,2123471.0,6770,Financials
CCD,Calamos Dynamic Convertible & Income Fund - Closed End Fund,NASDAQ,N,1602584.0,,
CCEC,Capital Clean Energy Carriers Corp. - Common Share,NASDAQ,N,1392326.0,4412,Transport
CCEL,"Cryo-Cell International, Inc. Common Stock",AMEX,,862692.0,8090,Health Care
CCEP,Coca-Cola Europacific Partners plc - Ordinary Shares,NASDAQ,N,1650107.0,2086,Consumer Staples
CCG,Cheche Group Inc. - Class A Ordinary Shares,NASDAQ,N,1965473.0,6411,Insurance
CCHH,CCH Holdings Ltd - Class A Ordinary Shares,NASDAQ,N,2074123.0,5812,Consumer Discretionary
CCI,Crown Castle Inc. Common Stock,NYSE,,1051470.0,6798,Real Estate
CCIF,Carlyle Credit Income Fund Shares of Beneficial Interest,NYSE,,1517767.0,,
CCII,Cohen Circle Acquisition Corp. II - Class A Ordinary Shares,NASDAQ,N,2064683.0,6770,Financials
CCJ,Cameco Corporation Common Stock,NYSE,,1009001.0,1090,Materials
CCK,"Crown Holdings, Inc.",NYSE,,1219601.0,3411,Industrials
CCL,Carnival Corporation Ltd. Common Shares,NYSE,,815097.0,4400,Transport
CCLD,"CareCloud, Inc. - Common Stock",NASDAQ,N,1582982.0,7372,Technology
CCM,Concord Medical Services Holdings Limited American Depositary Shares (Each represents thirty (30) Class A ordinary shares),NYSE,,1472072.0,8011,Health Care
CCNE,CNB Financial Corporation - Common Stock,NASDAQ,N,736772.0,6022,Financials
CCO,"Clear Channel Outdoor Holdings, Inc. Common Stock",NYSE,,1334978.0,7310,Industrials
CCOI,"Cogent Communications Holdings, Inc. - Common Stock",NASDAQ,N,1158324.0,4899,Communication
CCS,"Century Communities, Inc. Common Stock",NYSE,,1576940.0,1531,Industrials
CCSI,"Consensus Cloud Solutions, Inc. - Common Stock",NASDAQ,N,1866633.0,7372,Technology
CCTG,CCSC Technology International Holdings Limited - Class A Ordinary Shares,NASDAQ,D,1931717.0,3640,Industrials
CCU,"Compania Cervecerias Unidas, S.A. Common Stock",NYSE,,888746.0,2082,Consumer Staples
CCXI,Churchill Capital Corp XI - Class A Ordinary Shares,NASDAQ,N,2074973.0,6770,Financials
CCZ,Comcast Holdings ZONES,NYSE,,1166691.0,4841,Communication
CD,Chaince Digital Holdings Inc. - American Ordinary Shares,NASDAQ,N,1527762.0,6199,
CDE,"Coeur Mining, Inc. Common Stock",NYSE,,215466.0,1040,Materials
CDIO,Cardio Diagnostics Holdings Inc. - Common stock,NASDAQ,N,1870144.0,2835,Health Care
CDLR,Cadeler A/S American Depositary Share (each representing four (4) Ordinary Shares),NYSE,,1978867.0,4412,Transport
CDLX,"Cardlytics, Inc. - Common Stock",NASDAQ,N,1666071.0,7370,Technology
CDNA,"CareDx, Inc. - Common Stock",NASDAQ,N,1217234.0,8071,Health Care
CDNL,Cardinal Infrastructure Group Inc. - Class A Common Stock,NASDAQ,N,2079999.0,1600,Industrials
CDNS,"Cadence Design Systems, Inc. - Common Stock",NASDAQ,N,813672.0,7372,Technology
CDP,COPT Defense Properties Common Shares of Beneficial Interest,NYSE,,860546.0,6798,Real Estate
CDRE,"Cadre Holdings, Inc. Common Stock",NYSE,,1860543.0,3842,Health Care
CDRO,"Codere Online Luxembourg, S.A. - Ordinary Shares",NASDAQ,N,1866782.0,7990,Communication
CDT,CDT Equity Inc. - Common Stock,NASDAQ,N,1896212.0,2834,Health Care
CDTG,CDT Environmental Technology Investment Holdings Limited - ordinary shares,NASDAQ,N,1793895.0,4950,Utilities
CDW,CDW Corporation - Common Stock,NASDAQ,N,1402057.0,5961,Consumer Discretionary
CDXS,"Codexis, Inc. - Common Stock",NASDAQ,N,1200375.0,2860,Materials
CDZI,"Cadiz, Inc. - Common Stock",NASDAQ,N,727273.0,4941,Utilities
CDZIP,"Cadiz, Inc. - Depositary Shares",NASDAQ,N,727273.0,4941,Utilities
CE,Celanese Corporation Common Stock,NYSE,,1306830.0,2820,Materials
CECO,CECO Environmental Corp. - Common Stock,NASDAQ,N,3197.0,3564,Industrials
CEE,"The Central and Eastern Europe Fund, Inc. (The) Common Stock",NYSE,,860489.0,,
CEG,Constellation Energy Corporation - Common Stock When-Issued,NASDAQ,N,1868275.0,4911,Utilities
CELC,Celcuity Inc. - Common Stock,NASDAQ,N,1603454.0,8071,Health Care
CELH,"Celsius Holdings, Inc. - Common Stock",NASDAQ,N,1341766.0,2086,Consumer Staples
CELU,Celularity Inc. - Class A Common Stock,NASDAQ,E,1752828.0,2834,Health Care
CELZ,"Creative Medical Technology Holdings, Inc. - Common Stock",NASDAQ,N,1187953.0,2836,Health Care
CENN,Cenntro Inc. - Common Stock,NASDAQ,N,1707919.0,3711,Industrials
CENT,Central Garden & Pet Company - Common Stock,NASDAQ,N,887733.0,5190,Industrials
CENTA,Central Garden & Pet Company - Class A Common Stock Nonvoting,NASDAQ,N,887733.0,5190,Industrials
CENX,Century Aluminum Company - Common Stock,NASDAQ,N,949157.0,3334,Materials
CEPF,"Cantor Equity Partners IV, Inc. - Class A Ordinary Shares",NASDAQ,N,2034267.0,6770,Financials
CEPL,"Capstone Energy Plus, Inc. - Common Stock",NASDAQ,N,1009759.0,3510,Industrials
CEPO,"Cantor Equity Partners I, Inc. - Class A Ordinary Shares",NASDAQ,N,2027708.0,6770,Financials
CEPS,"Cantor Equity Partners VI, Inc. - Class A Ordinary Shares",NASDAQ,N,2089536.0,6770,Financials
CEPU,Central Puerto S.A. American Depositary Shares (each represents ten Common Shares),NYSE,,1717161.0,4911,Utilities
CEPV,"Cantor Equity Partners V, Inc. - Class A Ordinary Shares",NASDAQ,N,2034266.0,6770,Financials
CERS,Cerus Corporation - Common Stock,NASDAQ,N,1020214.0,3841,Health Care
CERT,"Certara, Inc. - Common Stock",NASDAQ,N,1827090.0,7372,Technology
CET,Central Securities Corporation Common Stock,AMEX,,18748.0,,
CETX,Cemtrex Inc. - Common Stock,NASDAQ,N,1435064.0,1700,Industrials
CETY,"Clean Energy Technologies, Inc. - Common Stock",NASDAQ,N,1329606.0,4924,Utilities
CEV,Eaton Vance California Municipal Income Trust Shares of Beneficial Interest,AMEX,,1074692.0,,
CEVA,"CEVA, Inc. - Common Stock",NASDAQ,N,1173489.0,7370,Technology
CF,"CF Industries Holdings, Inc. Common Stock",NYSE,,1324404.0,2870,Materials
CFBK,CF Bankshares Inc. - Common Stock,NASDAQ,N,1070680.0,6021,Financials
CFFI,C&F Financial Corporation - Common Stock,NASDAQ,N,913341.0,6022,Financials
CFFN,"Capitol Federal Financial, Inc. - Common Stock",NASDAQ,N,1490906.0,6035,Financials
CFG,"Citizens Financial Group, Inc. Common Stock",NYSE,,759944.0,6022,Financials
CFND,C1 Fund Inc. Common Stock,NYSE,,2044327.0,,
CFR,"Cullen/Frost Bankers, Inc. Common Stock",NYSE,,39263.0,6021,Financials
CG,The Carlyle Group Inc. - Common Stock,NASDAQ,N,1527166.0,6282,Financials
CGAU,Centerra Gold Inc. Common Shares,NYSE,,1854640.0,1040,Materials
CGBD,"Carlyle Secured Lending, Inc. - Closed End Fund",NASDAQ,N,1544206.0,,
CGC,Canopy Growth Corporation - Common Shares,NASDAQ,N,1737927.0,2833,Health Care
CGCF,Cartesian Growth Corporation IV - Class A Ordinary Shares,NASDAQ,N,2126043.0,6770,Financials
CGEM,"Cullinan Therapeutics, Inc. - Common Stock",NASDAQ,N,1789972.0,2836,Health Care
CGEN,Compugen Ltd. - Ordinary Shares,NASDAQ,N,1119774.0,2836,Health Care
CGNT,Cognyte Software Ltd. - Ordinary Shares,NASDAQ,N,1824814.0,7372,Technology
CGNX,Cognex Corporation - Common Stock,NASDAQ,N,851205.0,3823,Industrials
CGO,Calamos Global Total Return Fund - Closed End Fund,NASDAQ,N,1285650.0,,
CGON,"CG Oncology, Inc. - Common stock",NASDAQ,N,1991792.0,2836,Health Care
CGTL,Creative Global Technology Holdings Limited - Class A Ordinary Shares,NASDAQ,N,1967822.0,5045,Industrials
CGTX,"Cognition Therapeutics, Inc. - Common Stock",NASDAQ,N,1455365.0,2836,Health Care
CHA,"Chagee Holdings Limited - American Depositary Shares, each representing 1 Class A ordinary share",NASDAQ,N,2013649.0,5810,Consumer Discretionary
CHAI,"Core AI Holdings, Inc. - Common Shares",NASDAQ,D,1649009.0,4812,Communication
CHAR,Charlton Aria Acquisition Corporation - Class A Ordinary Shares,NASDAQ,N,2024459.0,6770,Financials
CHCI,"Comstock Holding Companies, Inc. - Class A Common Stock",NASDAQ,N,1299969.0,6500,Real Estate
CHCO,City Holding Company - Common Stock,NASDAQ,N,726854.0,6021,Financials
CHCT,Community Healthcare Trust Incorporated Common Stock,NYSE,,1631569.0,6798,Real Estate
CHD,"Church & Dwight Company, Inc. Common Stock",NYSE,,313927.0,2840,Materials
CHDN,"Churchill Downs, Incorporated - Common Stock",NASDAQ,N,20212.0,7948,Communication
CHE,Chemed Corp,NYSE,,19584.0,8082,Health Care
CHEC,Chenghe Acquisition III Co. - Class A Ordinary Shares,NASDAQ,N,2047177.0,6770,Financials
CHEF,"The Chefs' Warehouse, Inc. - Common Stock",NASDAQ,N,1517175.0,5141,Industrials
CHGA,Change Agents Corporation  - Common Stock,NASDAQ,N,1630212.0,7371,Technology
CHGG,"Chegg, Inc. Common Stock",NYSE,,1364954.0,8200,Consumer Discretionary
CHH,"Choice Hotels International, Inc. Common Stock",NYSE,,1046311.0,7011,Consumer Discretionary
CHI,Calamos Convertible Opportunities and Income Fund - Closed End Fund,NASDAQ,N,1171471.0,,
CHKP,Check Point Software Technologies Ltd. - Ordinary Shares,NASDAQ,N,1015922.0,7372,Technology
CHMG,Chemung Financial Corp  - Common Stock,NASDAQ,N,763563.0,6022,Financials
CHMI,Cherry Hill Mortgage Investment Corporation Common Stock,NYSE,,1571776.0,6798,Real Estate
CHNR,"China Natural Resources, Inc. - Common Shares",NASDAQ,N,793628.0,1040,Materials
CHOW,ChowChow Cloud International Holdings Limited Ordinary Shares,AMEX,,2041829.0,7372,Technology
CHPG,ChampionsGate Acquisition Corporation - Class A Ordinary Share,NASDAQ,N,2024460.0,6770,Financials
CHPT,"ChargePoint Holdings, Inc. Common Stock",NYSE,,1777393.0,3690,Industrials
CHR,"Cheer Holding, Inc.  - Class A Ordinary Share",NASDAQ,N,1738758.0,7374,Technology
CHRD,Chord Energy Corporation - Common Stock,NASDAQ,N,1486159.0,1311,Energy
CHRN,ChronoScale Holdings Corporation - Common Stock,NASDAQ,N,1549084.0,3569,Industrials
CHRS,"Coherus Oncology, Inc. - Common Stock",NASDAQ,N,1512762.0,2836,Health Care
CHRW,"C.H. Robinson Worldwide, Inc. - Common Stock",NASDAQ,N,1043277.0,4731,Transport
CHSN,Chanson International Holding - Class A Ordinary Shares,NASDAQ,N,1825349.0,2000,Consumer Staples
CHT,"Chunghwa Telecom Co., Ltd.",NYSE,,1132924.0,4812,Communication
CHTR,"Charter Communications, Inc. - Class A Common Stock",NASDAQ,N,1091667.0,4841,Communication
CHW,Calamos Global Dynamic Income Fund - Closed End Fund,NASDAQ,N,1396277.0,,
CHWY,"Chewy, Inc. Class A Common Stock",NYSE,,1766502.0,5961,Consumer Discretionary
CHY,Calamos Convertible and High Income Fund - Closed End Fund,NASDAQ,N,1222719.0,,
CHYM,"Chime Financial, Inc. - Class A Common Stock",NASDAQ,N,1795586.0,6199,
CI,The Cigna Group Common Stock,NYSE,,1739940.0,6324,Insurance
CIA,"Citizens, Inc. Class A Common Stock ($1.00 Par)",NYSE,,24090.0,6311,Insurance
CIEN,Ciena Corporation Common Stock,NYSE,,936395.0,3661,Technology
CIFR,Cipher Digital Inc. - Common Stock,NASDAQ,N,1819989.0,6199,
CIG,Comp En De Mn Cemig ADS American Depositary Shares,NYSE,,1157557.0,4911,Utilities
CIGI,Colliers International Group Inc.  - Subordinate Voting Shares,NASDAQ,N,913353.0,6500,Real Estate
CIGL,Concorde International Group Ltd - Class A Ordinary Shares,NASDAQ,D,2001794.0,7381,Industrials
CII,"BlackRock Enhanced Large Cap Core Fund, Inc. Common Stock",NYSE,,1278895.0,,
CIIT,"Tianci International, Inc. - Common Stock",NASDAQ,N,1557798.0,3576,Technology
CIK,"UBS Asset Management Income Fund, Inc. Common Stock",AMEX,,810766.0,,
CIM,Chimera Investment Corporation Common Stock,NYSE,,1409493.0,6798,Real Estate
CINF,Cincinnati Financial Corporation - Common Stock,NASDAQ,N,20286.0,6331,Insurance
CING,Cingulate Inc. - Common Stock,NASDAQ,N,1862150.0,2834,Health Care
CINT,CI&T Inc Class A Common Shares,NYSE,,1868995.0,7371,Technology
CION,CION Investment Corporation Common Stock,NYSE,,1534254.0,,
CIRC,"Circle8 Group, Inc. - Common Stock",NASDAQ,D,1605888.0,7363,Industrials
CISO,"CISO Global, Inc. - Common Stock",NASDAQ,D,1777319.0,8742,Industrials
CISS,C3is Inc. - Common Stock,NASDAQ,N,1951067.0,4412,Transport
CITR,CitroTech Inc. Common Stock,AMEX,,894556.0,2800,Materials
CIVB,"Civista Bancshares, Inc.  - Common Stock",NASDAQ,N,944745.0,6022,Financials
CIX,CompX International Inc. Common Stock,AMEX,,1049606.0,3420,Industrials
CJMB,Callan JMB Inc. - Common Stock,NASDAQ,D,2032545.0,7389,Industrials
CKX,"CKX Lands, Inc. Common Stock",AMEX,,352955.0,1311,Energy
CL,Colgate-Palmolive Company Common Stock,NYSE,,21665.0,2844,Materials
CLAR,Clarus Corporation - Common Stock,NASDAQ,N,913277.0,3949,Consumer Discretionary
CLB,Core Laboratories Inc. Common Stock,NYSE,,1958086.0,1389,Energy
CLBK,"Columbia Financial, Inc. - Common Stock",NASDAQ,N,2115119.0,6035,Financials
CLBR,Colombier Acquisition Corp. III Class A Ordinary Shares,NYSE,,2091024.0,6770,Financials
CLBT,Cellebrite DI Ltd. - Ordinary Shares,NASDAQ,N,1854587.0,7372,Technology
CLDI,"Calidi Biotherapeutics, Inc. Common Stock",AMEX,,1855485.0,2836,Health Care
CLDT,Chatham Lodging Trust (REIT) Common Shares of Beneficial Interest,NYSE,,1476045.0,6798,Real Estate
CLDX,"Celldex Therapeutics, Inc. - Common Stock",NASDAQ,N,744218.0,2835,Health Care
CLF,Cleveland-Cliffs Inc. Common Stock,NYSE,,764065.0,1000,Materials
CLFD,"Clearfield, Inc. - Common Stock",NASDAQ,N,796505.0,3661,Technology
CLGN,CollPlant Biotechnologies Ltd. - Ordinary Shares,NASDAQ,D,1631487.0,3842,Health Care
CLH,"Clean Harbors, Inc. Common Stock",NYSE,,822818.0,4955,Utilities
CLIK,Click Holdings Limited - Ordinary Share,NASDAQ,N,2020027.0,7361,Industrials
CLIR,ClearSign Technologies Corporation - Common Stock,NASDAQ,N,1434524.0,3823,Industrials
CLLS,Cellectis S.A. - American Depositary Shares,NASDAQ,N,1627281.0,2836,Health Care
CLM,"Cornerstone Strategic Investment Fund, Inc. Common Shares",AMEX,,814083.0,0,
CLMB,"Climb Global Solutions, Inc. - Common Stock",NASDAQ,N,945983.0,5045,Industrials
CLMT,"Calumet, Inc - Common Stock",NASDAQ,N,2013745.0,2911,Energy
CLNE,Clean Energy Fuels Corp. - Common Stock,NASDAQ,N,1368265.0,4932,Utilities
CLNN,Clene Inc. - Common Stock,NASDAQ,N,1822791.0,2834,Health Care
CLOV,"Clover Health Investments, Corp.  - Class A Common stock",NASDAQ,N,1801170.0,6324,Insurance
CLPR,Clipper Realty Inc. Common Stock,NYSE,,1649096.0,6798,Real Estate
CLPS,CLPS Incorporation - Common Stock,NASDAQ,N,1724542.0,7372,Technology
CLPT,ClearPoint Neuro Inc. - Common Stock,NASDAQ,N,1285550.0,3841,Health Care
CLRB,"Cellectar Biosciences, Inc. - Common Stock",NASDAQ,N,1279704.0,2834,Health Care
CLRO,"ClearOne, Inc. - Common Stock",NASDAQ,D,840715.0,3661,Technology
CLS,"Celestica, Inc. Common Stock",NYSE,,1030894.0,3672,Industrials
CLSK,"CleanSpark, Inc. - Common Stock",NASDAQ,N,827876.0,6199,
CLST,"Catalyst Bancorp, Inc. - common stock",NASDAQ,N,1849867.0,6035,Financials
CLVT,Clarivate Plc Ordinary Shares,NYSE,,1764046.0,7374,Technology
CLW,Clearwater Paper Corporation Common Stock,NYSE,,1441236.0,2631,Materials
CLWT,Euro Tech Holdings Company Limited - Ordinary Shares,NASDAQ,N,1026662.0,5040,Industrials
CLX,Clorox Company (The) Common Stock,NYSE,,21076.0,2842,Materials
CLYM,"Climb Bio, Inc. - Common Stock",NASDAQ,N,1768446.0,2834,Health Care
CM,Canadian Imperial Bank of Commerce Common Stock,NYSE,,1045520.0,6029,Financials
CMBT,CMB.TECH NV Ordinary Shares,NYSE,,1604481.0,4412,Transport
CMC,Commercial Metals Company Common Stock,NYSE,,22444.0,3312,Materials
CMCL,Caledonia Mining Corporation Plc Common Shares,AMEX,,766011.0,1040,Materials
CMCM,"Cheetah Mobile Inc. American Depositary Shares, each representing fifty (50) Class A Ordinary Shares",NYSE,,1597835.0,7372,Technology
CMCO,Columbus McKinnon Corporation - Common Stock,NASDAQ,N,1005229.0,3531,Industrials
CMCSA,Comcast Corporation - Class A Common Stock,NASDAQ,N,1166691.0,4841,Communication
CMCT,Creative Media  - Common Stock,NASDAQ,N,908311.0,6798,Real Estate
CMDB,Costamare Bulkers Holdings Limited Common Stock,NYSE,,2033535.0,4400,Transport
CME,CME Group Inc. - Class A Common Stock,NASDAQ,N,1156375.0,6200,Financials
CMG,"Chipotle Mexican Grill, Inc. Common Stock",NYSE,,1058090.0,5812,Consumer Discretionary
CMI,Cummins Inc. Common Stock,NYSE,,26172.0,3510,Industrials
CMMB,Chemomab Therapeutics Ltd.  - American Depositary Shares,NASDAQ,N,1534248.0,2834,Health Care
CMND,Clearmind Medicine Inc. - Common Shares,NASDAQ,N,1892500.0,2834,Health Care
CMP,Compass Minerals Intl Inc Common Stock,NYSE,,1227654.0,1400,Materials
CMPR,Cimpress plc - Ordinary Shares,NASDAQ,N,1262976.0,2750,Communication
CMPS,COMPASS Pathways Plc - American Depository Shares,NASDAQ,N,1816590.0,2834,Health Care
CMPX,"Compass Therapeutics, Inc. - Common Stock",NASDAQ,N,1738021.0,2836,Health Care
CMRC,"Commerce.com, Inc. - Series 1 Common Stock",NASDAQ,N,1626450.0,7372,Technology
CMRE,Costamare Inc. Common Stock $0.0001 par value,NYSE,,1503584.0,4412,Transport
CMS,CMS Energy Corporation Common Stock,NYSE,,811156.0,4931,Utilities
CMT,Core Molding Technologies Inc Common Stock,AMEX,,1026655.0,3089,Materials
CMTG,"Claros Mortgage Trust, Inc. Common Stock",NYSE,,1666291.0,6500,Real Estate
CMTL,Comtech Telecommunications Corp. - Common Stock,NASDAQ,N,23197.0,3663,Technology
CMTV,Community Bancorp.  - Common stock,NASDAQ,N,718413.0,6021,Financials
CNA,CNA Financial Corporation Common Stock,NYSE,,21175.0,6331,Insurance
CNC,Centene Corporation Common Stock,NYSE,,1071739.0,6324,Insurance
CNCK,Coincheck Group N.V. - Ordinary Shares,NASDAQ,N,1913847.0,6199,
CNDT,Conduent Incorporated - Common Stock,NASDAQ,N,1677703.0,7389,Industrials
CNET,ZW Data Action Technologies Inc. - Common Stock,NASDAQ,N,1376321.0,7370,Technology
CNEY,CN Energy Group Inc. - Class A Ordinary Shares,NASDAQ,D,1780785.0,2860,Materials
CNF,"CNFinance Holdings Limited American Depositary Shares, each representing two hundred (200) Ordinary Shares",NYSE,,1733868.0,6199,
CNH,CNH Industrial N.V. Common Shares,NYSE,,1567094.0,3531,Industrials
CNI,Canadian National Railway Company Common Stock,NYSE,,16868.0,4011,Transport
CNK,"Cinemark Holdings Inc Cinemark Holdings, Inc. Common Stock",NYSE,,1385280.0,7830,Communication
CNL,Collective Mining Ltd. - Common Stock,NASDAQ,N,1953575.0,1040,Materials
CNM,"Core & Main, Inc. Class A Common Stock",NYSE,,1856525.0,5099,Industrials
CNMD,CONMED Corporation Common Stock,NYSE,,816956.0,3845,Health Care
CNNE,"Cannae Holdings, Inc. Common Stock",NYSE,,1704720.0,5810,Consumer Discretionary
CNO,"CNO Financial Group, Inc. Common Stock",NYSE,,1224608.0,6321,Insurance
CNOB,"ConnectOne Bancorp, Inc. - Common Stock",NASDAQ,N,712771.0,6022,Financials
CNP,"CenterPoint Energy, Inc (Holding Co) Common Stock",NYSE,,1130310.0,4911,Utilities
CNQ,Canadian Natural Resources Limited Common Stock,NYSE,,1017413.0,1311,Energy
CNR,"Core Natural Resources, Inc. Common Stock",NYSE,,1710366.0,1220,Energy
CNS,Cohen & Steers Inc Common Stock,NYSE,,1284812.0,6282,Financials
CNSP,"CNS Pharmaceuticals, Inc. - Common Stock",NASDAQ,N,1729427.0,2834,Health Care
CNSY,"Cerenome, Inc. - Common Stock",NASDAQ,N,1095981.0,3841,Health Care
CNTB,Connect Biopharma Holdings Limited - Ordinary Shares,NASDAQ,N,1835268.0,2834,Health Care
CNTN,"Canton Strategic Holdings, Inc. - Common Stock",NASDAQ,N,1861657.0,2834,Health Care
CNTX,Context Therapeutics Inc. - Common Stock,NASDAQ,D,1842952.0,2834,Health Care
CNTY,"Century Casinos, Inc. - Common Stock",NASDAQ,N,911147.0,7011,Consumer Discretionary
CNVS,Cineverse Corp. - Class A Common Stock,NASDAQ,N,1173204.0,7841,Communication
CNX,CNX Resources Corporation Common Stock,NYSE,,1070412.0,1311,Energy
CNXC,Concentrix Corporation - Common Stock,NASDAQ,N,1803599.0,7389,Industrials
CNXN,"PC Connection, Inc. - Common Stock",NASDAQ,N,1050377.0,5045,Industrials
CNXU,Conexeu Sciences Inc. - Common Stock,NASDAQ,N,2066836.0,3842,Health Care
COAG,"Hemab Therapeutics Holdings, Inc. - Common Stock",NASDAQ,N,2114044.0,2836,Health Care
COCH,"Envoy Medical, Inc. - Class A Common Stock",NASDAQ,D,1840877.0,3842,Health Care
COCO,"The Vita Coco Company, Inc. - Common Stock",NASDAQ,N,1482981.0,2080,Consumer Staples
COCP,"Cocrystal Pharma, Inc. - Common Stock",NASDAQ,N,1412486.0,2834,Health Care
CODA,"Coda Octopus Group, Inc. - Common stock",NASDAQ,N,1334325.0,3812,Industrials
CODI,D/B/A Compass Diversified Holdings Shares of Beneficial Interest,NYSE,,1345126.0,2510,Industrials
CODX,"Co-Diagnostics, Inc. - Common Stock",NASDAQ,N,1692415.0,3841,Health Care
COE,"51Talk Online Education Group American depositary shares, each representing 60 Class A ordinary shares",AMEX,,1659494.0,8200,Consumer Discretionary
COF,Capital One Financial Corporation Common Stock,NYSE,,927628.0,6021,Financials
COFS,"ChoiceOne Financial Services, Inc. - Common Stock",NASDAQ,N,803164.0,6022,Financials
COGT,"Cogent Biosciences, Inc. - Common Stock",NASDAQ,N,1622229.0,2834,Health Care
COHN,Cohen & Company Inc.,AMEX,,1270436.0,6211,Financials
COHR,Coherent Corp. Common Stock,NYSE,,820318.0,3827,Technology
COHU,"Cohu, Inc. - Common Stock",NASDAQ,N,21535.0,3825,Industrials
COIN,"Coinbase Global, Inc. - Class A Common Stock",NASDAQ,N,1679788.0,6199,
COKE,"Coca-Cola Consolidated, Inc. - Common Stock",NASDAQ,N,317540.0,2086,Consumer Staples
COLA,Columbus Acquisition Corp - Ordinary Shares,NASDAQ,D,2028201.0,6770,Financials
COLB,"Columbia Banking System, Inc. - Common Stock",NASDAQ,N,887343.0,6022,Financials
COLD,"Americold Realty Trust, Inc. Common Stock",NYSE,,1455863.0,6798,Real Estate
COLL,"Collegium Pharmaceutical, Inc. - Common Stock",NASDAQ,N,1267565.0,2834,Health Care
COLM,Columbia Sportswear Company - Common Stock,NASDAQ,N,1050797.0,2300,Consumer Discretionary
COMP,"Compass, Inc. Class A Common Stock",NYSE,,1563190.0,6531,Real Estate
CON,"Concentra Group Holdings Parent, Inc. Common Stock",NYSE,,2014596.0,8093,Health Care
COO,"The Cooper Companies, Inc.  - Common Stock",NASDAQ,N,711404.0,3851,Health Care
COOK,"Traeger, Inc. Common Stock",NYSE,,1857853.0,3630,Industrials
COOT,Australian Oilseeds Holdings Limited - Ordinary Shares,NASDAQ,D,1959994.0,2070,Consumer Staples
COP,ConocoPhillips Common Stock,NYSE,,1163165.0,2911,Energy
COPL,Copley Acquisition Corp Ordinary Shares,NYSE,,2045473.0,6770,Financials
COPR,Idaho Copper Corporation Common Stock,AMEX,,1263364.0,1000,Materials
COR,"Cencora, Inc. Common Stock",NYSE,,1140859.0,5122,Industrials
CORT,Corcept Therapeutics Incorporated - Common Stock,NASDAQ,N,1088856.0,2834,Health Care
CORZ,"Core Scientific, Inc. - Common Stock",NASDAQ,N,1839341.0,6199,
CORZZ,"Core Scientific, Inc. - Tranche 2 Warrants",NASDAQ,N,1839341.0,6199,
COSM,Cosmos Health Inc. - Common Stock,NASDAQ,D,1474167.0,5122,Industrials
COSO,"CoastalSouth Bancshares, Inc. Common Stock",NYSE,,1297107.0,6022,Financials
COST,Costco Wholesale Corporation - Common Stock,NASDAQ,N,909832.0,5331,Consumer Discretionary
COTY,Coty Inc. Class A Common Stock,NYSE,,1024305.0,2844,Materials
COUR,"Coursera, Inc. Common Stock",NYSE,,1651562.0,7372,Technology
COYA,"Coya Therapeutics, Inc. - Common Stock",NASDAQ,N,1835022.0,2834,Health Care
CP,Canadian Pacific Kansas City Limited Common Shares,NYSE,,16875.0,4011,Transport
CPA,"Copa Holdings, S.A. Class A Common Stock",NYSE,,1345105.0,4512,Transport
CPAC,Cementos Pacasmayo S.A.A. American Depositary Shares (Each representing five Common Shares),NYSE,,1221029.0,3241,Materials
CPAY,"Corpay, Inc. Common Stock",NYSE,,1175454.0,7389,Industrials
CPB,The Campbell's Company - Common Stock,NASDAQ,N,16732.0,2000,Consumer Staples
CPBI,"Central Plains Bancshares, Inc. - Common Stock",NASDAQ,N,1979332.0,6035,Financials
CPF,Central Pacific Financial Corp New,NYSE,,701347.0,6022,Financials
CPHC,Canterbury Park Holding Corporation - Common Stock,NASDAQ,N,1672909.0,7948,Communication
CPHI,"China Pharma Holdings, Inc. Common Stock",AMEX,,1106644.0,2834,Health Care
CPIX,Cumberland Pharmaceuticals Inc. - Common Stock,NASDAQ,N,1087294.0,2834,Health Care
CPK,Chesapeake Utilities Corporation Common Stock,NYSE,,19745.0,4923,Utilities
CPNG,"Coupang, Inc. Class A Common Stock",NYSE,,1834584.0,5961,Consumer Discretionary
CPOP,"Pop Culture Group Co., Ltd - Class A Ordinary Shares",NASDAQ,D,1807389.0,7900,Communication
CPRI,Capri Holdings Limited Ordinary Shares,NYSE,,1530721.0,3100,Materials
CPRT,"Copart, Inc. - Common Stock",NASDAQ,N,900075.0,5500,Consumer Discretionary
CPS,Cooper-Standard Holdings Inc. Common Stock,NYSE,,1320461.0,3714,Industrials
CPSH,CPS Technologies Corp. - Common Stock,NASDAQ,N,814676.0,3260,Materials
CPSS,"Consumer Portfolio Services, Inc. - Common Stock",NASDAQ,N,889609.0,6199,
CPT,Camden Property Trust Common Stock,NYSE,,906345.0,6798,Real Estate
CPZ,Calamos Long/Short Equity & Dynamic Income Trust - Closed End Fund,NASDAQ,N,1717457.0,,
CQP,"Cheniere Energy Partners, LP Common Units",NYSE,,1383650.0,4924,Utilities
CR,Crane Company Common Stock,NYSE,,1944013.0,3490,Industrials
CRAC,Crown Reserve Acquisition Corp. I - Class A Ordinary Shares,NASDAQ,N,2070887.0,6770,Financials
CRAI,"CRA International,Inc. - Common Stock",NASDAQ,N,1053706.0,8111,Consumer Discretionary
CRAN,Crane Harbor Acquisition Corp. II - Class A Ordinary Shares,NASDAQ,N,2081358.0,6770,Financials
CRAQ,Cal Redwood Acquisition Corp. - Class A Ordinary Shares,NASDAQ,N,2058359.0,6770,Financials
CRBG,Corebridge Financial Inc. Common Stock,NYSE,,1889539.0,6311,Insurance
CRBP,"Corbus Pharmaceuticals Holdings, Inc. - Common Stock",NASDAQ,N,1595097.0,2834,Health Care
CRBU,"Caribou Biosciences, Inc. - Common Stock",NASDAQ,N,1619856.0,2836,Health Care
CRC,California Resources Corporation Common Stock,NYSE,,1609253.0,1311,Energy
CRCL,"Circle Internet Group, Inc. Class A Common Stock",NYSE,,1876042.0,6199,
CRCT,"Cricut, Inc. - Class A common stock",NASDAQ,N,1828962.0,3559,Industrials
CRDF,"Cardiff Oncology, Inc. - Common Stock",NASDAQ,N,1213037.0,2836,Health Care
CRDL,Cardiol Therapeutics Inc. - Class A Common Shares,NASDAQ,N,1702123.0,2836,Health Care
CRDO,Credo Technology Group Holding Ltd - Ordinary Shares,NASDAQ,N,1807794.0,3674,Technology
CRE,Cre8 Enterprise Limited - Class A Ordinary Shares,NASDAQ,N,2003977.0,2750,Communication
CRESY,"Cresud S.A.C.I.F. y A. - American Depositary Shares, each representing ten shares of Common Stock",NASDAQ,N,1034957.0,6500,Real Estate
CREX,"Creative Realities, Inc. - Common Stock",NASDAQ,N,1356093.0,7373,Technology
CRF,"Cornerstone Total Return Fund, Inc. (The) Common Stock",AMEX,,33934.0,,
CRGO,Freightos Limited - Ordinary shares,NASDAQ,N,1927719.0,4731,Transport
CRGY,Crescent Energy Company Class A Common Stock,NYSE,,1866175.0,1311,Energy
CRH,CRH PLC Ordinary Shares,NYSE,,849395.0,3241,Materials
CRI,"Carter's, Inc. Common Stock",NYSE,,1060822.0,2300,Consumer Discretionary
CRIS,"Curis, Inc. - Common Stock",NASDAQ,N,1108205.0,2836,Health Care
CRK,"Comstock Resources, Inc. Common Stock",NYSE,,23194.0,1311,Energy
CRL,"Charles River Laboratories International, Inc. Common Stock",NYSE,,1100682.0,8731,Health Care
CRM,"Salesforce, Inc. Common Stock",NYSE,,1108524.0,7372,Technology
CRMD,CorMedix Inc. - Common Stock,NASDAQ,N,1410098.0,2834,Health Care
CRML,Critical Metals Corp. - Ordinary Shares,NASDAQ,N,1951089.0,1000,Materials
CRMT,"America's Car-Mart, Inc. - Common Stock",NASDAQ,N,799850.0,5500,Consumer Discretionary
CRNC,Cerence Inc. - Common Stock,NASDAQ,N,1768267.0,7372,Technology
CRNT,Ceragon Networks Ltd. - Ordinary Shares,NASDAQ,N,1119769.0,3663,Technology
CRON,Cronos Group Inc. - Common Share,NASDAQ,N,1656472.0,2833,Health Care
CROX,"Crocs, Inc. - Common Stock",NASDAQ,N,1334036.0,3021,Materials
CRS,Carpenter Technology Corporation Common Stock,NYSE,,17843.0,3312,Materials
CRSP,CRISPR Therapeutics AG - Common Shares,NASDAQ,N,1674416.0,2836,Health Care
CRSR,"Corsair Gaming, Inc. - Common Stock",NASDAQ,N,1743759.0,3577,Technology
CRT,Cross Timbers Royalty Trust Common Stock,NYSE,,881787.0,6792,Financials
CRTO,Criteo S.A. - Ordinary Shares,NASDAQ,N,1576427.0,7311,Industrials
CRUS,"Cirrus Logic, Inc. - Common Stock",NASDAQ,N,772406.0,3674,Technology
CRVL,CorVel Corp. - Common Stock,NASDAQ,N,874866.0,6411,Insurance
CRVO,CervoMed Inc. - Common Stock,NASDAQ,N,1053691.0,2834,Health Care
CRVS,"Corvus Pharmaceuticals, Inc. - Common Stock",NASDAQ,N,1626971.0,2834,Health Care
CRWD,"CrowdStrike Holdings, Inc. - Class A Common Stock",NASDAQ,N,1535527.0,7372,Technology
CRWS,"Crown Crafts, Inc. - Common Stock",NASDAQ,N,25895.0,2211,Consumer Discretionary
CRWV,"CoreWeave, Inc. - Class A Common Stock",NASDAQ,N,1769628.0,7372,Technology
CSAI,"Cloudastructure, Inc. - Class A Common Stock",NASDAQ,N,1709628.0,7370,Technology
CSAN,Cosan S.A. ADS,NYSE,,1430162.0,5500,Consumer Discretionary
CSBR,"Champions Oncology, Inc. - Common Stock",NASDAQ,N,771856.0,2836,Health Care
CSCO,"Cisco Systems, Inc. - Common Stock",NASDAQ,N,858877.0,3576,Technology
CSGP,"CoStar Group, Inc. - Common Stock",NASDAQ,N,1057352.0,7389,Industrials
CSHR,CoinShares PLC - Ordinary Shares,NASDAQ,N,2087587.0,6211,Financials
CSIQ,Canadian Solar Inc. - Common Shares,NASDAQ,N,1375877.0,3674,Technology
CSL,Carlisle Companies Incorporated Common Stock,NYSE,,790051.0,3060,Materials
CSPI,CSP Inc. - Common Stock,NASDAQ,N,356037.0,7373,Technology
CSQ,Calamos Strategic Total Return Fund - Closed End Fund,NASDAQ,N,1275214.0,,
CSQR,"Csquare, Inc. Common Stock",NYSE,,2105398.0,7370,Technology
CSR,D/B/A Centerspace Common Stock,NYSE,,798359.0,6798,Real Estate
CSTE,Caesarstone Ltd. - Ordinary Shares,NASDAQ,N,1504379.0,3281,Materials
CSTL,"Castle Biosciences, Inc. - Common stock",NASDAQ,N,1447362.0,8071,Health Care
CSTM,Constellium SE Ordinary Shares (France),NYSE,,1563411.0,3341,Materials
CSV,"Carriage Services, Inc. Common Stock",NYSE,,1016281.0,7200,Consumer Discretionary
CSW,"CSW Industrials, Inc. Common Stock",NYSE,,1624794.0,2891,Materials
CSWC,Capital Southwest Corporation - Common Stock,NASDAQ,N,17313.0,,
CSX,CSX Corporation - Common Stock,NASDAQ,N,277948.0,4011,Transport
CTAA,ClearThink 1 Acquisition Corp. - Class A Ordinary Shares,NASDAQ,N,2094073.0,6770,Financials
CTAS,Cintas Corporation - Common Stock,NASDAQ,N,723254.0,2320,Consumer Discretionary
CTBI,"Community Trust Bancorp, Inc. - Common Stock",NASDAQ,N,350852.0,6022,Financials
CTEV,Claritev Corporation Class A Common Stock,NYSE,,1793229.0,7389,Industrials
CTGO,Contango Silver & Gold Inc. Common Stock,AMEX,,1502377.0,1040,Materials
CTKB,"Cytek Biosciences, Inc. - Common Stock",NASDAQ,N,1831915.0,3826,Health Care
CTM,"Castellum, Inc. Common Stock",AMEX,,1877939.0,8742,Industrials
CTMX,"CytomX Therapeutics, Inc. - Common Stock",NASDAQ,N,1501989.0,2834,Health Care
CTNM,"Contineum Therapeutics, Inc. - Common stock",NASDAQ,N,1855175.0,2834,Health Care
CTNT,Cheetah Net Supply Chain Service Inc. - Class A Common Stock,NASDAQ,N,1951667.0,5010,Industrials
CTO,"CTO Realty Growth, Inc. Common Stock",NYSE,,23795.0,6798,Real Estate
CTOR,"Citius Oncology, Inc.  - Common Stock",NASDAQ,D,1851484.0,2834,Health Care
CTOS,"Custom Truck One Source, Inc. Common Stock",NYSE,,1709682.0,7359,Industrials
CTRE,"CareTrust REIT, Inc. Common Stock",NYSE,,1590717.0,6798,Real Estate
CTRI,"Centuri Holdings, Inc. Common Stock",NYSE,,1981599.0,4923,Utilities
CTRM,Castor Maritime Inc. - Common Shares,NASDAQ,N,1720161.0,4412,Transport
CTRN,"Citi Trends, Inc. - Common Stock",NASDAQ,N,1318484.0,5600,Consumer Discretionary
CTS,CTS Corporation Common Stock,NYSE,,26058.0,3672,Industrials
CTSH,Cognizant Technology Solutions Corporation - Class A Common Stock,NASDAQ,N,1058290.0,7371,Technology
CTSO,Cytosorbents Corporation - Common Stock,NASDAQ,D,1175151.0,3841,Health Care
CTVA,"Corteva, Inc. Common Stock",NYSE,,1755672.0,100,Consumer Staples
CTW,CTW - Class A Ordinary Shares,NASDAQ,N,2047148.0,7374,Technology
CTXR,"Citius Pharmaceuticals, Inc. - Common Stock",NASDAQ,D,1506251.0,2834,Health Care
CUB,Lionheart Holdings - Class A Ordinary Shares,NASDAQ,N,2015955.0,6770,Financials
CUBE,CubeSmart Common Shares,NYSE,,1298675.0,6798,Real Estate
CUBI,"Customers Bancorp, Inc Common Stock",NYSE,,1488813.0,6022,Financials
CUE,"Cue Biopharma, Inc. - Common Stock",NASDAQ,N,1645460.0,2834,Health Care
CULP,"Culp, Inc. - Common Shares",NASDAQ,N,723603.0,2211,Consumer Discretionary
CUPR,Cuprina Holdings (Cayman) Limited - Class A Ordinary shares,NASDAQ,N,1995704.0,3842,Health Care
CURB,Curbline Properties Corp. Common Stock,NYSE,,2027317.0,6500,Real Estate
CURI,CuriosityStream Inc.  - Class A Common Stock,NASDAQ,N,1776909.0,7812,Communication
CURR,Currenc Group Inc. - Ordinary Shares,NASDAQ,N,1862935.0,7389,Industrials
CURV,Torrid Holdings Inc. Common Stock,NYSE,,1792781.0,5600,Consumer Discretionary
CURX,Curanex Pharmaceuticals Inc - Common Stock,NASDAQ,N,2025942.0,2834,Health Care
CUVL,Clinuvel Pharmaceuticals Limited - American Depositary Shares,NASDAQ,N,1290877.0,8880,Industrials
CUZ,Cousins Properties Incorporated Common Stock,NYSE,,25232.0,6798,Real Estate
CV,"CapsoVision, Inc. - Common Stock",NASDAQ,N,1378325.0,3845,Health Care
CVBF,CVB Financial Corporation - Common Stock,NASDAQ,N,354647.0,6022,Financials
CVCO,"Cavco Industries, Inc. - Common Stock",NASDAQ,N,278166.0,2451,Industrials
CVE,Cenovus Energy Inc Common Stock,NYSE,,1475260.0,1311,Energy
CVEO,Civeo Corporation (Canada) Common Shares,NYSE,,1590584.0,7000,Consumer Discretionary
CVGI,"Commercial Vehicle Group, Inc. - Common Stock",NASDAQ,N,1290900.0,3714,Industrials
CVI,CVR Energy Inc. Common Stock,NYSE,,1376139.0,2911,Energy
CVKD,"Cadrenal Therapeutics, Inc. - Common Stock",NASDAQ,N,1937993.0,2834,Health Care
CVLG,"Covenant Logistics Group, Inc. Class A Common Stock",NYSE,,928658.0,4213,Transport
CVLT,"Commvault Systems, Inc. - Common Stock",NASDAQ,N,1169561.0,7372,Technology
CVM,Cel-Sci Corporation Common Stock,AMEX,,725363.0,2836,Health Care
CVNA,Carvana Co. Class A Common Stock,NYSE,,1690820.0,5500,Consumer Discretionary
CVR,Chicago Rivet & Machine Co. Common Stock,AMEX,,19871.0,3540,Industrials
CVRX,"CVRx, Inc. - Common Stock",NASDAQ,N,1235912.0,3841,Health Care
CVS,CVS Health Corporation Common Stock,NYSE,,64803.0,5912,Consumer Discretionary
CVSA,Covista Inc. Common Shares,NYSE,,730464.0,8200,Consumer Discretionary
CVU,"CPI Aerostructures, Inc. Common Stock",AMEX,,889348.0,3728,Industrials
CVV,CVD Equipment Corporation - Common Stock,NASDAQ,N,766792.0,3559,Industrials
CVX,Chevron Corporation Common Stock,NYSE,,93410.0,2911,Energy
CW,Curtiss-Wright Corporation Common Stock,NYSE,,26324.0,3590,Industrials
CWBC,Community West Bancshares - Common Stock,NASDAQ,N,1127371.0,6022,Financials
CWCO,Consolidated Water Co. Ltd. - Ordinary Shares,NASDAQ,N,928340.0,4941,Utilities
CWD,CaliberCos Inc. - Class A Common Stock,NASDAQ,D,1627282.0,6500,Real Estate
CWEN,"Clearway Energy, Inc. Class C Common Stock",NYSE,,1567683.0,4911,Utilities
CWH,"Camping World Holdings, Inc. Class A Common Stock",NYSE,,1669779.0,5500,Consumer Discretionary
CWK,Cushman & Wakefield Ltd. Common Shares,NYSE,,1628369.0,6500,Real Estate
CWST,"Casella Waste Systems, Inc. - Class A Common Stock",NASDAQ,N,911177.0,4953,Utilities
CWT,California Water Service Group Common Stock,NYSE,,1035201.0,4941,Utilities
CX,"Cemex, S.A.B. de C.V. Sponsored ADR",NYSE,,1076378.0,3241,Materials
CXAI,CXApp Inc. - Class A Common Stock,NASDAQ,N,1820875.0,7372,Technology
CXDO,"Crexendo, Inc. - Common Stock",NASDAQ,N,1075736.0,4813,Communication
CXII,Churchill Capital Corp XII - Class A Ordinary Shares,NASDAQ,N,2114227.0,6770,Financials
CXM,"Sprinklr, Inc. Class A Common Stock",NYSE,,1569345.0,7372,Technology
CXT,"Crane NXT, Co. Common Stock",NYSE,,25445.0,3490,Industrials
CXW,"CoreCivic, Inc. Common Stock",NYSE,,1070985.0,6798,Real Estate
CYAB,"Cyabra, Inc. - Common Stock",NASDAQ,D,2032341.0,7372,Technology
CYCU,"Cycurion, Inc. - Common Stock",NASDAQ,D,1868419.0,7371,Technology
CYD,China Yuchai International Limited Common Stock,NYSE,,932695.0,3510,Industrials
CYH,"Community Health Systems, Inc. Common Stock",NYSE,,1108109.0,8062,Health Care
CYN,Cyngn Inc. - Common stock,NASDAQ,N,1874097.0,7371,Technology
CYPH,Cypherpunk Technologies Inc. - Common Stock,NASDAQ,N,1509745.0,2834,Health Care
CYRX,"CryoPort, Inc. - Common Stock",NASDAQ,N,1124524.0,2834,Health Care
CYTK,"Cytokinetics, Incorporated - Common Stock",NASDAQ,N,1061983.0,2834,Health Care
CZFS,"Citizens Financial Services, Inc. - Common Stock",NASDAQ,N,739421.0,6022,Financials
CZNC,Citizens & Northern Corp - Common Stock,NASDAQ,N,810958.0,6022,Financials
CZR,"Caesars Entertainment, Inc. - Common Stock",NASDAQ,N,1590895.0,7011,Consumer Discretionary
CZWI,"Citizens Community Bancorp, Inc. - Common Stock",NASDAQ,N,1367859.0,6035,Financials
D,"Dominion Energy, Inc. Common Stock",NYSE,,715957.0,4911,Utilities
DAAQ,Digital Asset Acquisition Corp. - Class A Ordinary shares,NASDAQ,N,2052162.0,6022,Financials
DAC,Danaos Corporation Common Stock,NYSE,,1369241.0,4412,Transport
DAIC,"CID HoldCo, Inc. - Common Stock",NASDAQ,H,2033770.0,7373,Technology
DAIO,Data I/O Corporation - Common Stock,NASDAQ,N,351998.0,3825,Industrials
DAKT,"Daktronics, Inc. - Common Stock",NASDAQ,N,915779.0,3990,Consumer Discretionary
DAL,"Delta Air Lines, Inc. Common Stock",NYSE,,27904.0,4512,Transport
DAN,Dana Incorporated Common Stock,NYSE,,26780.0,3714,Industrials
DAO,"Youdao, Inc. American Depositary Shares, each representing one Class A Ordinary Share",NYSE,,1781753.0,8200,Consumer Discretionary
DAR,Darling Ingredients Inc. Common Stock,NYSE,,916540.0,2070,Consumer Staples
DARE,"Dare Bioscience, Inc. - Common Stock",NASDAQ,D,1401914.0,2834,Health Care
DASH,"DoorDash, Inc. - Common Stock",NASDAQ,N,1792789.0,7389,Industrials
DAVA,Endava plc American Depositary Shares (each representing one Class A Ordinary Share),NYSE,,1656081.0,7371,Technology
DAVE,Dave Inc.  - Class A Common Stock,NASDAQ,N,1841408.0,6199,
DB,Deutsche Bank AG Common Stock,NYSE,,1159508.0,6022,Financials
DBCA,D. Boral Acquisition I Corp. - Class A Ordinary Shares,NASDAQ,N,2095161.0,6770,Financials
DBD,Diebold Nixdorf Incorporated Common stock,NYSE,,28823.0,3578,Technology
DBGI,"Digital Brands Group, Inc. - Common Stock",NASDAQ,N,1668010.0,5600,Consumer Discretionary
DBI,Designer Brands Inc. Class A Common Stock,NYSE,,1319947.0,5661,Consumer Discretionary
DBL,DoubleLine Opportunistic Credit Fund Common Shares of Beneficial Interest,NYSE,,1525201.0,,
DBRG,"DigitalBridge Group, Inc.",NYSE,,1679688.0,6282,Financials
DBVT,DBV Technologies S.A. - American Depositary Shares,NASDAQ,N,1613780.0,2836,Health Care
DBX,"Dropbox, Inc. - Class A Common Stock",NASDAQ,N,1467623.0,7372,Technology
DC,Dakota Gold Corp. Common Stock,AMEX,,1852353.0,1000,Materials
DCBO,Docebo Inc. - Common Shares,NASDAQ,N,1829959.0,7372,Technology
DCGO,DocGo Inc. - Common Stock,NASDAQ,D,1822359.0,8000,Health Care
DCH,Dauch Corporation Common Stock,NYSE,,1062231.0,3714,Industrials
DCI,"Donaldson Company, Inc. Common Stock",NYSE,,29644.0,3564,Industrials
DCO,Ducommun Incorporated Common Stock,NYSE,,30305.0,3728,Industrials
DCOM,"Dime Commercial Bancshares, Inc. Common Stock",NYSE,,846617.0,6021,Financials
DCOY,Decoy Therapeutics Inc. - Common Stock,NASDAQ,N,1615219.0,2834,Health Care
DCTH,"Delcath Systems, Inc. - Common Stock",NASDAQ,N,872912.0,3841,Health Care
DCX,Digital Currency X Technology Inc. - Class A Ordinary Shares,NASDAQ,N,1957413.0,3711,Industrials
DD,"DuPont de Nemours, Inc. Common Stock",NYSE,,1666700.0,2821,Materials
DDC,DDC Enterprise Limited Class A Ordinary Shares,AMEX,,1808110.0,2000,Consumer Staples
DDD,3D Systems Corporation Common Stock,NYSE,,910638.0,7372,Technology
DDI,"DoubleDown Interactive Co., Ltd. - American Depository Shares",NASDAQ,N,1799567.0,7374,Technology
DDL,Dingdong (Cayman) Limited American Depositary Shares (each two representing three Ordinary Shares),NYSE,,1854545.0,5961,Consumer Discretionary
DDOG,"Datadog, Inc. - Class A Common Stock",NASDAQ,N,1561550.0,7372,Technology
DDS,"Dillard's, Inc. Common Stock",NYSE,,28917.0,5311,Consumer Discretionary
DDT,Dillard's Capital Trust I,NYSE,,28917.0,5311,Consumer Discretionary
DE,Deere & Company Common Stock,NYSE,,315189.0,3523,Industrials
DEA,"Easterly Government Properties, Inc. Common Stock",NYSE,,1622194.0,6798,Real Estate
DEC,Diversified Energy Company Common Stock,NYSE,,1922446.0,1311,Energy
DECK,Deckers Outdoor Corporation Common Stock,NYSE,,910521.0,3021,Materials
DEFT,"Defi Technologies, Inc. - Common Stock",NASDAQ,D,1888274.0,6199,
DEI,"Douglas Emmett, Inc. Common Stock",NYSE,,1364250.0,6798,Real Estate
DELL,Dell Technologies Inc. Class C Common Stock,NYSE,,1571996.0,3571,Technology
DEO,Diageo plc Common Stock,NYSE,,835403.0,2080,Consumer Staples
DERM,Journey Medical Corporation - Common Stock,NASDAQ,N,1867066.0,2834,Health Care
DETX,"Liberty Defense Holdings, Ltd. - Common Shares",NASDAQ,N,1919776.0,3812,Industrials
DFDV,DeFi Development Corp. - Common Stock,NASDAQ,N,1805526.0,6199,
DFH,"Dream Finders Homes, Inc. Class A Common Stock",NYSE,,1825088.0,1531,Industrials
DFIN,"Donnelley Financial Solutions, Inc. Common Stock",NYSE,,1669811.0,7380,Industrials
DFLI,Dragonfly Energy Holdings Corp - Common Stock,NASDAQ,D,1847986.0,3690,Industrials
DFNS,T3 Defense Inc. - Common Stock,NASDAQ,D,1787518.0,8742,Industrials
DFSC,"DEFSEC Technologies Inc. - common stock, no R/S concurrent with offering",NASDAQ,N,1889823.0,7372,Technology
DFTX,"Definium Therapeutics, Inc.  - Common Shares",NASDAQ,N,1813814.0,2833,Health Care
DG,Dollar General Corporation Common Stock,NYSE,,29534.0,5331,Consumer Discretionary
DGAC,Disciplined Growth Acquisition Corporation Class A Ordinary Shares,NYSE,,2111038.0,6770,Financials
DGICA,"Donegal Group, Inc. - Class A Common Stock",NASDAQ,N,800457.0,6331,Insurance
DGICB,"Donegal Group, Inc. - Class B Common Stock",NASDAQ,N,800457.0,6331,Insurance
DGII,Digi International Inc. - Common Stock,NASDAQ,N,854775.0,3576,Technology
DGNX,Diginex Limited - Ordinary Shares,NASDAQ,N,2010499.0,7374,Technology
DGX,Quest Diagnostics Incorporated Common Stock,NYSE,,1022079.0,8071,Health Care
DGXX,Digi Power X Inc. - Common Subordinate Voting Shares,NASDAQ,N,1854368.0,6199,
DH,Definitive Healthcare Corp. - Class A Common Stock,NASDAQ,D,1861795.0,7372,Technology
DHC,Diversified Healthcare Trust  - Common Shares of Beneficial Interest,NASDAQ,N,1075415.0,6798,Real Estate
DHF,BNY Mellon High Yield Strategies Fund Common Stock,NYSE,,1057861.0,,
DHI,"D.R. Horton, Inc. Common Stock",NYSE,,882184.0,1531,Industrials
DHR,Danaher Corporation Common Stock,NYSE,,313616.0,3823,Industrials
DHT,"DHT Holdings, Inc.",NYSE,,1331284.0,4412,Transport
DHX,"DHI Group, Inc. Common Stock",NYSE,,1393883.0,7389,Industrials
DHY,UBS Asset Management High Yield Credit Fund Common Stock,AMEX,,1061353.0,,
DIBS,"1stdibs.com, Inc. - Common Stock",NASDAQ,N,1600641.0,5961,Consumer Discretionary
DIN,"Dine Brands Global, Inc. Common Stock",NYSE,,49754.0,5812,Consumer Discretionary
DINO,HF Sinclair Corporation Common Stock,NYSE,,1915657.0,4610,Energy
DIOD,Diodes Incorporated - Common Stock,NASDAQ,N,29002.0,3674,Technology
DIS,Walt Disney Company (The) Common Stock,NYSE,,1744489.0,7990,Communication
DIT,AMCON Distributing Company Common Stock,AMEX,,928465.0,5141,Industrials
DJCO,Daily Journal Corp. (S.C.) - Common Stock,NASDAQ,N,783412.0,2711,Communication
DJT,Trump Media & Technology Group Corp. - Common Stock,NASDAQ,N,1849635.0,7370,Technology
DK,"Delek US Holdings, Inc. Common Stock",NYSE,,1694426.0,2911,Energy
DKI,DarkIris Inc. - Class A Ordinary Shares,NASDAQ,N,2058584.0,7372,Technology
DKL,"Delek Logistics Partners, L.P. Common Units representing Limited Partner Interests",NYSE,,1552797.0,4610,Energy
DKNG,DraftKings Inc. - Class A Common Stock,NASDAQ,N,1883685.0,7990,Communication
DKS,Dick's Sporting Goods Inc Common Stock,NYSE,,1089063.0,5940,Consumer Discretionary
DLB,Dolby Laboratories Common Stock,NYSE,,1308547.0,6794,Financials
DLHC,DLH Holdings Corp. - Common Stock,NASDAQ,N,785557.0,7363,Industrials
DLNG,Dynagas LNG Partners LP Common Units,NYSE,,1578453.0,4400,Transport
DLO,DLocal Limited - Class A Common Shares,NASDAQ,N,1846832.0,7389,Industrials
DLPN,"Dolphin Entertainment, Inc. - Common Stock",NASDAQ,N,1282224.0,7200,Consumer Discretionary
DLR,"Digital Realty Trust, Inc. Common Stock",NYSE,,1297996.0,6798,Real Estate
DLTH,Duluth Holdings Inc. - Class B Common Stock,NASDAQ,N,1649744.0,5600,Consumer Discretionary
DLTR,"Dollar Tree, Inc. - Common Stock",NASDAQ,N,935703.0,5331,Consumer Discretionary
DLX,Deluxe Corporation Common Stock,NYSE,,27996.0,2780,Communication
DLXY,Delixy Holdings Limited - Class A Ordinary Shares,NASDAQ,D,2025218.0,5172,Industrials
DLY,DoubleLine Yield Opportunities Fund Common Shares of Beneficial Interest,NYSE,,1788399.0,,
DMA,Destra Multi-Alternative Fund Common Stock,NYSE,,1523289.0,,
DMAA,Drugs Made In America Acquisition Corp. - Ordinary Shares,NASDAQ,N,2028614.0,6770,Financials
DMAC,DiaMedica Therapeutics Inc. - Common Stock,NASDAQ,N,1401040.0,2834,Health Care
DMC,Del Monte Corporation Ordinary Shares,NYSE,,1047340.0,100,Consumer Staples
DMII,Drugs Made In America Acquisition II Corp. - Ordinary Shares,NASDAQ,N,2040475.0,6770,Financials
DMLP,"Dorchester Minerals, L.P. - Common Units Representing Limited Partnership Interests",NASDAQ,N,1172358.0,1311,Energy
DMO,Western Asset Mortgage Opportunity Fund Inc. Common Stock,NYSE,,1478102.0,,
DMRA,"Damora Therapeutics, Inc. - Ordinary Shares",NASDAQ,N,1800315.0,2834,Health Care
DMRC,Digimarc Corporation - Common Stock,NASDAQ,N,2119322.0,7373,Technology
DNA,"Ginkgo Bioworks Holdings, Inc. Class A Common Stock",NYSE,,1830214.0,2836,Health Care
DNLI,Denali Therapeutics Inc. - Common Stock,NASDAQ,N,1714899.0,2836,Health Care
DNMX,Dynamix Corporation III - Class A Ordinary Shares,NASDAQ,N,2081125.0,6770,Financials
DNN,Denison Mines Corp Ordinary Shares (Canada),AMEX,,1063259.0,1090,Materials
DNOW,DNOW Inc. Common Stock,NYSE,,1599617.0,3533,Industrials
DNP,"DNP Select Income Fund, Inc. Common Stock",NYSE,,806628.0,,
DNTH,"Dianthus Therapeutics, Inc. - Common Stock",NASDAQ,N,1690585.0,2834,Health Care
DNUT,"Krispy Kreme, Inc. - Common Stock",NASDAQ,N,1857154.0,5400,Consumer Staples
DOC,"Healthpeak Properties, Inc. Common Stock",NYSE,,765880.0,6798,Real Estate
DOCN,"DigitalOcean Holdings, Inc. Common Stock",NYSE,,1582961.0,7370,Technology
DOCS,"Doximity, Inc. Class A Common Stock",NYSE,,1516513.0,7371,Technology
DOCU,"DocuSign, Inc. - Common Stock",NASDAQ,N,1261333.0,7372,Technology
DOGZ,Dogness (International) Corporation - Class A Common Stock,NASDAQ,N,1707303.0,3990,Consumer Discretionary
DOLE,Dole plc Ordinary Shares,NYSE,,1857475.0,100,Consumer Staples
DOMH,Dominari Holdings Inc. - Common Stock,NASDAQ,N,12239.0,6211,Financials
DOMO,"Domo, Inc. - Class B Common Stock",NASDAQ,N,1505952.0,7372,Technology
DOO,BRP Inc. - Common Subordinate Voting Shares,NASDAQ,N,1748797.0,3790,Industrials
DORM,"Dorman Products, Inc. - Common Stock",NASDAQ,N,868780.0,3714,Industrials
DOUG,Douglas Elliman Inc. Common Stock,NYSE,,1878897.0,6531,Real Estate
DOV,Dover Corporation Common Stock,NYSE,,29905.0,3530,Industrials
DOW,Dow Inc. Common Stock,NYSE,,1751788.0,2821,Materials
DOX,Amdocs Limited - Ordinary Shares,NASDAQ,N,1062579.0,7371,Technology
DOYU,DouYu International Holdings Limited - American Depositary Shares,NASDAQ,N,1762417.0,7370,Technology
DPC,DPC Holdings PLC Ordinary Shares,NYSE,,2107018.0,3360,Materials
DPG,Duff & Phelps Utility and Infrastructure Fund Inc.,NYSE,,1515671.0,,
DPRO,Draganfly Inc. - Common Shares,NASDAQ,N,1786286.0,3721,Industrials
DPU,Top KingWin Ltd - Class A Ordinary Shares,NASDAQ,N,1938865.0,7389,Industrials
DPZ,Domino's Pizza Inc - Common Stock,NASDAQ,N,1286681.0,5140,Industrials
DQ,"DAQO New Energy Corp. American Depositary Shares, each representing five ordinary shares",NYSE,,1477641.0,3674,Technology
DRCT,"Direct Digital Holdings, Inc. - Class A Common Stock",NASDAQ,D,1880613.0,7310,Industrials
DRD,DRDGOLD Limited American Depositary Shares,NYSE,,1023512.0,1040,Materials
DRDB,Roman DBDR Acquisition Corp. II - Ordinary shares,NASDAQ,D,2032528.0,6770,Financials
DRH,Diamondrock Hospitality Company - Common Stock,NASDAQ,N,1298946.0,6798,Real Estate
DRI,"Darden Restaurants, Inc. Common Stock",NYSE,,940944.0,5812,Consumer Discretionary
DRIO,DarioHealth Corp. - Common Stock,NASDAQ,N,1533998.0,3841,Health Care
DRK,DarkHorse Technologies Inc. - Common Shares,NASDAQ,N,1591956.0,6199,
DRMA,"Dermata Therapeutics, Inc. - Common Stock",NASDAQ,N,1853816.0,2834,Health Care
DRS,"Leonardo DRS, Inc. - Common Stock",NASDAQ,N,1833756.0,3812,Industrials
DRTS,Alpha Tau Medical Ltd. - Ordinary Shares,NASDAQ,N,1871321.0,3841,Health Care
DRUG,Bright Minds Biosciences Inc. - common stock,NASDAQ,N,1827401.0,2834,Health Care
DRVN,Driven Brands Holdings Inc. - Common Stock,NASDAQ,N,1804745.0,7500,Consumer Discretionary
DSAC,Daedalus Special Acquisition Corp. - Class A Ordinary Shares,NASDAQ,N,2082149.0,6770,Financials
DSC,DSC Holdings Ltd. - American Depositary Shares,NASDAQ,N,1966041.0,7370,Technology
DSGN,"Design Therapeutics, Inc. - Common Stock",NASDAQ,N,1807120.0,2834,Health Care
DSGR,"Distribution Solutions Group, Inc. - Common Stock",NASDAQ,N,703604.0,5080,Industrials
DSGX,The Descartes Systems Group Inc. - Common Stock,NASDAQ,N,1050140.0,7372,Technology
DSL,DoubleLine Income Solutions Fund Common Shares of Beneficial Interests,NYSE,,1566388.0,,
DSP,Viant Technology Inc. - common stock,NASDAQ,N,1828791.0,7370,Technology
DSS,"DSS, Inc. Common Stock",AMEX,,771999.0,2650,Materials
DSU,"Blackrock Debt Strategies Fund, Inc. Common Stock",NYSE,,1051003.0,,
DSWL,"Deswell Industries, Inc. - Common Shares",NASDAQ,N,946936.0,3089,Materials
DSX,Diana Shipping inc. common stock,NYSE,,1318885.0,4412,Transport
DSY,Big Tree Cloud Holdings Limited - Class A Ordinary Shares,NASDAQ,N,1999297.0,2670,Materials
DT,"Dynatrace, Inc. Common Stock",NYSE,,1773383.0,7372,Technology
DTCX,"Datacentrex, Inc. - Common Stock",NASDAQ,N,1853825.0,7374,Technology
DTE,DTE Energy Company Common Stock,NYSE,,936340.0,4911,Utilities
DTF,DTF Tax-Free Income 2028 Term Fund Inc. Common Stock,NYSE,,879535.0,,
DTI,Drilling Tools International Corporation  - Common Stock,NASDAQ,N,1884516.0,3533,Industrials
DTIL,"Precision BioSciences, Inc. - Common Stock",NASDAQ,N,1357874.0,2836,Health Care
DTM,"DT Midstream, Inc. Common Stock",NYSE,,1842022.0,4922,Utilities
DTSQ,DT Cloud Star Acquisition Corporation - Ordinary Shares,NASDAQ,N,2017950.0,6770,Financials
DTSS,Datasea Intelligent Technology Ltd. - Class A Ordinary Shares,NASDAQ,D,2110423.0,7372,Technology
DTST,Data Storage Corporation - Common Stock,NASDAQ,N,1419951.0,7374,Technology
DUK,Duke Energy Corporation (Holding Company) Common Stock,NYSE,,1326160.0,4931,Utilities
DUKR,DUKE Robotics Corp. - Common Stock,NASDAQ,N,1638911.0,3721,Industrials
DUKU,Duke Energy Corporation Corporate Units,NYSE,,1326160.0,4931,Utilities
DUO,Fangdd Network Group Ltd. - Class A Ordinary Shares,NASDAQ,D,1750593.0,6500,Real Estate
DUOL,"Duolingo, Inc. - Class A Common Stock",NASDAQ,N,1562088.0,7372,Technology
DUOT,"Duos Technologies Group, Inc. - Common Stock",NASDAQ,N,1396536.0,7372,Technology
DV,"DoubleVerify Holdings, Inc. Common Stock",NYSE,,1819928.0,7370,Technology
DVA,DaVita Inc. Common Stock,NYSE,,927066.0,8090,Health Care
DVLT,Datavault AI Inc. - Common Stock,NASDAQ,D,1682149.0,7389,Industrials
DVN,Devon Energy Corporation Common Stock,NYSE,,1090012.0,1311,Energy
DWSN,Dawson Geophysical Company - Common Stock,NASDAQ,N,799165.0,1382,Energy
DWTX,"Dogwood Therapeutics, Inc.  - Common Stock",NASDAQ,N,1818844.0,2834,Health Care
DX,"Dynex Capital, Inc. Common Stock",NYSE,,826675.0,6798,Real Estate
DXC,DXC Technology Company Common Stock,NYSE,,1688568.0,7374,Technology
DXCM,"DexCom, Inc. - Common Stock",NASDAQ,N,1093557.0,3841,Health Care
DXF,"Eason Technology Limited American Depositary Shares (each representing sixty-thousand (60,000) Ordinary Shares)",AMEX,,1499494.0,6199,
DXLG,"Destination XL Group, Inc. - Common Stock",NASDAQ,D,813298.0,5651,Consumer Discretionary
DXPE,"DXP Enterprises, Inc. - Common Stock",NASDAQ,N,1020710.0,5084,Industrials
DXR,Daxor Corporation - Closed End Fund,NASDAQ,N,27367.0,,
DXST,Decent Holding Inc. - Class A Ordinary Shares,NASDAQ,N,1958133.0,4950,Utilities
DXYZ,Destiny Tech100 Inc. Common Stock,NYSE,,1843974.0,,
DY,"Dycom Industries, Inc. Common Stock",NYSE,,67215.0,1623,Industrials
DYAI,"Dyadic International, Inc. - Common Stock",NASDAQ,N,1213809.0,2836,Health Care
DYN,"Dyne Therapeutics, Inc. - Common Stock",NASDAQ,N,1818794.0,2834,Health Care
DYNC,Dynamix Corporation - Class A Ordinary Share,NASDAQ,N,2028699.0,6770,Financials
DYOR,Insight Digital Partners II - Class A Ordinary Shares,NASDAQ,N,2079292.0,6770,Financials
E,ENI S.p.A. Common Stock,NYSE,,1002242.0,1311,Energy
EAD,Allspring Income Opportunities Fund Common Shares,AMEX,,1210123.0,,
EAF,GrafTech International Ltd. Common Stock,NYSE,,931148.0,3620,Industrials
EARN,Ellington Credit Company Common Shares of Beneficial Interest,NYSE,,1560672.0,6798,Real Estate
EAT,"Brinker International, Inc. Common Stock",NYSE,,703351.0,5812,Consumer Discretionary
EBAY,eBay Inc. - Common Stock,NASDAQ,N,1065088.0,7389,Industrials
EBC,"Eastern Bankshares, Inc. - Common Stock",NASDAQ,N,1810546.0,6035,Financials
EBF,"Ennis, Inc. Common Stock",NYSE,,33002.0,2761,Communication
EBMT,"Eagle Bancorp Montana, Inc. - Common Stock",NASDAQ,N,1478454.0,6022,Financials
EBON,Ebang International Holdings Inc. - Class A Ordinary Shares,NASDAQ,N,1799290.0,6200,Financials
EBS,Emergent BioSolutions Inc. Common Stock,NYSE,,1367644.0,2834,Health Care
EC,Ecopetrol S.A. American Depositary Shares,NYSE,,1444406.0,1311,Energy
ECAT,BlackRock ESG Capital Allocation Term Trust Common Shares of Beneficial Interest,NYSE,,1864843.0,,
ECBK,"ECB Bancorp, Inc. - Common Stock",NASDAQ,N,1914605.0,6036,Financials
ECC,Eagle Point Credit Company Common Share of Beneficial Interest,NYSE,,1604174.0,,
ECF,Ellsworth Growth and Income Fund Ltd.,AMEX,,793040.0,0,
ECG,"Everus Construction Group, Inc. Common Stock",NYSE,,2015845.0,1531,Industrials
ECHO,EchoStar Corporation - Common stock,NASDAQ,N,1415404.0,4899,Communication
ECL,Ecolab Inc. Common Stock,NYSE,,31462.0,2840,Materials
ECO,Okeanis Eco Tankers Corp. Common Stock,NYSE,,1964954.0,4412,Transport
ECOR,"electroCore, Inc. - Common Stock",NASDAQ,N,1560258.0,3845,Health Care
ECPG,Encore Capital Group Inc - Common Stock,NASDAQ,N,1084961.0,6153,Financials
ECVT,Ecovyst Inc. Common Stock,NYSE,,1708035.0,2800,Materials
ECX,ECARX Holdings Inc. - Class A Ordinary shares,NASDAQ,N,1861974.0,7373,Technology
ED,"Consolidated Edison, Inc. Common Stock",NYSE,,1047862.0,4931,Utilities
EDBL,Edible Garden AG Incorporated - Common Stock,NASDAQ,N,1809750.0,100,Consumer Staples
EDD,"Morgan Stanley Emerging Markets Domestic Debt Fund, Inc. Common Stock",NYSE,,1388141.0,,
EDF,Virtus Stone Harbor Emerging Markets Income Fund Common Shares of Beneficial Interest,NYSE,,1501103.0,,
EDHL,Everbright Digital Holding Limited - Ordinary Shares,NASDAQ,N,2024876.0,7310,Industrials
EDIT,"Editas Medicine, Inc. - Common Stock",NASDAQ,N,1650664.0,2836,Health Care
EDN,Empresa Distribuidora Y Comercializadora Norte S.A. (Edenor) American Depositary Shares,NYSE,,1395213.0,4911,Utilities
EDRY,EuroDry Ltd. - Common Shares,NASDAQ,N,1731388.0,4400,Transport
EDSA,"Edesa Biotech, Inc. - Common Shares",NASDAQ,N,1540159.0,2834,Health Care
EDTK,Skillful Craftsman Education Technology Limited - Ordinary Share,NASDAQ,N,1782309.0,8200,Consumer Discretionary
EDU,"New Oriental Education & Technology Group, Inc. Sponsored ADR representing 10 Ordinary Share (Cayman Islands)",NYSE,,1372920.0,8200,Consumer Discretionary
EDUC,Educational Development Corporation - Common Stock,NASDAQ,N,31667.0,5190,Industrials
EDVA,"Endovia Health Sciences, Inc. Common Stock",AMEX,,1553788.0,2080,Consumer Staples
EE,"Excelerate Energy, Inc. Class A Common Stock",NYSE,,1888447.0,4924,Utilities
EEA,"The European Equity Fund, Inc. Common Stock",NYSE,,791718.0,,
EEFT,"Euronet Worldwide, Inc. - Common Stock",NASDAQ,N,1029199.0,6099,Financials
EEIQ,EpicQuest Education Group International Limited - Common Stock,NASDAQ,N,1781397.0,8200,Consumer Discretionary
EFC,Ellington Financial Inc. Common Stock,NYSE,,1411342.0,6500,Real Estate
EFOI,"Energy Focus, Inc. - Common Stock",NASDAQ,N,924168.0,3640,Industrials
EFOR,"Everforth, Inc. Common Stock",NYSE,,890564.0,7363,Industrials
EFR,Eaton Vance Senior Floating-Rate Fund Common Shares of Beneficial Interest,NYSE,,1258623.0,,
EFSC,Enterprise Financial Services Corporation - Common Stock,NASDAQ,N,1025835.0,6022,Financials
EFSI,Eagle Financial Services Inc - Common Stock,NASDAQ,N,880641.0,6022,Financials
EFT,Eaton Vance Floating Rate Income Trust Common Shares of Beneficial Interest,NYSE,,1288992.0,,
EFTY,"Etoiles Capital Group Co., Ltd. - Class A Ordinary Shares",NASDAQ,N,2058349.0,8742,Industrials
EFX,"Equifax, Inc. Common Stock",NYSE,,33185.0,7320,Industrials
EFXT,Enerflex Ltd Common Shares,NYSE,,1904856.0,3560,Industrials
EG,"Everest Group, Ltd. Common Stock",NYSE,,1095073.0,6331,Insurance
EGAN,eGain Corporation - Common Stock,NASDAQ,N,1066194.0,7372,Technology
EGBN,"Eagle Bancorp, Inc. - Common Stock",NASDAQ,N,1050441.0,6022,Financials
EGG,Enigmatig Limited Class A Ordinary Shares,AMEX,,1982961.0,8742,Industrials
EGHA,EGH Acquisition Corp. - Class A ordinary shares,NASDAQ,N,2052547.0,6770,Financials
EGHT,8x8 Inc - Common stock,NASDAQ,N,1023731.0,7374,Technology
EGO,Eldorado Gold Corporation Ordinary Shares,NYSE,,918608.0,1040,Materials
EGP,"EastGroup Properties, Inc. Common Stock",NYSE,,49600.0,6798,Real Estate
EGY,"VAALCO Energy, Inc.  Common Stock",NYSE,,894627.0,1311,Energy
EH,EHang Holdings Limited - ADS,NASDAQ,N,1759783.0,3728,Industrials
EHC,Encompass Health Corporation Common Stock,NYSE,,785161.0,8060,Health Care
EHGO,Eshallgo Inc. - Class A Ordinary Shares,NASDAQ,N,1879754.0,7359,Industrials
EHI,Western Asset Global High Income Fund Inc Common Stock,NYSE,,1228509.0,,
EHLD,Euroholdings Ltd. - Common Stock,NASDAQ,N,2032779.0,4412,Transport
EHTH,"eHealth, Inc. - Common Stock",NASDAQ,N,1333493.0,6411,Insurance
EIC,Eagle Point Income Company Common Shares of Beneficial Interest,NYSE,,1754836.0,,
EIG,Employers Holdings Inc Common Stock,NYSE,,1379041.0,6331,Insurance
EIKN,"Eikon Therapeutics, Inc. - Common Stock",NASDAQ,N,1861123.0,2836,Health Care
EIX,Edison International Common Stock,NYSE,,827052.0,4911,Utilities
EJH,E-Home Household Service Holdings Limited - Ordinary shares,NASDAQ,D,1769768.0,7600,Consumer Discretionary
EL,"Estee Lauder Companies, Inc. (The) Common Stock",NYSE,,1001250.0,2844,Materials
ELA,Envela Corporation Common Stock,AMEX,,701719.0,5944,Consumer Discretionary
ELAB,PMGC Holdings Inc. - Common Stock,NASDAQ,N,1840563.0,2834,Health Care
ELAN,Elanco Animal Health Incorporated Common Stock,NYSE,,1739104.0,2834,Health Care
ELBM,Electra Battery Materials Corporation - Common Stock,NASDAQ,D,1907184.0,1400,Materials
ELDN,"Eledon Pharmaceuticals, Inc. - Common Stock",NASDAQ,N,1404281.0,2834,Health Care
ELE,Elemental Royalty Corporation - Common Stock,NASDAQ,N,2086771.0,1040,Materials
ELF,"e.l.f. Beauty, Inc. Common Stock",NYSE,,1600033.0,2844,Materials
ELLO,Ellomay Capital Ltd Ordinary Shares (Israel),AMEX,,946394.0,4911,Utilities
ELMD,"Electromed, Inc. Common Stock",AMEX,,1488917.0,3845,Health Care
ELME,Elme Communities Common Stock,NYSE,,104894.0,6798,Real Estate
ELMT,The Elmet Group Co. - Common Stock,NASDAQ,N,2101698.0,3490,Industrials
ELOG,Eastern International Ltd. - Ordinary Shares,NASDAQ,D,2013320.0,4731,Transport
ELOX,"Eloxx Pharmaceuticals, Inc. - Common Stock",NASDAQ,N,1035354.0,2836,Health Care
ELPC,Companhia Paranaense de Energia (COPEL) American Depositary Shares (each representing four (4) Common Shares),NYSE,,1041792.0,4911,Utilities
ELPW,Elong Power Holding Limited - Class A Ordinary Shares,NASDAQ,N,2015691.0,3690,Industrials
ELS,"Equity Lifestyle Properties, Inc. Common Stock",NYSE,,895417.0,6798,Real Estate
ELTK,Eltek Ltd. - Ordinary Shares,NASDAQ,N,1024672.0,3672,Industrials
ELTX,"Elicio Therapeutics, Inc. - Common Stock",NASDAQ,N,1601485.0,2834,Health Care
ELUT,"Elutia, Inc. - Class A Common Stock",NASDAQ,D,1708527.0,2836,Health Care
ELV,"Elevance Health, Inc. Common Stock",NYSE,,1156039.0,6324,Insurance
ELVA,Electrovaya Inc. - Common Shares,NASDAQ,N,1844450.0,3690,Industrials
ELVN,"Enliven Therapeutics, Inc.  - Common Stock",NASDAQ,N,1672619.0,2834,Health Care
ELVR,Elevra Lithium Limited - American Depository Shares,NASDAQ,N,1739016.0,1400,Materials
ELWT,"Elauwit Connection, Inc. - Common Stock",NASDAQ,N,2063863.0,4899,Communication
EMA,Emera Incorporated Common Shares,NYSE,,1127248.0,4911,Utilities
EMAT,Evolution Metals & Technologies Corp. - Common Stock,NASDAQ,N,1866226.0,3690,Industrials
EMBC,Embecta Corp. - Common Stock,NASDAQ,N,1872789.0,3841,Health Care
EMBJ,Embraer S.A. Common Stock,NYSE,,1355444.0,3721,Industrials
EMD,Western Asset Emerging Markets Debt Fund Inc Common Stock,NYSE,,1227862.0,,
EME,"EMCOR Group, Inc. Common Stock",NYSE,,105634.0,1731,Industrials
EMF,Templeton Emerging Markets Fund Common Stock,NYSE,,809708.0,,
EMIS,Emmis Acquisition Corp. - Class A Ordinary Share,NASDAQ,N,2075816.0,6770,Financials
EML,Eastern Company (The) - Common Stock,NASDAQ,N,31107.0,3420,Industrials
EMN,Eastman Chemical Company Common Stock,NYSE,,915389.0,2821,Materials
EMO,ClearBridge Energy Midstream Opportunity Fund Inc. Common Stock,NYSE,,1517518.0,,
EMPD,Empery Digital Inc. - Common stock,NASDAQ,N,1829794.0,3711,Industrials
EMR,Emerson Electric Company Common Stock,NYSE,,32604.0,3600,Industrials
ENB,Enbridge Inc Common Stock,NYSE,,895728.0,4610,Energy
ENGN,enGene Therapeutics Inc. - Common Stock,NASDAQ,N,1980845.0,2836,Health Care
ENGS,Energys Group Limited - Ordinary Shares,NASDAQ,N,1971828.0,1731,Industrials
ENHA,Enhanced Group Inc. Class A Common Stock,NYSE,,1956439.0,7990,Communication
ENIC,Enel Chile S.A. American Depositary Shares (Each representing 50 shares of Common Stock),NYSE,,1659939.0,4911,Utilities
ENLT,Enlight Renewable Energy Ltd. - Ordinary Shares,NASDAQ,N,1922641.0,4911,Utilities
ENLV,Enlivex Ltd. - Ordinary Shares,NASDAQ,N,1596812.0,2834,Health Care
ENOV,Enovis Corporation Common Stock,NYSE,,1420800.0,3842,Health Care
ENPH,"Enphase Energy, Inc. - Common Stock",NASDAQ,N,1463101.0,3674,Technology
ENR,"Energizer Holdings, Inc. Common Stock",NYSE,,1632790.0,3690,Industrials
ENRD,Einride AB - American Depositary Shares,NASDAQ,N,2095096.0,7373,Technology
ENS,EnerSys Common Stock,NYSE,,1289308.0,3690,Industrials
ENSC,"Ensysce Biosciences, Inc. - Common Stock",NASDAQ,D,1716947.0,2834,Health Care
ENSG,"The Ensign Group, Inc. - Common Stock",NASDAQ,N,1125376.0,8051,Health Care
ENTA,"Enanta Pharmaceuticals, Inc. - Common Stock",NASDAQ,N,1177648.0,2834,Health Care
ENTG,"Entegris, Inc. - Common Stock",NASDAQ,N,1101302.0,3089,Materials
ENTX,Entera Bio Ltd. - Ordinary Shares,NASDAQ,N,1638097.0,2836,Health Care
ENVA,"Enova International, Inc. Common Stock",NYSE,,1529864.0,6141,Financials
ENVB,"Enveric Biosciences, Inc.  - Common Stock",NASDAQ,N,890821.0,2834,Health Care
ENVX,Enovix Corporation - Common Stock,NASDAQ,N,1828318.0,3690,Industrials
EOCN,Eocene Ltd. - Ordinary Shares,NASDAQ,N,1595353.0,2834,Health Care
EOD,Allspring Global Dividend Opportunity Fund Common Shares of Beneficial Interest,NYSE,,1386067.0,,
EOG,"EOG Resources, Inc. Common Stock",NYSE,,821189.0,1311,Energy
EOI,Eaton Vance Enhance Equity Income Fund Eaton Vance Enhanced Equity Income Fund Shares of Beneficial Interest,NYSE,,1300391.0,,
EOLS,"Evolus, Inc. - Common Stock",NASDAQ,N,1570562.0,2834,Health Care
EONR,EON Resources Inc. Class A Common Stock,AMEX,,1842556.0,1311,Energy
EOS,Eaton Vance Enhance Equity Income Fund II Common Stock,NYSE,,1308335.0,,
EOSE,"Eos Energy Enterprises, Inc. - Common Stock",NASDAQ,N,1805077.0,3690,Industrials
EOT,Eaton Vance Municipal Income Trust EATON VANCE NATIONAL MUNICIPAL OPPORTUNITIES TRUST,NYSE,,1454741.0,,
EP,Empire Petroleum Corporation Common Stock,AMEX,,887396.0,1311,Energy
EPAC,Enerpac Tool Group Corp. Common Stock,NYSE,,6955.0,3590,Industrials
EPAM,"EPAM Systems, Inc. Common Stock",NYSE,,1352010.0,7371,Technology
EPC,Edgewell Personal Care Company Common Stock,NYSE,,1096752.0,2844,Materials
EPD,Enterprise Products Partners L.P. Common Stock,NYSE,,1061219.0,4922,Utilities
EPM,"Evolution Petroleum Corporation, Inc. Common Stock",AMEX,,1006655.0,1311,Energy
EPOW,E-Power Inc. - Class A Ordinary Shares,NASDAQ,D,1780731.0,3690,Industrials
EPR,EPR Properties Common Stock,NYSE,,1045450.0,6798,Real Estate
EPRT,"Essential Properties Realty Trust, Inc. Common Stock",NYSE,,1728951.0,6798,Real Estate
EPRX,Eupraxia Pharmaceuticals Inc. - Common Stock,NASDAQ,N,1581178.0,2834,Health Care
EPSM,Epsium Enterprise Limited - Class A Ordinary Shares,NASDAQ,N,1883437.0,5180,Industrials
EPSN,Epsilon Energy Ltd. - Common Shares,NASDAQ,N,1726126.0,1311,Energy
EQ,"Equillium, Inc. - Common Stock",NASDAQ,N,1746466.0,2834,Health Care
EQBK,"Equity Bancshares, Inc. Class A Common Stock",NYSE,,1227500.0,6022,Financials
EQH,"Equitable Holdings, Inc. Common Stock",NYSE,,1333986.0,6411,Insurance
EQIX,"Equinix, Inc. - Common Stock",NASDAQ,N,1101239.0,6798,Real Estate
EQNR,Equinor ASA,NYSE,,1140625.0,2911,Energy
EQPT,EquipmentShare.com Inc - Class A Common Stock,NASDAQ,N,1693736.0,7359,Industrials
EQS,"Equus Total Return, Inc. Common Stock",NYSE,,878932.0,,
EQT,EQT Corporation Common Stock,NYSE,,33213.0,1311,Energy
EQX,Equinox Gold Corp. Common Shares,AMEX,,1756607.0,1040,Materials
ERAS,"Erasca, Inc. - Common Stock",NASDAQ,N,1761918.0,2834,Health Care
ERC,Allspring Multi-Sector Income Fund Common Stock,AMEX,,1227073.0,,
ERH,Allspring Utilities and High Income Fund Common Shares,AMEX,,1279014.0,,
ERIC,Ericsson - American Depositary Shares each representing 1 underlying Class B share,NASDAQ,N,717826.0,3663,Technology
ERIE,Erie Indemnity Company - Class A Common Stock,NASDAQ,N,922621.0,6411,Insurance
ERII,"Energy Recovery, Inc. - Common Stock",NASDAQ,N,1421517.0,3559,Industrials
ERNA,Ernexa Therapeutics Inc. - Common Stock,NASDAQ,N,748592.0,2834,Health Care
ERO,Ero Copper Corp. Common Shares,NYSE,,1853860.0,1000,Materials
EROC,"ERock, Inc. Class A Common Stock",NYSE,,2110029.0,3620,Industrials
EROK,"EagleRock Land, LLC Class A shares representing limited liability company interests",NYSE,,2104882.0,6792,Financials
ES,Eversource Energy (D/B/A) Common Stock,NYSE,,72741.0,4911,Utilities
ESAB,ESAB Corporation Common Stock,NYSE,,1877322.0,3569,Industrials
ESCA,"Escalade, Incorporated - Common Stock",NASDAQ,N,33488.0,3949,Consumer Discretionary
ESE,ESCO Technologies Inc. Common Stock,NYSE,,866706.0,3669,Technology
ESEA,Euroseas Ltd. - Common Stock,NASDAQ,N,1341170.0,4412,Transport
ESI,Element Solutions Inc. Common Stock,NYSE,,1590714.0,2890,Materials
ESLA,"Estrella Immunopharma, Inc. - Common Stock",NASDAQ,D,1844417.0,2836,Health Care
ESLT,Elbit Systems Ltd. - Ordinary Shares,NASDAQ,N,1027664.0,3728,Industrials
ESNT,Essent Group Ltd. Common Shares,NYSE,,1448893.0,6351,Insurance
ESOA,Energy Services of America Corporation - Common Stock,NASDAQ,N,1357971.0,1623,Industrials
ESP,Espey Mfg. & Electronics Corp. Common Stock,AMEX,,33533.0,3679,Industrials
ESQ,"Esquire Financial Holdings, Inc. - Common Stock",NASDAQ,N,1531031.0,6029,Financials
ESRT,"Empire State Realty Trust, Inc. Class A Common Stock",NYSE,,1541401.0,6798,Real Estate
ESS,"Essex Property Trust, Inc. Common Stock",NYSE,,920522.0,6798,Real Estate
ESTA,Establishment Labs Holdings Inc. - Common Shares,NASDAQ,N,1688757.0,3842,Health Care
ESTC,Elastic N.V. Ordinary Shares,NYSE,,1707753.0,7372,Technology
ET,Energy Transfer LP Common Units,NYSE,,1276187.0,4922,Utilities
ETB,Eaton Vance Tax-Managed Buy-Write Income Fund Eaton Vance Tax-Managed Buy-Write Income Fund Common Shares of Beneficial Interest,NYSE,,1308927.0,,
ETD,Ethan Allen Interiors Inc. Common Stock,NYSE,,896156.0,2511,Industrials
ETG,Eaton Vance Tax-Advantaged Global Dividend Income Fund Common Shares of Beneficial Interest,NYSE,,1270523.0,,
ETJ,Eaton Vance Risk-Managed Diversified Equity Income Fund Common Shares of Beneficial Interest,NYSE,,1395325.0,,
ETN,"Eaton Corporation, PLC Ordinary Shares",NYSE,,1551182.0,3590,Industrials
ETO,Eaton Vance Tax-Advantage Global Dividend Opp Common Stock,NYSE,,1281926.0,,
ETON,"Eton Pharmaceuticals, Inc. - Common Stock",NASDAQ,N,1710340.0,2834,Health Care
ETOR,eToro Group Ltd. - Class A Common Shares,NASDAQ,N,1493318.0,6211,Financials
ETR,Entergy Corporation Common Stock,NYSE,,65984.0,4911,Utilities
ETRA,"Electra Therapeutics, Inc. - Common stock",NASDAQ,N,2088082.0,2836,Health Care
ETS,Elite Express Holding Inc. - Class A Common Stock,NASDAQ,N,2053641.0,4210,Transport
ETSS,Energy Transition Special Opportunities Class A Ordinary Shares,NYSE,,2085932.0,6770,Financials
ETSY,"Etsy, Inc. Common Stock",NYSE,,1370637.0,7389,Industrials
ETV,Eaton Vance Corporation Eaton Vance Tax-Managed Buy-Write Opportunities Fund Common Shares of Beneficial Interest,NYSE,,1322436.0,,
ETW,Eaton Vance Corporation Eaton Vance Tax-Managed Global Buy-Write Opportunites Fund Common Shares of Beneficial Interest,NYSE,,1322435.0,,
ETX,Eaton Vance Municipal Income 2028 Term Trust Common Shares of Beneficial Interest,NYSE,,1563696.0,,
ETY,"Eaton Vance Tax-Managed Diversified Equity Income Fund Common Shares of Beneficial Interest,",NYSE,,1340736.0,,
EU,enCore Energy Corp. - Common Stock,NASDAQ,N,1500881.0,1090,Materials
EUDA,Euda Health Holdings Limited - Ordinary Shares,NASDAQ,N,1847846.0,8000,Health Care
EURK,Eureka Acquisition Corp - Class A Ordinary Share,NASDAQ,D,2000410.0,7373,Technology
EVAC,EQV Ventures Acquisition Corp. II Class A Ordinary Shares,NYSE,,2042902.0,6770,Financials
EVAX,Evaxion A/S - American Depositary Share,NASDAQ,N,1828253.0,2836,Health Care
EVC,Entravision Communications Corporation Common Stock,NYSE,,1109116.0,4833,Communication
EVCM,EverCommerce Inc. - Common Stock,NASDAQ,N,1853145.0,7372,Technology
EVER,"EverQuote, Inc. - Class A Common Stock",NASDAQ,N,1640428.0,7370,Technology
EVEX,"Eve Holding, Inc. Common Stock",NYSE,,1823652.0,3721,Industrials
EVF,Eaton Vance Senior Income Trust Common Stock,NYSE,,1070732.0,,
EVG,Eaton Vance Short Diversified Income Fund Eaton Vance Short Duration Diversified Income Fund Common Shares of Beneficial Interest,NYSE,,1287498.0,,
EVGN,Evogene Ltd. - Ordinary Shares,NASDAQ,D,1574565.0,2870,Materials
EVGO,EVgo Inc. - Common Stock,NASDAQ,N,1821159.0,7500,Consumer Discretionary
EVH,"Evolent Health, Inc Class A Common Stock",NYSE,,1628908.0,8741,Industrials
EVI,"EVI Industries, Inc.  Common Stock",AMEX,,65312.0,7200,Consumer Discretionary
EVLV,"Evolv Technologies Holdings, Inc. - Class A Common Stock",NASDAQ,N,1805385.0,3577,Technology
EVMN,"Evommune, Inc. Common Stock",NYSE,,2044725.0,2834,Health Care
EVN,Eaton Vance Municipal Income Trust Common Stock,NYSE,,1074540.0,,
EVO,Evotec SE - American Depositary Shares each representing 1/2 of one ordinary share,NASDAQ,N,1412558.0,2834,Health Care
EVOX,Evolution Global Acquisition Corp - Class A Ordinary Shares,NASDAQ,N,2077954.0,6770,Financials
EVR,Evercore Inc. Class A Common Stock,NYSE,,1360901.0,6282,Financials
EVRG,"Evergy, Inc. - Common Stock",NASDAQ,N,1711269.0,4931,Utilities
EVT,Eaton Vance Tax Advantaged Dividend Income Fund Common Shares of Beneficial Interest,NYSE,,1253327.0,,
EVTC,"Evertec, Inc. Common Stock",NYSE,,1559865.0,7374,Technology
EVTL,Vertical Aerospace Ltd. Ordinary Shares,NYSE,,1867102.0,3721,Industrials
EVV,Eaton Vance Limited Duration Income Fund Common Shares of Beneficial Interest,AMEX,,1222922.0,,
EW,Edwards Lifesciences Corporation Common Stock,NYSE,,1099800.0,3842,Health Care
EWAV,East West Ave Acquisition Corp. - Common Stock,NASDAQ,N,2100704.0,6770,Financials
EWBC,"East West Bancorp, Inc. - Common Stock",NASDAQ,N,1069157.0,6022,Financials
EWTX,"Edgewise Therapeutics, Inc. - Common Stock",NASDAQ,N,1710072.0,2834,Health Care
EXC,Exelon Corporation - Common Stock,NASDAQ,N,1109357.0,4931,Utilities
EXE,Expand Energy Corporation - Common Stock,NASDAQ,N,895126.0,1311,Energy
EXEL,"Exelixis, Inc. - Common Stock",NASDAQ,N,939767.0,2836,Health Care
EXFY,"Expensify, Inc. - Class A Common Stock",NASDAQ,N,1476840.0,7372,Technology
EXG,Eaton Vance Tax-Managed Global Diversified Equity Income Fund Common Shares of Beneficial Interest,NYSE,,1379438.0,,
EXK,Endeavour Silver Corporation Ordinary Shares (Canada),NYSE,,1277866.0,1040,Materials
EXLS,"ExlService Holdings, Inc. - Common Stock",NASDAQ,N,1297989.0,7389,Industrials
EXOD,"Exodus Movement, Inc. Class A Common Stock",AMEX,,1821534.0,6199,
EXOZ,eXoZymes Inc. - Common Stock,NASDAQ,N,2010788.0,2836,Health Care
EXP,Eagle Materials Inc Common Stock,NYSE,,918646.0,3241,Materials
EXPD,"Expeditors International of Washington, Inc. Common Stock",NYSE,,746515.0,4731,Transport
EXPE,"Expedia Group, Inc. - Common Stock",NASDAQ,N,1324424.0,4700,Transport
EXPO,"Exponent, Inc. - Common Stock",NASDAQ,N,851520.0,8742,Industrials
EXR,Extra Space Storage Inc Common Stock,NYSE,,1289490.0,6798,Real Estate
EXTR,"Extreme Networks, Inc. - Common Stock",NASDAQ,N,1078271.0,3576,Technology
EXYN,"Exyn Technologies, Inc. - Common Stock",NASDAQ,N,1960355.0,7372,Technology
EYE,"National Vision Holdings, Inc. - Common Stock",NASDAQ,N,1710155.0,3851,Health Care
EYPT,"EyePoint, Inc. - Common Stock",NASDAQ,N,1314102.0,3826,Health Care
EZGO,EZGO Technologies Ltd. - Ordinary Shares,NASDAQ,N,1806904.0,3751,Industrials
EZPW,"EZCORP, Inc. - Class A Non-Voting Common Stock",NASDAQ,N,876523.0,5900,Consumer Discretionary
EZRA,"Reliance Global Group, Inc. - Common Stock",NASDAQ,N,1812727.0,6411,Insurance
F,Ford Motor Company Common Stock,NYSE,,37996.0,3711,Industrials
FA,First Advantage Corporation - Common Stock,NASDAQ,N,1210677.0,7374,Technology
FABC,"Fabric.AI, Inc. - Common Stock",NASDAQ,N,1086745.0,4899,Communication
FAC,Factorial Energy Inc. - Class A Common Stock,NASDAQ,N,2049662.0,3690,Industrials
FACT,FACT II Acquisition Corp. - Class A Ordinary Shares,NASDAQ,N,2028935.0,3728,Industrials
FAF,First American Corporation (New) Common Stock,NYSE,,1472787.0,6361,Insurance
FAMI,"Farmmi, Inc. - Class A Ordinary Shares",NASDAQ,D,1701261.0,2033,Consumer Staples
FANG,"Diamondback Energy, Inc. - Common Stock",NASDAQ,N,1539838.0,1311,Energy
FAST,Fastenal Company - Common Stock,NASDAQ,N,815556.0,5200,Consumer Discretionary
FATE,"Fate Therapeutics, Inc. - Common Stock",NASDAQ,N,1434316.0,2836,Health Care
FATN,"FatPipe, Inc. - common stock",NASDAQ,N,1993400.0,7372,Technology
FAX,"abrdn Asia-Pacific Income Fund, Inc. Common Stock",AMEX,,790500.0,,
FBDT,First Breach Inc. - Common Stock,NASDAQ,N,1892704.0,3480,Industrials
FBGL,FBS Global Limited - Ordinary Shares,NASDAQ,D,1938534.0,1520,Industrials
FBIN,"Fortune Brands Innovations, Inc. Common Stock",NYSE,,1519751.0,2430,Industrials
FBIO,"Fortress Biotech, Inc. - Common Stock",NASDAQ,N,1429260.0,2834,Health Care
FBIZ,"First Business Financial Services, Inc. - Common Stock",NASDAQ,N,1521951.0,6022,Financials
FBK,FB Financial Corporation Common Stock,NYSE,,1649749.0,6022,Financials
FBLA,"FB Bancorp, Inc. - Common Stock",NASDAQ,N,2013639.0,6036,Financials
FBLG,"FibroBiologics, Inc. - Common Stock",NASDAQ,N,1958777.0,2834,Health Care
FBNC,First Bancorp - Common Stock,NASDAQ,N,811589.0,6022,Financials
FBP,First BanCorp. New Common Stock,NYSE,,1057706.0,6022,Financials
FBRT,"Franklin BSP Realty Trust, Inc. Common Stock",NYSE,,1562528.0,6798,Real Estate
FBYD,"Falcon's Beyond Global, Inc. - Class A Common Stock",NASDAQ,N,1937987.0,7990,Communication
FC,Franklin Covey Company Common Stock,NYSE,,886206.0,8741,Industrials
FCAP,"First Capital, Inc. - Common Stock",NASDAQ,N,1070296.0,6035,Financials
FCBC,"First Community Bankshares, Inc. - Common Stock",NASDAQ,N,859070.0,6022,Financials
FCBM,"First Carolina Financial Services, Inc. Common Stock",NYSE,,1531193.0,6022,Financials
FCCO,First Community Corporation - Common Stock,NASDAQ,N,932781.0,6022,Financials
FCEL,"FuelCell Energy, Inc. - Common Stock",NASDAQ,N,886128.0,3620,Industrials
FCF,First Commonwealth Financial Corporation Common Stock,NYSE,,712537.0,6021,Financials
FCFS,"FirstCash Holdings, Inc. - Common Stock",NASDAQ,N,840489.0,5900,Consumer Discretionary
FCHL,Fitness Champs Holdings Limited - Ordinary Shares,NASDAQ,D,2023796.0,7990,Communication
FCN,"FTI Consulting, Inc. Common Stock",NYSE,,887936.0,8742,Industrials
FCNCA,"First Citizens BancShares, Inc. - Class A Common Stock",NASDAQ,N,798941.0,6022,Financials
FCPT,"Four Corners Property Trust, Inc. Common Stock",NYSE,,1650132.0,6798,Real Estate
FCRS,FutureCrest Acquisition Corp. Class A Ordinary Shares,NYSE,,2074697.0,6770,Financials
FCUV,Focus Universal Inc. - Common Stock,NASDAQ,N,1590418.0,3823,Industrials
FCX,"Freeport-McMoRan, Inc. Common Stock",NYSE,,831259.0,1000,Materials
FDBC,"Fidelity D & D Bancorp, Inc. - Common Stock",NASDAQ,N,1098151.0,6021,Financials
FDMM,Freedom Metals Acquisition Corp. - Class A Ordinary Shares,NASDAQ,N,2129659.0,6770,Financials
FDMT,"4D Molecular Therapeutics, Inc. - Common Stock",NASDAQ,N,1650648.0,2836,Health Care
FDS,FactSet Research Systems Inc. Common Stock,NYSE,,1013237.0,7370,Technology
FDSB,"Fifth District Bancorp, Inc. - Common Stock",NASDAQ,N,2012726.0,6035,Financials
FDUS,Fidus Investment Corporation - Closed End Fund,NASDAQ,N,1513363.0,,
FDX,FedEx Corporation Common Stock,NYSE,,1048911.0,4513,Transport
FDXF,"FedEx Freight Holding Company, Inc. Common Stock",NYSE,,2082247.0,4513,Transport
FE,FirstEnergy Corp. Common Stock,NYSE,,1031296.0,4911,Utilities
FEAM,"5E Advanced Materials, Inc. - Common Stock",NASDAQ,N,1888654.0,1400,Materials
FEBO,Fenbo Holdings Limited - Class A Ordinary Shares,NASDAQ,D,1957001.0,3634,Industrials
FEDU,"Four Seasons Education (Cayman) Inc. American Depositary Shares, each ADS representing 10 ordinary shares",NYSE,,1709819.0,8200,Consumer Discretionary
FEIM,"Frequency Electronics, Inc. - Common Stock",NASDAQ,N,39020.0,3825,Industrials
FELE,"Franklin Electric Co., Inc. - Common Stock",NASDAQ,N,38725.0,3621,Industrials
FEMY,Femasys Inc. - Common Stock,NASDAQ,N,1339005.0,3841,Health Care
FENC,Fennec Pharmaceuticals Inc. - Common Stock,NASDAQ,N,1211583.0,2836,Health Care
FENG,"Phoenix New Media Limited American Depositary Shares, each representing 48 Class A ordinary shares.",NYSE,,1509646.0,4833,Communication
FER,Ferrovial N.V. - Ordinary Shares,NASDAQ,N,1468522.0,1600,Industrials
FERA,Fifth Era Acquisition Corp I - Class A Ordinary Shares,NASDAQ,N,2025401.0,6770,Financials
FERG,Ferguson Enterprises Inc. Common Stock,NYSE,,2011641.0,5070,Industrials
FET,"Forum Energy Technologies, Inc. Common Stock",NYSE,,1401257.0,3533,Industrials
FF,FutureFuel Corp.  Common shares,NYSE,,1337298.0,2860,Materials
FFA,First Trust Enhanced Equity Income Fund Common Shares of Beneficial Interest,NYSE,,1291334.0,,
FFAI,Faraday Future Intelligent Electric Inc. - Class A Common Stock,NASDAQ,N,1805521.0,3711,Industrials
FFBC,First Financial Bancorp. - Common Stock,NASDAQ,N,708955.0,6021,Financials
FFIN,"First Financial Bankshares, Inc. - Common Stock",NASDAQ,N,36029.0,6022,Financials
FFIV,"F5, Inc. - Common Stock",NASDAQ,N,1048695.0,3576,Technology
FG,"F&G Annuities & Life, Inc. Common Stock",NYSE,,1934850.0,6311,Insurance
FGBI,"First Guaranty Bancshares, Inc. - Common Stock",NASDAQ,N,1408534.0,6035,Financials
FGI,FGI Industries Ltd. - Ordinary Shares,NASDAQ,N,1864943.0,3430,Industrials
FGII,FG Imperii Acquisition Corp. - Class A Ordinary Shares,NASDAQ,N,2090452.0,6770,Financials
FGL,Founder Group Limited - Class A Ordinary Shares,NASDAQ,N,1989930.0,1700,Industrials
FGNX,FG Nexus Inc. - Common Stock,NASDAQ,N,1591890.0,6199,
FHB,"First Hawaiian, Inc. - Common Stock",NASDAQ,N,36377.0,6022,Financials
FHI,"Federated Hermes, Inc. Common Stock",NYSE,,1056288.0,6282,Financials
FHN,First Horizon Corporation Common Stock,NYSE,,36966.0,6021,Financials
FHTX,Foghorn Therapeutics Inc. - Common Stock,NASDAQ,N,1822462.0,2834,Health Care
FIBK,"First Interstate BancSystem, Inc. - Common Stock",NASDAQ,N,860413.0,6022,Financials
FICO,Fair Isaac Corporation Common Stock,NYSE,,814547.0,7389,Industrials
FIEE,"FiEE, Inc - Common Stock",NASDAQ,N,1467761.0,3661,Technology
FIG,"Figma, Inc. Class A Common Stock",NYSE,,1579878.0,7372,Technology
FIGR,"Figure Technology Solutions, Inc. - Class A Common Stock",NASDAQ,N,2064124.0,6163,Financials
FIGS,"FIGS, Inc. Class A Common Stock",NYSE,,1846576.0,2300,Consumer Discretionary
FIGX,FIGX Capital Acquisition Corp. - Class A ordinary share,NASDAQ,N,2059033.0,6770,Financials
FINS,Angel Oak Financial Strategies Income Term Trust Common Shares of Beneficial Interest,NYSE,,1745059.0,,
FINV,FinVolution Group American Depositary Shares,NYSE,,1691445.0,6163,Financials
FINW,FinWise Bancorp - Common Stock,NASDAQ,N,1856365.0,6022,Financials
FIP,FTAI Infrastructure Inc. - Common Stock,NASDAQ,N,1899883.0,4011,Transport
FIRY,Firy Inc. Class A Common Stock,NYSE,,1801661.0,7374,Technology
FIS,"Fidelity National Information Services, Inc. Common Stock",NYSE,,1136893.0,7389,Industrials
FISI,"Financial Institutions, Inc. - Common Stock",NASDAQ,N,862831.0,6021,Financials
FISN,"Deep Fission, Inc. - Common Stock",NASDAQ,N,1918102.0,4911,Utilities
FISV,"Fiserv, Inc. - Common Stock",NASDAQ,N,798354.0,7389,Industrials
FITB,Fifth Third Bancorp Common Stock,NYSE,,35527.0,6022,Financials
FIVE,"Five Below, Inc. - Common Stock",NASDAQ,N,1177609.0,5331,Consumer Discretionary
FIVN,"Five9, Inc. - Common Stock",NASDAQ,N,1288847.0,7374,Technology
FIX,"Comfort Systems USA, Inc. Common Stock",NYSE,,1035983.0,1731,Industrials
FIZZ,National Beverage Corp. - Common Stock,NASDAQ,N,69891.0,2086,Consumer Staples
FJET,"Starfighters Space, Inc. Common Stock",AMEX,,1947016.0,4512,Transport
FKWL,Franklin Wireless Corp. - common stock,NASDAQ,N,722572.0,3661,Technology
FLC,Flaherty & Crumrine Total Return Fund Inc Common Stock,NYSE,,1245648.0,,
FLD,"Fold Holdings, Inc. - Class A Common Stock",NASDAQ,D,1889123.0,6199,
FLEX,Flex Ltd. - Ordinary Shares,NASDAQ,N,866374.0,3672,Industrials
FLG,"Flagstar Bank, N.A. Common Stock",NYSE,,910073.0,6036,Financials
FLGT,"Fulgent Genetics, Inc. - Common Stock",NASDAQ,N,1674930.0,8071,Health Care
FLL,"Full House Resorts, Inc. - Common Stock",NASDAQ,N,891482.0,7011,Consumer Discretionary
FLNA,"Filana Therapeutics, Inc. - Common Stock",NASDAQ,N,1069530.0,2834,Health Care
FLNC,"Fluence Energy, Inc. - Class A Common Stock",NASDAQ,N,1868941.0,3690,Industrials
FLNG,FLEX LNG Ltd. Ordinary Shares,NYSE,,1772253.0,4400,Transport
FLNT,"Fluent, Inc. - Common Stock",NASDAQ,N,1460329.0,7310,Industrials
FLO,"Flowers Foods, Inc. Common Stock",NYSE,,1128928.0,2000,Consumer Staples
FLOC,Flowco Holdings Inc. Class A Common Stock,NYSE,,2035149.0,3533,Industrials
FLR,Fluor Corporation Common Stock,NYSE,,1124198.0,1600,Industrials
FLS,Flowserve Corporation Common Stock,NYSE,,30625.0,3561,Industrials
FLUT,Flutter Entertainment plc Ordinary Shares,NYSE,,1635327.0,7370,Technology
FLUX,"Flux Power Holdings, Inc. - Common Stock",NASDAQ,D,1083743.0,3690,Industrials
FLWS,"1-800-FLOWERS.COM, Inc. - Class A Common Stock",NASDAQ,N,1084869.0,5990,Consumer Discretionary
FLX,BingEx Limited - American Depositary Shares,NASDAQ,N,1858724.0,4210,Transport
FLXS,"Flexsteel Industries, Inc. - Common Stock",NASDAQ,N,37472.0,2510,Industrials
FLY,Firefly Aerospace Inc. - Common Stock,NASDAQ,N,1860160.0,3760,Industrials
FLYE,"Fly-E Group, Inc. - Common Stock",NASDAQ,N,1975940.0,3711,Industrials
FLYW,Flywire Corporation - Voting Common Stock,NASDAQ,N,1580560.0,7389,Industrials
FLYX,"flyExclusive, Inc. Class A Common Stock",AMEX,,1843973.0,4522,Transport
FMAC,Future Money Acquisition Corporation - Ordinary Shares,NASDAQ,N,2099232.0,6770,Financials
FMAO,"Farmers & Merchants Bancorp, Inc. - Common Stock",NASDAQ,N,792966.0,6035,Financials
FMBH,"First Mid Bancshares, Inc. - Common Stock",NASDAQ,N,700565.0,6022,Financials
FMC,FMC Corporation Common Stock,NYSE,,37785.0,2800,Materials
FMFC,Kandal M Venture Limited - Class A ordinary Shares,NASDAQ,D,2024656.0,3100,Materials
FMN,Federated Hermes Premier Municipal Income Fund,NYSE,,1199004.0,,
FMNB,Farmers National Banc Corp. - Common Stock,NASDAQ,N,709337.0,6022,Financials
FMS,Fresenius Medical Care AG American Depositary Shares (Each representing 1/2 of an Ordinary Share),NYSE,,1333141.0,8090,Health Care
FMST,Foremost Clean Energy Ltd. - Common Shares,NASDAQ,N,1935418.0,1090,Materials
FMX,Fomento Economico Mexicano S.A.B. de C.V. Common Stock,NYSE,,1061736.0,2086,Consumer Staples
FMY,First Trust Mortgage Income Fund Common Shares of Beneficial Interest,NYSE,,1319183.0,,
FN,Fabrinet Ordinary Shares,NYSE,,1408710.0,3661,Technology
FNB,F.N.B. Corporation Common Stock,NYSE,,37808.0,6021,Financials
FND,"Floor & Decor Holdings, Inc. Common Stock",NYSE,,1507079.0,5211,Consumer Discretionary
FNF,"Fidelity National Financial, Inc. Common Stock",NYSE,,1331875.0,6361,Insurance
FNGR,"FingerMotion, Inc. - common stock",NASDAQ,D,1602409.0,7372,Technology
FNKO,"Funko, Inc. - Class A Common Stock",NASDAQ,N,1704711.0,3944,Consumer Discretionary
FNLC,"First Bancorp, Inc (ME) - Common Stock",NASDAQ,N,765207.0,6021,Financials
FNRN,First Northern Community Bancorp - Common stock,NASDAQ,N,1114927.0,6035,Financials
FNUC,Frontier Nuclear and Minerals Inc. - Common Shares,NASDAQ,E,1769697.0,1090,Materials
FNV,Franco-Nevada Corporation,NYSE,,1456346.0,1040,Materials
FNWB,First Northwest Bancorp - Common Stock,NASDAQ,N,1556727.0,6036,Financials
FNWD,Finward Bancorp - common stock,NASDAQ,N,919864.0,6035,Financials
FOA,Finance of America Companies Inc. Class A Common Stock,NYSE,,1828937.0,6162,Financials
FOCL,"EDAP TMS S.A. - American Depositary Shares, each representing One Ordinary Share",NASDAQ,N,1041934.0,3845,Health Care
FOF,"Cohen & Steers Closed-End Opportunity Fund, Inc. Common Stock",NYSE,,1375340.0,,
FOFO,"Hang Feng Technology Innovation Co., Ltd. - Ordinary Shares",NASDAQ,N,2060083.0,8742,Industrials
FOIL,"Londian Wason New Energy Tech Inc. American Depositary Shares, each representing five Ordinary Shares",NYSE,,2006960.0,3390,Materials
FOR,Forestar Group Inc Common Stock,NYSE,,1406587.0,6500,Real Estate
FORM,"FormFactor, Inc. - Common Stock",NASDAQ,N,1039399.0,3674,Technology
FORR,"Forrester Research, Inc. - Common Stock",NASDAQ,N,1023313.0,8700,Industrials
FORTY,Formula Systems (1985) Ltd. - American Depositary Shares,NASDAQ,N,1045986.0,7371,Technology
FOSL,"Fossil Group, Inc. - Common Stock",NASDAQ,N,883569.0,3873,Industrials
FOUR,"Shift4 Payments, Inc. Class A Common Stock",NYSE,,1794669.0,7389,Industrials
FOX,Fox Corporation - Class B Common Stock,NASDAQ,N,1754301.0,4833,Communication
FOXA,Fox Corporation - Class A Common Stock,NASDAQ,N,1754301.0,4833,Communication
FOXF,Fox Factory Holding Corp. - Common Stock,NASDAQ,N,1424929.0,3751,Industrials
FOXX,Foxx Development Holdings Inc. - Common Stock,NASDAQ,D,2013807.0,3576,Technology
FPH,"Five Point Holdings, LLC Class A Common Shares",NYSE,,1574197.0,6500,Real Estate
FPI,Farmland Partners Inc. Common Stock,NYSE,,1591670.0,6798,Real Estate
FPS,"Forgent Power Solutions, Inc. Class A Common Stock",NYSE,,2080126.0,3620,Industrials
FR,"First Industrial Realty Trust, Inc. Common Stock",NYSE,,921825.0,6798,Real Estate
FRA,Blackrock Floating Rate Income Strategies Fund Inc  Common Stock,NYSE,,1259708.0,,
FRAF,Franklin Financial Services Corporation - Common Stock,NASDAQ,N,723646.0,6022,Financials
FRBA,First Bank  - Common Stock,NASDAQ,N,,,
FRBT,"Forbright, Inc. - Class A Common Stock",NASDAQ,N,1925062.0,6022,Financials
FRD,Friedman Industries Inc. - Common Stock,NASDAQ,N,39092.0,3310,Materials
FRGT,"Freight Technologies, Inc. - Ordinary Shares",NASDAQ,N,1687542.0,4731,Transport
FRHC,Freedom Holding Corp. - Common Stock,NASDAQ,N,924805.0,6211,Financials
FRME,First Merchants Corporation - Common Stock,NASDAQ,N,712534.0,6021,Financials
FRMI,Fermi Inc. - Common Stock,NASDAQ,N,2071778.0,6798,Real Estate
FRMM,"Forum Markets, Incorporated - Common Stock",NASDAQ,N,1690080.0,6199,
FRNM,"Freenome, Inc. - Common stock",NASDAQ,N,2017526.0,8071,Health Care
FRO,Frontline Plc Ordinary Shares,NYSE,,913290.0,4412,Transport
FROG,JFrog Ltd. - Ordinary shares,NASDAQ,N,1800667.0,7372,Technology
FRPH,"FRP Holdings, Inc. - Common Stock",NASDAQ,N,844059.0,6500,Real Estate
FRPT,"Freshpet, Inc. - Common Stock",NASDAQ,N,1611647.0,2040,Consumer Staples
FRSH,Freshworks Inc. - Class A Common Stock,NASDAQ,N,1544522.0,7372,Technology
FRST,Primis Financial Corp. - Common Stock,NASDAQ,N,1325670.0,6022,Financials
FRSX,Foresight Autonomous Holdings Ltd. - American Depositary Shares,NASDAQ,N,1691221.0,7372,Technology
FRT,Federal Realty Investment Trust Common Stock,NYSE,,34903.0,6798,Real Estate
FRTT,Fort Technology Inc. - Common Shares,NASDAQ,N,2092967.0,2870,Materials
FRVO,Fervo Energy Company - Class A common stock,NASDAQ,N,1853868.0,4911,Utilities
FSBC,Five Star Bancorp - Common Stock,NASDAQ,N,1275168.0,6022,Financials
FSBW,"FS Bancorp, Inc. - Common Stock",NASDAQ,N,1530249.0,6036,Financials
FSCO,FS Credit Opportunities Corp. Common Stock,NYSE,,1568194.0,,
FSEA,"First Seacoast Bancorp, Inc. - Common Stock",NASDAQ,N,1943802.0,6035,Financials
FSHP,Flag Ship Acquisition Corp. - Ordinary Shares,NASDAQ,N,1850059.0,6770,Financials
FSI,Flexible Solutions International Inc. Common Stock (CDA),AMEX,,1069394.0,2890,Materials
FSK,FS KKR Capital Corp. Common Stock,NYSE,,1422183.0,,
FSLR,"First Solar, Inc. - Common Stock",NASDAQ,N,1274494.0,3674,Technology
FSLY,"Fastly, Inc. - Class A Common Stock",NASDAQ,N,1517413.0,7372,Technology
FSM,Fortuna Mining Corp. Common Shares,NYSE,,1341335.0,1040,Materials
FSP,Franklin Street Properties Corp. Common Stock,AMEX,,1031316.0,6798,Real Estate
FSS,Federal Signal Corporation Common Stock,NYSE,,277509.0,3711,Industrials
FSSL,FS Specialty Lending Fund Common Shares of Beneficial Interest,NYSE,,2065812.0,,
FSTR,L.B. Foster Company - Common Stock,NASDAQ,N,352825.0,5051,Industrials
FSUN,FirstSun Capital Bancorp - Common Stock,NASDAQ,N,1709442.0,6021,Financials
FSV,FirstService Corporation - Common Shares,NASDAQ,N,1637810.0,6500,Real Estate
FT,Franklin Universal Trust Common Stock,NYSE,,833040.0,,
FTAI,FTAI Aviation Ltd. - Common Stock,NASDAQ,N,1590364.0,7350,Industrials
FTCI,"FTC Solar, Inc. - Common Stock",NASDAQ,N,1828161.0,3674,Technology
FTDR,"Frontdoor, Inc. - Common Stock",NASDAQ,N,1727263.0,7340,Industrials
FTEK,"Fuel Tech, Inc. - Common Stock",NASDAQ,N,846913.0,3564,Industrials
FTF,Franklin Limited Duration Income Trust Common Shares of Beneficial Interest,AMEX,,1233087.0,,
FTFT,Future FinTech Group Inc. - Common Stock,NASDAQ,N,1066923.0,7389,Industrials
FTH,"Faeth Therapeutics, Inc.  - Common Stock",NASDAQ,N,1829802.0,2834,Health Care
FTHA,Forefront Tech Holdings Acquisition Corp - Class A Ordinary Shares,NASDAQ,N,2097986.0,6770,Financials
FTHM,Fathom Holdings Inc. - Common Stock,NASDAQ,D,1753162.0,6531,Real Estate
FTHY,First Trust High Yield Opportunities 2027 Term Fund Common Stock,NYSE,,1810523.0,,
FTI,TechnipFMC plc Ordinary Share,NYSE,,1681459.0,3533,Industrials
FTK,"Flotek Industries, Inc. Common Stock",NYSE,,928054.0,2890,Materials
FTLF,"FitLife Brands, Inc. - Common Stock",NASDAQ,N,1374328.0,2833,Health Care
FTNT,"Fortinet, Inc. - Common Stock",NASDAQ,N,1262039.0,3577,Technology
FTRA,FutureCorp Space Acquisition 1 Class A Ordinary Shares,NYSE,,2131853.0,6770,Financials
FTRE,Fortrea Holdings Inc. - Common Stock,NASDAQ,N,1965040.0,8071,Health Care
FTS,Fortis Inc. Common Shares,NYSE,,1666175.0,4911,Utilities
FTV,Fortive Corporation Common Stock,NYSE,,1659166.0,3823,Industrials
FTW,Presidio Production Company Class A Common Stock,NYSE,,2083125.0,1311,Energy
FUBO,FuboTV Inc. Class A Common Stock,NYSE,,1484769.0,7812,Communication
FUFU,BitFuFu Inc. - Class A Ordinary Shares,NASDAQ,N,1921158.0,6199,
FUL,H. B. Fuller Company Common Stock,NYSE,,39368.0,2891,Materials
FULC,"Fulcrum Therapeutics, Inc. - Common Stock",NASDAQ,N,1680581.0,2834,Health Care
FULT,Fulton Financial Corporation - Common Stock,NASDAQ,N,700564.0,6021,Financials
FUN,Six Flags Entertainment Corporation Common Stock New,NYSE,,1999001.0,7900,Communication
FUNC,First United Corporation - Common Stock,NASDAQ,N,763907.0,6021,Financials
FUND,"Sprott Focus Trust, Inc. - Closed End Fund",NASDAQ,N,825202.0,,
FURY,Fury Gold Mines Limited Common Shares,AMEX,,1514597.0,1040,Materials
FUSB,"First US Bancshares, Inc. - Common Stock",NASDAQ,N,717806.0,6022,Financials
FUSE,Fusemachines Inc. - Common stock,NASDAQ,D,2033383.0,7373,Technology
FUTU,Futu Holdings Limited - American Depositary Shares,NASDAQ,N,1754581.0,6211,Financials
FVAV,Fortress Value Acquisition Corp. V - Class A Ordinary Shares,NASDAQ,N,1850733.0,6770,Financials
FVCB,"FVCBankcorp, Inc. - Common Stock",NASDAQ,N,1675644.0,6022,Financials
FVN,Future Vision II Acquisition Corporation - Ordinary Shares,NASDAQ,D,2010653.0,7373,Technology
FVR,"FrontView REIT, Inc. Common Stock",NYSE,,1988494.0,6798,Real Estate
FVRR,"Fiverr International Ltd. Ordinary Shares, no par value",NYSE,,1762301.0,7389,Industrials
FWAC,Futurewave Acquisition Corporation - Ordinary Shares,NASDAQ,N,2116105.0,6770,Financials
FWDI,"Forward Industries, Inc. - Common Stock",NASDAQ,N,38264.0,6199,
FWONA,Liberty Media Corporation - Series A Common Stock,NASDAQ,N,1560385.0,4833,Communication
FWONK,Liberty Media Corporation - Series C Common Stock,NASDAQ,N,1560385.0,4833,Communication
FWRD,Forward Air Corporation - Common Stock,NASDAQ,N,912728.0,4731,Transport
FWRG,"First Watch Restaurant Group, Inc. - Common Stock",NASDAQ,N,1789940.0,5812,Consumer Discretionary
FXAC,FortuneX Acquisition Corporation - Ordinary shares,NASDAQ,N,2121703.0,6770,Financials
FXHO,UTime Limited - Class A Ordinary Shares,NASDAQ,N,1789299.0,3600,Industrials
FXNC,First National Corporation - Common Stock,NASDAQ,N,719402.0,6022,Financials
G,Genpact Limited Common Stock,NYSE,,1398659.0,8742,Industrials
GAB,"Gabelli Equity Trust, Inc. (The) Common Stock",NYSE,,794685.0,,
GABC,"German American Bancorp, Inc. - Common Stock",NASDAQ,N,714395.0,6022,Financials
GAIA,"Gaia, Inc. - Class A Common Stock",NASDAQ,N,1089872.0,7812,Communication
GAIN,Gladstone Investment Corporation - Business Development Company,NASDAQ,N,1321741.0,,
GALT,Galectin Therapeutics Inc. - Common Stock,NASDAQ,N,1133416.0,2834,Health Care
GAM,"General American Investors, Inc. Common Stock",NYSE,,40417.0,0,
GAME,"GameSquare Holdings, Inc. - Common stock",NASDAQ,N,1714562.0,7900,Communication
GANX,"Gain Therapeutics, Inc. - Common Stock",NASDAQ,N,1819411.0,2834,Health Care
GAP,"Gap, Inc. (The) Common Stock",NYSE,,39911.0,5651,Consumer Discretionary
GASS,"StealthGas, Inc. - common stock",NASDAQ,N,1328919.0,4412,Transport
GATX,GATX Corporation Common Stock,NYSE,,40211.0,4700,Transport
GAU,Galiano Gold Inc.,AMEX,,1377757.0,1400,Materials
GAUZ,Gauzy Ltd. - Ordinary Shares,NASDAQ,H,1781446.0,3690,Industrials
GBCI,"Glacier Bancorp, Inc. Common Stock",NYSE,,868671.0,6022,Financials
GBDC,"Golub Capital BDC, Inc. - Closed End Fund",NASDAQ,N,1476765.0,,
GBFH,GBank Financial Holdings Inc. - Common Stock,NASDAQ,N,1791145.0,6022,Financials
GBLI,"Global Indemnity Group, LLC - Class A Common Shares",NASDAQ,N,1494904.0,6331,Insurance
GBR,"New Concept Energy, Inc Common Stock",AMEX,,105744.0,1311,Energy
GBTG,"Global Business Travel Group, Inc. Class A Common Stock",NYSE,,1820872.0,4700,Transport
GBX,"Greenbrier Companies, Inc. (The) Common Stock",NYSE,,923120.0,3743,Industrials
GCBC,"Greene County Bancorp, Inc. - Common Stock",NASDAQ,N,1070524.0,6036,Financials
GCDT,Green Circle Decarbonize Technology Limited Class A Ordinary Shares,AMEX,,1926293.0,3585,Industrials
GCGR,General Catalyst Global Resilience Merger Corp. - Class A Ordinary Shares,NASDAQ,N,2108962.0,6770,Financials
GCL,GCL Global Holdings Ltd - Ordinary Shares,NASDAQ,D,2002045.0,7372,Technology
GCMG,GCM Grosvenor Inc. - Class A Common Stock,NASDAQ,N,1819796.0,6282,Financials
GCO,Genesco Inc. Common Stock,NYSE,,18498.0,5661,Consumer Discretionary
GCT,GigaCloud Technology Inc - Class A Ordinary Shares,NASDAQ,N,1857816.0,5961,Consumer Discretionary
GCTK,"GlucoTrack, Inc. - Common Stock",NASDAQ,D,1506983.0,3841,Health Care
GCTS,"GCT Semiconductor Holding, Inc. Common Stock",NYSE,,1851961.0,3674,Technology
GCV,"Gabelli Convertible and Income Securities Fund, Inc. (The) Common Stock",NYSE,,845611.0,,
GD,General Dynamics Corporation Common Stock,NYSE,,40533.0,3730,Industrials
GDC,GD Culture Group Limited - Common Stock,NASDAQ,N,1641398.0,5050,Industrials
GDDY,GoDaddy Inc. Class A Common Stock,NYSE,,1609711.0,7373,Technology
GDEV,GDEV Inc. - Ordinary Shares,NASDAQ,N,1848739.0,7371,Technology
GDHG,Golden Heaven Group Holdings Ltd.  - Class A Ordinary Shares,NASDAQ,N,1928340.0,7990,Communication
GDL,"GDL Fund, The Common Shares of Beneficial Interest",NYSE,,1378701.0,,
GDO,Western Asset Global Corporate Opportunity Fund Inc. Common Stock,NYSE,,1472341.0,,
GDOT,"Green Dot Corporation Class A Common Stock, $0.001 par value",NYSE,,1386278.0,6199,
GDRX,"GoodRx Holdings, Inc. - Class A Common Stock",NASDAQ,N,1809519.0,7374,Technology
GDS,GDS Holdings Limited - American Depositary Shares,NASDAQ,N,1526125.0,7370,Technology
GDTC,CytoMed Therapeutics Limited - Ordinary Shares,NASDAQ,N,1873093.0,2834,Health Care
GDV,Gabelli Dividend & Income Trust Common Shares of Beneficial Interest,NYSE,,1260729.0,,
GDYN,"Grid Dynamics Holdings, Inc. - Class A Common Stock",NASDAQ,N,1743725.0,7372,Technology
GE,GE Aerospace Common Stock,NYSE,,40545.0,3600,Industrials
GECC,Great Elm Capital Corp. - Closed End Fund,NASDAQ,N,1675033.0,,
GEF,Greif Inc. Class A Common Stock,NYSE,,43920.0,3412,Industrials
GEG,"Great Elm Group, Inc.  - Common Stock",NASDAQ,N,1831096.0,7372,Technology
GEHC,GE HealthCare Technologies Inc. - Common Stock,NASDAQ,N,1932393.0,3844,Health Care
GEL,"Genesis Energy, L.P. Common Units",NYSE,,1022321.0,4610,Energy
GELS,Gelteq Limited - Ordinary Shares,NASDAQ,D,1920092.0,2834,Health Care
GEMI,"Gemini Space Station, Inc. - Class A Common Stock",NASDAQ,N,2055592.0,6199,
GEN,Gen Digital Inc. - Common Stock,NASDAQ,N,849399.0,7372,Technology
GENB,"Generate Biomedicines, Inc. - Common Stock",NASDAQ,N,2100782.0,2834,Health Care
GENC,"Gencor Industries, Inc. Common Stock",AMEX,,64472.0,3531,Industrials
GENI,Genius Sports Limited Ordinary Shares,NYSE,,1834489.0,7990,Communication
GENK,"GEN Restaurant Group, Inc. - Class A Common Stock",NASDAQ,N,1891856.0,5812,Consumer Discretionary
GEO,Geo Group Inc (The) REIT,NYSE,,923796.0,1520,Industrials
GEOS,Geospace Technologies Corporation - Common Stock,NASDAQ,N,1001115.0,3829,Industrials
GERN,Geron Corporation - Common Stock,NASDAQ,N,886744.0,2834,Health Care
GETY,"Getty Images Holdings, Inc. Class A Common Stock",NYSE,,1898496.0,7389,Industrials
GEV,GE Vernova Inc. Common Stock,NYSE,,1996810.0,3600,Industrials
GEVO,"Gevo, Inc. - Common Stock",NASDAQ,N,1392380.0,2860,Materials
GF,"New Germany Fund, Inc. (The) Common Stock",NYSE,,858706.0,0,
GFAI,"Guardforce AI Co., Limited - Ordinary Shares",NASDAQ,D,1804469.0,7381,Industrials
GFF,Griffon Corporation Common Stock,NYSE,,50725.0,3442,Industrials
GFI,Gold Fields Limited American Depositary Shares,NYSE,,1172724.0,1040,Materials
GFL,"GFL Environmental Inc. Subordinate voting shares, no par value",NYSE,,1780232.0,4953,Utilities
GFR,Greenfire Resources Ltd. Common Shares,NYSE,,1966287.0,1311,Energy
GFS,GlobalFoundries Inc. - Ordinary Share,NASDAQ,N,1709048.0,3674,Technology
GFUZ,General Fusion Group Ltd. - Common Shares,NASDAQ,N,2074850.0,4911,Utilities
GGAL,"Grupo Financiero Galicia S.A. - American Depositary Shares, Class B Shares underlying",NASDAQ,N,1114700.0,6029,Financials
GGB,Gerdau S.A. Common Stock,NYSE,,1073404.0,3310,Materials
GGG,Graco Inc. Common Stock,NYSE,,42888.0,3561,Industrials
GGN,"GAMCO Global Gold, Natural Resources & Income Trust",AMEX,,1313510.0,,
GGR,Gogoro Inc. - Ordinary Shares,NASDAQ,N,1886190.0,3711,Industrials
GGT,"Gabelli Multi-Media Trust, Inc. (The) Common Stock",NYSE,,921671.0,,
GGZ,Gabelli Global Small and Mid Cap Value Trust (The) Common Shares of Beneficial Interest,NYSE,,1585855.0,,
GH,"Guardant Health, Inc. - Common Stock",NASDAQ,N,1576280.0,8071,Health Care
GHC,Graham Holdings Company Common Stock,NYSE,,104889.0,8200,Consumer Discretionary
GHG,"GreenTree Hospitality Group Ltd. American depositary shares, each representing one Class A ordinary share",NYSE,,1724755.0,7011,Consumer Discretionary
GHI,Greystone Housing Impact Investors LP Beneficial Unit Certificates representing assignments of limited partnership interests,NYSE,,1059142.0,6199,
GHM,Graham Corporation Common Stock,NYSE,,716314.0,3560,Industrials
GHRS,GH Research PLC - Ordinary Shares,NASDAQ,N,1855129.0,2834,Health Care
GHXI,"Gores Holdings XI, Inc. - Class A Ordinary Shares",NASDAQ,N,2086438.0,6770,Financials
GHY,"PGIM Global High Yield Fund, Inc.",NYSE,,1554697.0,,
GIB,CGI Inc. Common Stock,NYSE,,1061574.0,8742,Industrials
GIBO,GIBO Holdings Limited - Class A Ordinary Shares,NASDAQ,N,2034520.0,7372,Technology
GIC,Global Industrial Company Common Stock,NYSE,,945114.0,5084,Industrials
GIFT,"Giftify, Inc. - Common Stock",NASDAQ,D,1760233.0,5961,Consumer Discretionary
GIGM,GigaMedia Limited - Ordinary Shares,NASDAQ,N,1105101.0,7370,Technology
GIII,"G-III Apparel Group, LTD. - Common Stock",NASDAQ,N,821002.0,2300,Consumer Discretionary
GIL,"Gildan Activewear, Inc. Class A Sub. Vot. Common Stock",NYSE,,1061894.0,2300,Consumer Discretionary
GILD,"Gilead Sciences, Inc. - Common Stock",NASDAQ,N,882095.0,2836,Health Care
GILT,Gilat Satellite Networks Ltd. - Ordinary Shares,NASDAQ,N,897322.0,3663,Technology
GIPR,Generation Income Properties Inc. - Common stock,NASDAQ,D,1651721.0,6798,Real Estate
GIS,"General Mills, Inc. Common Stock",NYSE,,40704.0,2040,Consumer Staples
GITS,"Global Interactive Technologies, Inc. Common Stock - Common Stock",NASDAQ,N,1911545.0,7370,Technology
GIW,GigCapital8 Corp. - Class A Ordinary Shares,NASDAQ,N,2080019.0,6770,Financials
GIX,GigCapital9 Corp. - Class A Ordinary Share,NASDAQ,N,2098712.0,6770,Financials
GIXI,Gix Internet Ltd. - Ordinary Shares,NASDAQ,N,1782265.0,7372,Technology
GJH,Synthetic Fixed-Income Securities Inc 6.375% (STRATS) Cl A-1,NYSE,,1286405.0,6189,Financials
GJO,"Synthetic Fixed-Income Securities, Inc. on behalf of STRATS(SM) Trust for Wal-Mart Stores, Inc. Securities, Series 2004-5",NYSE,,1340909.0,6189,Financials
GJP,"Synthetic Fixed-Income Securities, Inc. on behalf of STRATS (SM) Trust for Dominion Resources, Inc. Securities, Series 2005-6, Floating Rate Structured Repackaged Asset-Backed Trust Securities (STRATS) Certificates",NYSE,,1343491.0,6189,Financials
GJR,"Synthetic Fixed-Income Securities, Inc. STRATS Trust for Procter&Gamble Securities, Series 2006-1",NYSE,,1353226.0,6189,Financials
GJS,"Goldman Sachs Group Securities STRATS Trust for Goldman Sachs Group Securities, Series 2006-2",NYSE,,1356284.0,6189,Financials
GJT,"Synthetic Fixed-Income Securities, Inc. Floating Rate Structured Repackaged Asset-Backed Trust Securities Certificates, Series 2006-3",NYSE,,1357660.0,6189,Financials
GKOS,Glaukos Corporation Common Stock,NYSE,,1192448.0,3841,Health Care
GL,Globe Life Inc. Common Stock,NYSE,,320335.0,6311,Insurance
GLAD,Gladstone Capital Corporation - Closed End Fund,NASDAQ,N,1143513.0,,
GLAS,Glass House Brands Inc. Subordinate Voting Shares,NYSE,,1848731.0,2833,Health Care
GLBE,Global-E Online Ltd. - ordinary shares,NASDAQ,N,1835963.0,7372,Technology
GLBS,Globus Maritime Limited - Common Stock,NASDAQ,N,1499780.0,4412,Transport
GLDG,GoldMining Inc. Common Shares,AMEX,,1538847.0,1040,Materials
GLE,Global Engine Group Holding Limited - Class A Ordinary Shares,NASDAQ,D,1908705.0,7374,Technology
GLED,GalaxyEdge Acquisition Corporation Ordinary Shares,NYSE,,2091484.0,6770,Financials
GLIBA,Liberty Capital Corporation - Series A GCI Group Common Stock,NASDAQ,N,2057463.0,4841,Communication
GLIBK,Liberty Capital Corporation - Series C GCI Group Common Stock,NASDAQ,N,2057463.0,4841,Communication
GLND,Greenland Energy Company - Common Stock,NASDAQ,N,2093507.0,1381,Energy
GLNG,Golar LNG Limited - Common Shares,NASDAQ,N,1207179.0,4400,Transport
GLO,Clough Global Opportunities Fund Common Stock,AMEX,,1350869.0,,
GLOB,Globant S.A. Common Shares,NYSE,,1557860.0,7374,Technology
GLOO,"Gloo Holdings, Inc. - Common Stock",NASDAQ,N,2069785.0,7374,Technology
GLP,Global Partners LP Common Units representing Limited Partner Interests,NYSE,,1323468.0,5171,Industrials
GLPI,"Gaming and Leisure Properties, Inc. - Common Stock",NASDAQ,N,1575965.0,6798,Real Estate
GLQ,Clough Global Equity Fund Clough Global Equity Fund Common Shares of Beneficial Interest,AMEX,,1316463.0,,
GLRE,"Greenlight Reinsurance, Ltd. - Class A Ordinary Shares",NASDAQ,N,1385613.0,6331,Insurance
GLSI,"Greenwich LifeSciences, Inc. - Common stock",NASDAQ,N,1799788.0,2834,Health Care
GLU,Gabelli Global Utility Common Shares of Beneficial Ownership,AMEX,,1282957.0,,
GLUE,"Monte Rosa Therapeutics, Inc. - Common Stock",NASDAQ,N,1826457.0,2836,Health Care
GLV,Clough Global Dividend and Income Fund Common Shares of beneficial interest,AMEX,,1288795.0,,
GLW,Corning Incorporated Common Stock,NYSE,,24741.0,3357,Materials
GLXG,Galaxy Payroll Group Limited - Class A Ordinary Shares,NASDAQ,N,1905920.0,8700,Industrials
GLXY,Galaxy Digital Inc. - Class A common stock,NASDAQ,N,1859392.0,6211,Financials
GM,General Motors Company Common Stock,NYSE,,1467858.0,3711,Industrials
GMAB,Genmab A/S - American Depositary Shares,NASDAQ,N,1434265.0,2834,Health Care
GME,GameStop Corporation Common Stock,NYSE,,1326380.0,5734,Consumer Discretionary
GMED,"Globus Medical, Inc. Class A Common Stock",NYSE,,1237831.0,3841,Health Care
GMEX,GMEX ROBOTICS CORPORATION - Class A Ordinary Shares,NASDAQ,N,1928581.0,3949,Consumer Discretionary
GMHS,Gamehaus Holdings Inc. - Class A Ordinary Shares,NASDAQ,D,2000530.0,7374,Technology
GMM,Global Mofy AI Limited  - Class A Ordinary Shares,NASDAQ,N,1913749.0,7370,Technology
GMRS,GMR Solutions Inc. Class A Common Stock,NYSE,,1898718.0,4700,Transport
GMTL,Guardian Metal Resources PLC ADS,AMEX,,2039972.0,1000,Materials
GNE,Genie Energy Ltd. Class B Common Stock Stock,NYSE,,1528356.0,4931,Utilities
GNK,Genco Shipping & Trading Limited Ordinary Shares New (Marshall Islands),NYSE,,1326200.0,4412,Transport
GNL,"Global Net Lease, Inc. Common Stock",NYSE,,1526113.0,6798,Real Estate
GNLN,"Greenlane Holdings, Inc. - Class A Common Stock",NASDAQ,N,1743745.0,5099,Industrials
GNLX,Genelux Corporation - Common Stock,NASDAQ,N,1231457.0,2834,Health Care
GNPX,"Genprex, Inc. - Common Stock",NASDAQ,N,1595248.0,2834,Health Care
GNRC,Generac Holdlings Inc. Common Stock,NYSE,,1474735.0,3621,Industrials
GNS,Genius Group Limited Ordinary Shares,AMEX,,1847806.0,7372,Technology
GNSS,Genasys Inc. - Common Stock,NASDAQ,N,924383.0,3651,Industrials
GNT,"GAMCO Natural Resources, Gold & Income Trust",NYSE,,1438893.0,,
GNTA,Genenta Science S.p.A. - American Depositary Shares,NASDAQ,N,1838716.0,2836,Health Care
GNTX,Gentex Corporation - Common Stock,NASDAQ,N,355811.0,3714,Industrials
GNW,Genworth Financial Inc Common Stock,NYSE,,1276520.0,6311,Insurance
GO,Grocery Outlet Holding Corp. - Common Stock,NASDAQ,N,1771515.0,5411,Consumer Staples
GOAI,Eva Live Inc. - Common Stock,NASDAQ,N,1983736.0,7370,Technology
GOF,Guggenheim Strategic Opportunities Fund Common Shares of Beneficial Interest,NYSE,,1380936.0,,
GOGO,Gogo Inc. - Common Stock,NASDAQ,N,1537054.0,4899,Communication
GOLD,"Gold.com, Inc. Common Stock",NYSE,,1591588.0,5094,Industrials
GOLF,Acushnet Holdings Corp. Common Stock,NYSE,,1672013.0,3949,Consumer Discretionary
GOOD,Gladstone Commercial Corporation - Real Estate Investment Trust,NASDAQ,N,1234006.0,6519,Real Estate
GOOG,Alphabet Inc. - Class C Capital Stock,NASDAQ,N,1652044.0,7370,Technology
GOOGL,Alphabet Inc. - Class A Common Stock,NASDAQ,N,1652044.0,7370,Technology
GOOS,Canada Goose Holdings Inc. Subordinate Voting Shares,NYSE,,1690511.0,2300,Consumer Discretionary
GORO,Goldgroup Mining Inc. Common Shares,AMEX,,1515964.0,1040,Materials
GOSS,"Gossamer Bio, Inc. - Common Stock",NASDAQ,D,1728117.0,2834,Health Care
GOTU,Gaotu Techedu Inc. American Depositary Shares,NYSE,,1768259.0,8200,Consumer Discretionary
GOVX,"GeoVax Labs, Inc. - Common Stock",NASDAQ,D,832489.0,2834,Health Care
GP,GreenPower Motor Company Inc. - Common Shares,NASDAQ,N,1584547.0,3713,Industrials
GPAC,General Purpose Acquisition Corp. - Class A Ordinary Shares,NASDAQ,N,2085408.0,6770,Financials
GPAT,GP-Act III Acquisition Corp. - Class A Ordinary Share,NASDAQ,N,1834526.0,6770,Financials
GPC,Genuine Parts Company Common Stock,NYSE,,40987.0,5013,Industrials
GPCR,Structure Therapeutics Inc. - American Depositary Shares,NASDAQ,N,1888886.0,2834,Health Care
GPGI,"GPGI, Inc. Class A Common Stock",NYSE,,1823144.0,6199,
GPI,"Group 1 Automotive, Inc. Common Stock",NYSE,,1031203.0,5500,Consumer Discretionary
GPK,Graphic Packaging Holding Company,NYSE,,1408075.0,2650,Materials
GPMT,Granite Point Mortgage Trust Inc. Common Stock,NYSE,,1703644.0,6798,Real Estate
GPN,Global Payments Inc. Common Stock,NYSE,,1123360.0,7389,Industrials
GPOR,Gulfport Energy Corporation Common Shares,NYSE,,874499.0,1311,Energy
GPRE,"Green Plains, Inc. - Common Stock",NASDAQ,N,1309402.0,2860,Materials
GPRK,Geopark Ltd Common Shares,NYSE,,1464591.0,1311,Energy
GPRO,"GoPro, Inc. - Class A Common Stock",NASDAQ,N,1500435.0,3861,Industrials
GPUS,"Hyperscale Data, Inc. Common Stock",AMEX,,896493.0,3533,Industrials
GRAB,Grab Holdings Limited - Class A Ordinary Shares,NASDAQ,N,1855612.0,7389,Industrials
GRAL,"GRAIL, Inc. - Common Stock",NASDAQ,N,1699031.0,8071,Health Care
GRAN,Grande Group Limited - Class A Ordinary Shares,NASDAQ,N,2027722.0,6199,
GRBK,"Green Brick Partners, Inc. Common Stock",NYSE,,1373670.0,1531,Industrials
GRC,Gorman-Rupp Company (The) Common Stock,NYSE,,42682.0,3561,Industrials
GRCE,"Grace Therapeutics, Inc. - Common Stock",NASDAQ,N,1444192.0,2834,Health Care
GRDN,"Guardian Pharmacy Services, Inc. Class A Common Stock",NYSE,,1802255.0,5912,Consumer Discretionary
GRDX,GridAI Technologies Corp.  - Common Stock,NASDAQ,N,1604191.0,2834,Health Care
GRF,"Eagle Capital Growth Fund, Inc. Common Stock",AMEX,,850027.0,,
GRFS,"Grifols, S.A. - American Depositary Shares",NASDAQ,N,1438569.0,2834,Health Care
GRI,"GRI Bio, Inc. - Common Stock",NASDAQ,N,1824293.0,2834,Health Care
GRML,Greenland Mines Ltd - Common Stock,NASDAQ,N,1907223.0,2836,Health Care
GRMN,Garmin Ltd. Common Stock (Switzerland),NYSE,,1121788.0,3812,Industrials
GRND,Grindr Inc. Common Stock,NYSE,,1820144.0,7370,Technology
GRNQ,Greenpro Capital Corp. - Common Stock,NASDAQ,N,1597846.0,8742,Industrials
GRNT,"Granite Ridge Resources, Inc. Common Stock",NYSE,,1928446.0,1311,Energy
GRO,Brazil Potash Corp. Common Shares,AMEX,,1472326.0,1400,Materials
GROV,"Grove Collaborative Holdings, Inc. Class A Common Stock",NYSE,,1841761.0,5961,Consumer Discretionary
GROW,"U.S. Global Investors, Inc. - Class A Common Stock",NASDAQ,N,754811.0,6282,Financials
GROY,Gold Royalty Corp. Common Shares,AMEX,,1834026.0,1040,Materials
GRPN,"Groupon, Inc. - Common Stock",NASDAQ,N,1490281.0,7311,Industrials
GRRR,Gorilla Technology Group Inc. - Ordinary shares,NASDAQ,N,1903145.0,7372,Technology
GRSD,Grandstand Limited - Ordinary Shares,NASDAQ,N,1839799.0,7990,Communication
GRVY,"GRAVITY Co., Ltd. - American depositary shares, each representing one common share.",NASDAQ,N,1313310.0,7374,Technology
GRWG,GrowGeneration Corp. - Common Stock,NASDAQ,N,1604868.0,5200,Consumer Discretionary
GRX,The Gabelli Healthcare & Wellness Trust Common Shares of Beneficial Interest,NYSE,,1391437.0,,
GS,"Goldman Sachs Group, Inc. (The) Common Stock",NYSE,,886982.0,6211,Financials
GSAT,"Globalstar, Inc. - Common Stock",NASDAQ,N,1366868.0,4899,Communication
GSBC,"Great Southern Bancorp, Inc. - Common Stock",NASDAQ,N,854560.0,6022,Financials
GSBD,"Goldman Sachs BDC, Inc. Common Stock",NYSE,,1572694.0,,
GSHD,"Goosehead Insurance, Inc. - Class A Common Stock",NASDAQ,N,1726978.0,6411,Insurance
GSHR,Gesher Acquisition Corp. II - Class A Ordinary Shares,NASDAQ,N,2044635.0,6770,Financials
GSIT,"GSI Technology, Inc. - Common Stock",NASDAQ,N,1126741.0,3674,Technology
GSIW,Garden Stage Limited - Class A Ordinary Shares,NASDAQ,N,1954269.0,6200,Financials
GSK,GSK plc American Depositary Shares (Each representing two Ordinary Shares),NYSE,,1131399.0,2834,Health Care
GSL,Global Ship Lease Inc New Class A Common Shares,NYSE,,1430725.0,4412,Transport
GSM,Ferroglobe PLC - Ordinary Shares,NASDAQ,N,1639877.0,1000,Materials
GSRF,GSR IV Acquisition Corp. - Class A ordinary share,NASDAQ,N,2072404.0,6770,Financials
GSRV,GSR V Acquisition Corp. - Class A ordinary shares,NASDAQ,N,2111762.0,6770,Financials
GSUN,Golden Sun Technology Group Limited - Class A Ordinary Shares,NASDAQ,D,1826376.0,8200,Consumer Discretionary
GT,The Goodyear Tire & Rubber Company - Common Stock,NASDAQ,N,42582.0,3011,Materials
GTBP,"GT Biopharma, Inc. - Common Stock",NASDAQ,D,109657.0,2834,Health Care
GTE,Gran Tierra Energy Inc. Common Stock,AMEX,,1273441.0,1311,Energy
GTEC,Greenland Technologies Holding Corporation - Class A Ordinary Shares,NASDAQ,D,1735041.0,3560,Industrials
GTEN,"Gores Holdings X, Inc. - Class A ordinary shares",NASDAQ,N,1986817.0,6770,Financials
GTERA,Globa Terra Acquisition Corporation - Class A Ordinary Shares,NASDAQ,N,2043766.0,6770,Financials
GTES,Gates Industrial Corporation Ltd. Common Shares,NYSE,,1718512.0,3560,Industrials
GTIM,Good Times Restaurants Inc. - Common Stock,NASDAQ,N,825324.0,5812,Consumer Discretionary
GTLB,GitLab Inc. - Class A Common Stock,NASDAQ,N,1653482.0,7372,Technology
GTM,ZoomInfo Technologies Inc. - Common Stock,NASDAQ,N,1794515.0,7372,Technology
GTN,"Gray Media, Inc. Common Stock",NYSE,,43196.0,4833,Communication
GTX,Garrett Motion Inc. - Common Stock,NASDAQ,N,1735707.0,3714,Industrials
GTY,Getty Realty Corporation Common Stock,NYSE,,1052752.0,6500,Real Estate
GUAC,Berto Acquisition Corp. II - Ordinary Shares,NASDAQ,N,2081515.0,6770,Financials
GUG,Guggenheim Active Allocation Fund Common Shares of Beneficial Interest,NYSE,,1864208.0,,
GURE,"Gulf Resources, Inc. - Common Stock",NASDAQ,E,885462.0,2800,Materials
GUT,Gabelli Utility Trust (The) Common Stock,NYSE,,1080720.0,,
GUTS,"Fractyl Health, Inc. - Common Stock",NASDAQ,D,1572616.0,3841,Health Care
GVA,Granite Construction Incorporated Common Stock,NYSE,,861459.0,1600,Industrials
GVH,Globavend Holdings Limited - Ord Shares,NASDAQ,N,1978527.0,4731,Transport
GWAV,"Greenwave Technology Solutions, Inc. - Common Stock",NASDAQ,N,1589149.0,5051,Industrials
GWH,"ESS Tech, Inc. Common Stock",NYSE,,1819438.0,3690,Industrials
GWRE,"Guidewire Software, Inc. Common Stock",NYSE,,1528396.0,7372,Technology
GWRS,"Global Water Resources, Inc. - common stock",NASDAQ,N,1434728.0,4941,Utilities
GWW,"W.W. Grainger, Inc. Common Stock",NYSE,,277135.0,5000,Industrials
GXAI,Gaxos.ai Inc. - Common Stock,NASDAQ,N,1895618.0,7372,Technology
GXO,"GXO Logistics, Inc. Common Stock",NYSE,,1852244.0,4700,Transport
GYGY,"Game Your Game, Inc. - Common Stock",NASDAQ,N,2111846.0,7372,Technology
GYRE,"Gyre Therapeutics, Inc. - Common Stock",NASDAQ,N,1124105.0,2834,Health Care
GYRO,"Gyrodyne , LLC - Common Stock",NASDAQ,N,1589061.0,6512,Real Estate
H,Hyatt Hotels Corporation Class A Common Stock,NYSE,,1468174.0,7011,Consumer Discretionary
HACQ,HCM IV Acquisition Corp. - Class A Ordinary Share,NASDAQ,N,2089982.0,6770,Financials
HAE,Haemonetics Corporation Common Stock,NYSE,,313143.0,3841,Health Care
HAFC,Hanmi Financial Corporation - Common Stock,NASDAQ,N,1109242.0,6021,Financials
HAFN,Hafnia Limited Common Shares,NYSE,,1815779.0,4700,Transport
HAIN,"The Hain Celestial Group, Inc. - Common Stock",NASDAQ,D,910406.0,2000,Consumer Staples
HAL,Halliburton Company Common Stock,NYSE,,45012.0,1389,Energy
HALO,"Halozyme Therapeutics, Inc. - Common Stock",NASDAQ,N,1159036.0,2836,Health Care
HAO,Haoxi Health Technology Limited - Class A Ord Share,NASDAQ,N,1954594.0,7311,Industrials
HAPN,"Happen, Inc. - Common Stock",NASDAQ,N,1409970.0,6141,Financials
HAS,"Hasbro, Inc. - Common Stock",NASDAQ,N,46080.0,3944,Consumer Discretionary
HASI,"HA Sustainable Infrastructure Capital, Inc. Common Stock",NYSE,,1561894.0,6799,Financials
HAVA,Harvard Ave Acquisition Corporation - Class A Ordinary Share,NASDAQ,N,2042460.0,6770,Financials
HAWK,"HawkEye 360, Inc. Common Stock",NYSE,,1750704.0,7374,Technology
HAYW,"Hayward Holdings, Inc. Common Stock",NYSE,,1834622.0,3580,Industrials
HBAN,Huntington Bancshares Incorporated - Common Stock,NASDAQ,N,49196.0,6021,Financials
HBB,Hamilton Beach Brands Holding Company Class A Common Stock,NYSE,,1709164.0,3634,Industrials
HBCP,"Home Bancorp, Inc. - Common Stock",NASDAQ,N,1436425.0,6036,Financials
HBIO,"Harvard Bioscience, Inc. - Common Stock",NASDAQ,N,1123494.0,3826,Health Care
HBM,Hudbay Minerals Inc. Ordinary Shares (Canada),NYSE,,1322422.0,1000,Materials
HBNB,Hotel101 Global Holdings Corp. - Class A Ordinary Shares,NASDAQ,N,2054507.0,7011,Consumer Discretionary
HBNC,"Horizon Bancorp, Inc. - Common Stock",NASDAQ,N,706129.0,6022,Financials
HBT,"HBT Financial, Inc. - Common Stock",NASDAQ,N,775215.0,6022,Financials
HCA,"HCA Healthcare, Inc. Common Stock",NYSE,,860730.0,8062,Health Care
HCAC,Hall Chadwick Acquisition Corp. - Class A Ordinary Shares,NASDAQ,N,2079013.0,6770,Financials
HCAI,"Huachen AI Parking Management Technology Holding Co., Ltd. - Class A Ordinary Shares",NASDAQ,N,1958399.0,3990,Consumer Discretionary
HCAT,"Health Catalyst, Inc - Common stock",NASDAQ,N,1636422.0,7370,Technology
HCC,"Warrior Met Coal, Inc. Common Stock",NYSE,,1691303.0,1220,Energy
HCHL,Happy City Holdings Limited - Class A Ordinary shares,NASDAQ,N,2046656.0,5812,Consumer Discretionary
HCI,"HCI Group, Inc. Common Stock",NYSE,,1400810.0,6331,Insurance
HCIC,Hennessy Capital Investment Corp. VIII - Class A Ordinary Shares,NASDAQ,N,2099093.0,6770,Financials
HCKT,"The Hackett Group, Inc. - Common Stock",NASDAQ,N,1057379.0,8742,Industrials
HCM,HUTCHMED (China) Limited - American Depositary Shares,NASDAQ,N,1648257.0,2834,Health Care
HCMA,HCM III Acquisition Corp. - Class A Ordinary Share,NASDAQ,N,2069856.0,6770,Financials
HCSG,"Healthcare Services Group, Inc. - Common Stock",NASDAQ,N,731012.0,8050,Health Care
HCTI,"Healthcare Triangle, Inc. - Common Stock",NASDAQ,N,1839285.0,7373,Technology
HCWB,HCW Biologics Inc. - Common Stock,NASDAQ,N,1828673.0,2834,Health Care
HD,"Home Depot, Inc. (The) Common Stock",NYSE,,354950.0,5211,Consumer Discretionary
HDB,HDFC Bank Limited Common Stock,NYSE,,1144967.0,6029,Financials
HDL,SUPER HI INTERNATIONAL HOLDING LTD. - American Depositary Shares,NASDAQ,N,1995306.0,5812,Consumer Discretionary
HDRN,"Hadron Energy, Inc. - Common Stock",NASDAQ,N,2023730.0,4911,Utilities
HDSN,"Hudson Technologies, Inc. - Common Stock",NASDAQ,N,925528.0,5080,Industrials
HE,"Hawaiian Electric Industries, Inc. Common Stock",NYSE,,354707.0,4911,Utilities
HEI,Heico Corporation Common Stock,NYSE,,46619.0,3724,Industrials
HELE,Helen of Troy Limited - Common Stock,NASDAQ,N,916789.0,3634,Industrials
HELP,Cybin Inc. - Common Stock,NASDAQ,N,1833141.0,2834,Health Care
HEPS,D-Market Electronic Services & Trading - American Depositary Shares,NASDAQ,N,1850235.0,5961,Consumer Discretionary
HEQ,John Hancock Diversified Income Fund Common Shares of Beneficial Interest,NYSE,,1496749.0,,
HERE,Here Group Limited - American Depositary Shares,NASDAQ,N,1932770.0,8200,Consumer Discretionary
HERZ,"Herzfeld Credit Income Fund, Inc.  - Closed End Fund",NASDAQ,N,880406.0,,
HESM,Hess Midstream LP Class A Representing Limited Partner Interests,NYSE,,1789832.0,1311,Energy
HFBL,"Home Federal Bancorp, Inc. of Louisiana - Common Stock",NASDAQ,N,1500375.0,6035,Financials
HFFG,HF Foods Group Inc. - Common Stock,NASDAQ,N,1680873.0,5140,Industrials
HFRO,Highland Opportunities and Income Fund Common Shares of Beneficial Interest,NYSE,,1710680.0,,
HFWA,Heritage Financial Corporation - Common Stock,NASDAQ,N,1046025.0,6036,Financials
HG,"Hamilton Insurance Group, Ltd. Class B Common Shares",NYSE,,1593275.0,6331,Insurance
HGBL,Heritage Global Inc. - Common Stock,NASDAQ,N,849145.0,7389,Industrials
HGLB,Highland Global Allocation Fund Common Stock,NYSE,,1622148.0,,
HGTY,"Hagerty, Inc. Class A Common Stock",NYSE,,1840776.0,6411,Insurance
HGV,Hilton Grand Vacations Inc. Common Stock,NYSE,,1674168.0,7000,Consumer Discretionary
HHH,Howard Hughes Holdings Inc. Common Stock,NYSE,,1981792.0,6798,Real Estate
HHS,"Harte Hanks, Inc. - Common Stock",NASDAQ,N,45919.0,7331,Industrials
HIFS,Hingham Institution for Savings - Common Stock,NASDAQ,N,,,
HIG,"The Hartford Insurance Group, Inc. Common Stock",NYSE,,874766.0,6331,Insurance
HIHO,Highway Holdings Limited - Common Stock,NASDAQ,D,1026785.0,3490,Industrials
HII,"Huntington Ingalls Industries, Inc. Common Stock",NYSE,,1501585.0,3730,Industrials
HIMS,"Hims & Hers Health, Inc. Class A Common Stock",NYSE,,1773751.0,8011,Health Care
HIMX,"Himax Technologies, Inc. - American depositary shares, each of which represents two ordinary shares.",NASDAQ,N,1342338.0,3674,Technology
HIND,"Vyome Holdings, Inc. - Common Stock",NASDAQ,N,1427570.0,2834,Health Care
HIO,"Western Asset High Income Opportunity Fund, Inc. Common Stock",NYSE,,910068.0,,
HIPO,Hippo Holdings Inc. Common Stock,NYSE,,1828105.0,6331,Insurance
HIT,"Health In Tech, Inc. - Class A Common Stock",NASDAQ,N,2019505.0,6411,Insurance
HITI,High Tide Inc. - Common Shares,NASDAQ,N,1847409.0,5990,Consumer Discretionary
HIVE,HIVE Digital Technologies Ltd - Common Shares,NASDAQ,N,1720424.0,6199,
HIW,"Highwoods Properties, Inc. Common Stock",NYSE,,921082.0,6798,Real Estate
HIX,Western Asset High Income Fund II Inc. Common Stock,NYSE,,1058239.0,,
HKD,AMTD Digital Inc. American Depositary Shares (every five of which represent two Class A Ordinary Shares),NYSE,,1809691.0,6199,
HKIT,Hitek Global Inc. - Class A Ordinary Share,NASDAQ,N,1742341.0,7372,Technology
HKPD,"Cellyan Biotechnology Co., Ltd  - Class A Ordinary Shares",NASDAQ,D,2007702.0,5122,Industrials
HL,Hecla Mining Company Common Stock,NYSE,,719413.0,1400,Materials
HLF,Herbalife Ltd. Common Shares,NYSE,,1180262.0,5122,Industrials
HLI,"Houlihan Lokey, Inc. Class A Common Stock",NYSE,,1302215.0,6282,Financials
HLIO,"Helios Technologies, Inc. Common Stock",NYSE,,1024795.0,3490,Industrials
HLIT,Harmonic Inc. - Common Stock,NASDAQ,N,851310.0,3663,Technology
HLLY,Holley Inc. Common Stock,NYSE,,1822928.0,3714,Industrials
HLMN,Hillman Solutions Corp. - Common Stock,NASDAQ,N,1822492.0,3420,Industrials
HLN,Haleon plc American Depositary Shares (Each representing two Ordinary Shares),NYSE,,1900304.0,2844,Materials
HLNE,Hamilton Lane Incorporated - Class A Common Stock,NASDAQ,N,1433642.0,6282,Financials
HLP,Hongli Group Inc. - Class A Ordinary Shares,NASDAQ,N,1855557.0,3569,Industrials
HLSQ,Tessera Defense and Homeland Security Inc. Common Stock,AMEX,,1739174.0,2836,Health Care
HLT,Hilton Worldwide Holdings Inc. Common Stock,NYSE,,1585689.0,7011,Consumer Discretionary
HLXC,Helix Acquisition Corp. III - Class A Ordinary Shares,NASDAQ,D,2099656.0,6770,Financials
HMC,"Honda Motor Company, Ltd. Common Stock",NYSE,,715153.0,3711,Industrials
HMH,HMH Holding Inc. - Common Stock,NASDAQ,N,2021880.0,3533,Industrials
HMN,Horace Mann Educators Corporation Common Stock,NYSE,,850141.0,6331,Insurance
HMR,Heidmar Maritime Holdings Corp. - Common Stock,NASDAQ,N,2029471.0,4412,Transport
HMY,Harmony Gold Mining Company Limited,NYSE,,1023514.0,1040,Materials
HNGE,"Hinge Health, Inc. Class A Common Stock",NYSE,,1673743.0,7374,Technology
HNI,HNI Corporation Common Stock,NYSE,,48287.0,2522,Industrials
HNNA,"Hennessy Advisors, Inc. - Common Stock",NASDAQ,N,1145255.0,6282,Financials
HNRG,Hallador Energy Company - Common Stock,NASDAQ,N,788965.0,4911,Utilities
HNST,"The Honest Company, Inc. - Common Stock",NASDAQ,N,1530979.0,5961,Consumer Discretionary
HNVR,"Hanover Bancorp, Inc. - Common Stock",NASDAQ,N,1828588.0,6022,Financials
HODO,House of Doge Inc. - Common Stock,NASDAQ,D,1903595.0,6199,
HOFT,Hooker Furnishings Corporation - Common Stock,NASDAQ,N,1077688.0,2510,Industrials
HOG,"Harley-Davidson, Inc. Common Stock",NYSE,,793952.0,3751,Industrials
HOLO,MicroCloud Hologram Inc. - Ordinary Shares,NASDAQ,N,1841209.0,7370,Technology
HOMB,"Home BancShares, Inc. Common Stock",NYSE,,1331520.0,6022,Financials
HON,Honeywell International Inc. - Common Stock,NASDAQ,N,773840.0,3724,Industrials
HONA,Honeywell Aerospace Inc. - Common Stock,NASDAQ,N,2089271.0,3724,Industrials
HOOD,"Robinhood Markets, Inc. - Class A Common Stock",NASDAQ,N,1783879.0,6211,Financials
HOPE,"Hope Bancorp, Inc. - Common Stock",NASDAQ,N,1128361.0,6021,Financials
HOS,"Hornbeck Offshore Services, Inc. Common Stock",NYSE,,866829.0,1389,Energy
HOST,Host Digital Inc. Class A Common Stock,AMEX,,1948864.0,5411,Consumer Staples
HOUR,"Hour Loop, Inc. - common stock",NASDAQ,N,1874875.0,5961,Consumer Discretionary
HOV,"Hovnanian Enterprises, Inc. Class A Common Stock",NYSE,,357294.0,1531,Industrials
HOVR,New Horizon Aircraft Ltd. - Class A Ordinary Shares,NASDAQ,N,1930021.0,3721,Industrials
HOWL,"Werewolf Therapeutics, Inc. - Common Stock",NASDAQ,D,1785530.0,2834,Health Care
HP,"Helmerich & Payne, Inc. Common Stock",NYSE,,46765.0,1381,Energy
HPAI,Helport AI Limited - Ordinary Shares,NASDAQ,D,2001699.0,7372,Technology
HPE,Hewlett Packard Enterprise Company Common Stock,NYSE,,1645590.0,3570,Technology
HPF,John Hancock Pfd Income Fund II Pfd Income Fund II,NYSE,,1189740.0,,
HPK,"HighPeak Energy, Inc. - Common Stock",NASDAQ,N,1792849.0,1381,Energy
HPP,"Hudson Pacific Properties, Inc. Common Stock",NYSE,,1482512.0,6500,Real Estate
HPQ,HP Inc. Common Stock,NYSE,,47217.0,3570,Technology
HQ,Horizon Quantum Holdings Ltd. - Class A Ordinary Shares,NASDAQ,N,2088256.0,7371,Technology
HQH,abrdn Healthcare Investors Shares of Beneficial Interest,NYSE,,805267.0,,
HQI,"HireQuest, Inc. - Common Stock",NASDAQ,N,1140102.0,7363,Industrials
HQL,abrdn Life Sciences Investors Shares of Beneficial Interest,NYSE,,884121.0,,
HQY,"HealthEquity, Inc. - Common Stock",NASDAQ,N,1428336.0,7389,Industrials
HR,Healthcare Realty Trust Incorporated Common Stock,NYSE,,1360604.0,6798,Real Estate
HRB,"H&R Block, Inc. Common Stock",NYSE,,12659.0,7200,Consumer Discretionary
HRI,Herc Holdings Inc. Common Stock,NYSE,,1364479.0,7350,Industrials
HRL,Hormel Foods Corporation Common Stock,NYSE,,48465.0,2011,Consumer Staples
HRMY,"Harmony Biosciences Holdings, Inc. - Common Stock",NASDAQ,N,1802665.0,2834,Health Care
HROW,"Harrow, Inc. - Common Stock",NASDAQ,N,1360214.0,2834,Health Care
HRTG,"Heritage Insurance Holdings, Inc. Common Stock",NYSE,,1598665.0,6331,Insurance
HRTX,"Heron Therapeutics, Inc.   - Common Stock",NASDAQ,D,818033.0,2834,Health Care
HRZN,Horizon Technology Finance Corporation - Common Stock,NASDAQ,N,1487428.0,,
HSAI,Hesai Group - American Depositary Share,NASDAQ,N,1861737.0,3569,Industrials
HSBC,"HSBC Holdings, plc. Common Stock",NYSE,,1089113.0,6035,Financials
HSCS,HeartSciences Inc. - Common Stock,NASDAQ,D,1468492.0,3842,Health Care
HSDT,Solana Company - Class A Common Stock,NASDAQ,N,1610853.0,6199,
HSHP,Himalaya Shipping Ltd. Common Shares,NYSE,,1959455.0,4412,Transport
HSIC,"Henry Schein, Inc. - Common Stock",NASDAQ,N,1000228.0,5047,Industrials
HSLV,Highlander Silver Corp. Common Shares,AMEX,,2013223.0,1040,Materials
HST,"Host Hotels & Resorts, Inc. - Common Stock",NASDAQ,N,1070750.0,6798,Real Estate
HSTM,"HealthStream, Inc. - Common Stock",NASDAQ,N,1095565.0,7370,Technology
HSY,The Hershey Company Common Stock,NYSE,,47111.0,2060,Consumer Staples
HTB,"HomeTrust Bancshares, Inc. Common Stock",NYSE,,1538263.0,6035,Financials
HTCO,High-Trend International Group - Class A Ordinary Shares,NASDAQ,N,1928948.0,4412,Transport
HTCR,"Heartcore Enterprises, Inc. - Common Stock",NASDAQ,N,1892322.0,7374,Technology
HTD,John Hancock Tax Advantaged Dividend Income Fund Common Shares of Beneficial Interest,NYSE,,1260041.0,,
HTFL,"Heartflow, Inc. - Common Stock",NASDAQ,N,1464521.0,3841,Health Care
HTGC,"Hercules Capital, Inc. Common Stock",NYSE,,1280784.0,,
HTH,Hilltop Holdings Inc.,NYSE,,1265131.0,6022,Financials
HTHT,H World Group Limited - American Depositary Shares,NASDAQ,N,1483994.0,7011,Consumer Discretionary
HTLD,"Heartland Express, Inc. - Common Stock",NASDAQ,N,799233.0,4213,Transport
HTLM,HomesToLife Ltd - Ordinary Shares,NASDAQ,N,2023153.0,5712,Consumer Discretionary
HTO,H2O America  - Common Stock,NASDAQ,N,766829.0,4941,Utilities
HTOO,Fusion Fuel Green PLC - Ordinary Shares,NASDAQ,N,1819794.0,3590,Industrials
HTT,"High Templar Tech Limited American depositary shares, each representing one Class A ordinary share",NYSE,,1692705.0,6199,
HTZ,"Hertz Global Holdings, Inc - Common Stock",NASDAQ,N,1657853.0,7510,Consumer Discretionary
HUBB,Hubbell Inc Common Stock,NYSE,,48898.0,3670,Industrials
HUBC,Hub Cyber Security Ltd. - Ordinary Shares,NASDAQ,N,1905660.0,3576,Technology
HUBCZ,Hub Cyber Security Ltd. - Warrant,NASDAQ,N,1905660.0,3576,Technology
HUBG,"Hub Group, Inc. - Class A Common Stock",NASDAQ,E,940942.0,4731,Transport
HUBS,"HubSpot, Inc. Common Stock",NYSE,,1404655.0,7372,Technology
HUDI,"Huadi International Group Co., Ltd. - Ordinary Shares",NASDAQ,D,1791725.0,3317,Materials
HUHU,HUHUTECH International Group Inc. - Ordinary Shares,NASDAQ,N,1945415.0,3360,Materials
HUIZ,Huize Holding Limited - American Depositary Shares,NASDAQ,N,1778982.0,6411,Insurance
HUM,Humana Inc. Common Stock,NYSE,,49071.0,6324,Insurance
HUMA,"Humacyte, Inc. - Common Stock",NASDAQ,D,1818382.0,2836,Health Care
HUN,Huntsman Corporation Common Stock,NYSE,,1307954.0,2800,Materials
HURA,"TuHURA Biosciences, Inc. - Common Stock",NASDAQ,N,1498382.0,2834,Health Care
HURC,"Hurco Companies, Inc. - Common Stock",NASDAQ,N,315374.0,3823,Industrials
HURN,Huron Consulting Group Inc. - Common Stock,NASDAQ,N,1289848.0,8742,Industrials
HUT,Hut 8 Corp. - Common Stock,NASDAQ,N,1964789.0,6199,
HUYA,"HUYA Inc. American depositary shares, each  representing one Class A ordinary share",NYSE,,1728190.0,7370,Technology
HVII,Hennessy Capital Investment Corp. VII - Ordinary Shares,NASDAQ,N,1846416.0,4911,Utilities
HVMC,Highview Merger Corp. - Class A Ordinary Share,NASDAQ,N,2070602.0,6770,Financials
HVT,"Haverty Furniture Companies, Inc. Common Stock",NYSE,,216085.0,5712,Consumer Discretionary
HWBK,"Hawthorn Bancshares, Inc. - Common Stock",NASDAQ,N,893847.0,6021,Financials
HWC,Hancock Whitney Corporation - Common Stock,NASDAQ,N,750577.0,6022,Financials
HWH,HWH International Inc. - Common Stock,NASDAQ,N,1897245.0,5122,Industrials
HWKN,"Hawkins, Inc. - Common Stock",NASDAQ,N,46250.0,5160,Industrials
HWM,Howmet Aerospace Inc. Common Stock,NYSE,,4281.0,3350,Materials
HXHX,Haoxin Holdings Limited - Class A Ordinary Shares,NASDAQ,D,1936817.0,4210,Transport
HXL,Hexcel Corporation Common Stock,NYSE,,717605.0,2821,Materials
HY,"Hyster-Yale, Inc. Class A common stock",NYSE,,1173514.0,3537,Industrials
HYFM,"Hydrofarm Holdings Group, Inc. - Common Stock",NASDAQ,D,1695295.0,5190,Industrials
HYFT,MindWalk Holdings Corp. - Common Stock,NASDAQ,N,1715925.0,2834,Health Care
HYI,Western Asset High Yield Opportunity Fund Inc. Common Stock,NYSE,,1497186.0,,
HYLN,Hyliion Holdings Corp. Class A Common Stock,AMEX,,1759631.0,3713,Industrials
HYMC,Hycroft Mining Holding Corporation - Class A Common Stock,NASDAQ,N,1718405.0,1040,Materials
HYNE,"Hoyne Bancorp, Inc. - Common Stock",NASDAQ,N,2073153.0,6036,Financials
HYPD,"Hyperion DeFi, Inc. - Common Stock",NASDAQ,N,1682639.0,2834,Health Care
HYPR,"Hyperfine, Inc.  - Class A Common Stock",NASDAQ,N,1833769.0,3845,Health Care
HYT,"Blackrock Corporate High Yield Fund, Inc. Common Stock",NYSE,,1222401.0,,
HZO,"MarineMax, Inc.  (FL) Common Stock",NYSE,,1057060.0,5531,Consumer Discretionary
IA,"Innovative Solutions and Support, Inc. - Common Stock",NASDAQ,N,836690.0,7371,Technology
IACO,Idea Acquisition Corp. - Class A Ordinary Shares,NASDAQ,N,2091176.0,6770,Financials
IACQ,Irenic Acquisition Corp. - Class A Ordinary Shares,NASDAQ,N,2122505.0,6770,Financials
IAE,Voya Asia Pacific High Dividend Equity Income Fund ING Asia Pacific High Dividend Equity Income Fund Common Shares of Beneficial Interest,NYSE,,1385632.0,,
IAF,"abrdn Australia Equity Fund, Inc. Common Stock",AMEX,,779336.0,,
IAG,Iamgold Corporation Ordinary Shares,NYSE,,1203464.0,1040,Materials
IART,Integra LifeSciences Holdings Corporation - Common Stock,NASDAQ,N,917520.0,3841,Health Care
IAUX,i-80 Gold Corp. Common Shares,AMEX,,1853962.0,1040,Materials
IBAC,IB Acquisition Corp. - Common Stock,NASDAQ,N,1998781.0,6770,Financials
IBCP,Independent Bank Corporation - Common Stock,NASDAQ,N,39311.0,6022,Financials
IBEX,IBEX Limited - Common Share,NASDAQ,N,1720420.0,7374,Technology
IBG,Innovation Beverage Group Limited - Ordinary Shares,NASDAQ,N,1924482.0,2080,Consumer Staples
IBIO,"iBio, Inc. - Common Stock",NASDAQ,N,1420720.0,2834,Health Care
IBKR,"Interactive Brokers Group, Inc. - Class A Common Stock",NASDAQ,N,1381197.0,6211,Financials
IBM,International Business Machines Corporation Common Stock,NYSE,,51143.0,3570,Technology
IBN,ICICI Bank Limited Common Stock,NYSE,,1103838.0,6029,Financials
IBO,"Impact BioMedical, Inc. Common Stock",AMEX,,1834105.0,2834,Health Care
IBOC,International Bancshares Corporation - Common Stock,NASDAQ,N,315709.0,6022,Financials
IBP,"Installed Building Products, Inc. Common Stock",NYSE,,1580905.0,1520,Industrials
IBRX,"ImmunityBio, Inc. - Common Stock",NASDAQ,N,1326110.0,2836,Health Care
IBTA,"Ibotta, Inc. Class A Common Stock",NYSE,,1538379.0,7310,Industrials
ICCC,ImmuCell Corporation - Common Stock,NASDAQ,N,811641.0,2835,Health Care
ICCM,IceCure Medical Ltd. - Ordinary Shares,NASDAQ,N,1584371.0,3841,Health Care
ICE,Intercontinental Exchange Inc. Common Stock,NYSE,,1571949.0,6200,Financials
ICFI,"ICF International, Inc. - Common Stock",NASDAQ,N,1362004.0,8742,Industrials
ICG,Intchains Group Limited - American Depositary Shares,NASDAQ,N,1895597.0,3674,Technology
ICHR,Ichor Holdings - Ordinary Shares,NASDAQ,N,1652535.0,3674,Technology
ICL,ICL Group Ltd. Ordinary Shares,NYSE,,941221.0,2870,Materials
ICLR,ICON plc - Ordinary Shares,NASDAQ,N,1060955.0,8731,Health Care
ICMB,"Investcorp Credit Management BDC, Inc. - Common Stock",NASDAQ,D,1578348.0,,
ICON,Icon Energy Corp. - Common stock,NASDAQ,N,1995574.0,4412,Transport
ICU,SeaStar Medical Holding Corporation - Common Stock,NASDAQ,N,1831868.0,3841,Health Care
ICUI,"ICU Medical, Inc. - Common Stock",NASDAQ,N,883984.0,3841,Health Care
IDA,"IDACORP, Inc. Common Stock",NYSE,,1057877.0,4911,Utilities
IDAC,Iron Dome Acquisition I Corp. - Class A Ordinary Shares,NASDAQ,N,2090441.0,6770,Financials
IDAI,T Stamp Inc. - Class A Common Stock,NASDAQ,N,1718939.0,7372,Technology
IDCC,"InterDigital, Inc. - Common Stock",NASDAQ,N,1405495.0,6794,Financials
IDE,"Voya Infrastructure, Industrials and Materials Fund Common Shares of Beneficial Interest",NYSE,,1417802.0,,
IDN,"Intellicheck, Inc. - Common Stock",NASDAQ,N,1040896.0,7372,Technology
IDR,"Idaho Strategic Resources, Inc. Common Stock",AMEX,,1030192.0,1040,Materials
IDT,IDT Corporation Class B Common Stock,NYSE,,1005731.0,4813,Communication
IDXX,"IDEXX Laboratories, Inc. - Common Stock",NASDAQ,N,874716.0,2835,Health Care
IDYA,"IDEAYA Biosciences, Inc. - Common Stock",NASDAQ,N,1676725.0,2834,Health Care
IE,Ivanhoe Electric Inc. Common Stock,AMEX,,1879016.0,1000,Materials
IEAG,Infinite Eagle Acquisition Corp. - Class A Ordinary Shares,NASDAQ,N,2084396.0,6770,Financials
IEP,Icahn Enterprises L.P. - Depositary Units representing Limited Partner Interests,NASDAQ,N,813762.0,2911,Energy
IESC,"IES Holdings, Inc. - Common Stock",NASDAQ,N,1048268.0,1731,Industrials
IEX,IDEX Corporation Common Stock,NYSE,,832101.0,3561,Industrials
IFBD,"Infobird Co., Ltd - Ordinary Shares",NASDAQ,N,1815566.0,7372,Technology
IFF,"International Flavors & Fragrances, Inc. Common Stock",NYSE,,51253.0,2860,Materials
IFN,"Aberdeen India Fund, Inc. Common Stock",NYSE,,917100.0,,
IFRX,InflaRx N.V. - Common Stock,NASDAQ,N,1708688.0,2834,Health Care
IFS,Intercorp Financial Services Inc. Common Shares,NYSE,,1615903.0,6029,Financials
IGA,Voya Global Advantage and Premium Opportunity Fund Common Shares of Beneficial Interest,NYSE,,1332943.0,,
IGAC,Invest Green Acquisition Corporation - Class A Ordinary Shares,NASDAQ,N,2075068.0,6770,Financials
IGC,"IGC Pharma, Inc. Common Stock",AMEX,,1326205.0,2834,Health Care
IGD,Voya Global Equity Dividend and Premium Opportunity Fund,NYSE,,1285890.0,,
IGI,Western Asset Investment Grade Opportunity Trust Inc. Common Stock,NYSE,,1462586.0,,
IGIC,International General Insurance Holdings Ltd. - Ordinary Shares,NASDAQ,N,1794338.0,6399,Insurance
IGR,CBRE Global Real Estate Income Fund Common Shares of Beneficial Interest,NYSE,,1268884.0,,
IH,"iHuman Inc. American depositary shares, each representing five Class A ordinary shares",NYSE,,1814423.0,8200,Consumer Discretionary
IHD,Voya Emerging Markets High Income Dividend Equity Fund Common Shares,NYSE,,1496292.0,,
IHG,Intercontinental Hotels Group American Depositary Shares (Each representing one Ordinary Share),NYSE,,858446.0,7011,Consumer Discretionary
IHRT,"iHeartMedia, Inc. - Class A Common Stock",NASDAQ,N,1400891.0,4832,Communication
IHS,IHS Holding Limited Ordinary Shares,NYSE,,1876183.0,4812,Communication
IHT,InnSuites Hospitality Trust Shares of Beneficial Interest,AMEX,,82473.0,6798,Real Estate
IIF,"Morgan Stanley India Investment Fund, Inc. Common Stock",NYSE,,916618.0,,
III,"Information Services Group, Inc. - Common Stock",NASDAQ,N,1371489.0,8742,Industrials
IIIN,"Insteel Industries, Inc. Common Stock",NYSE,,764401.0,3310,Materials
IIIV,"i3 Verticals, Inc. - Common Stock",NASDAQ,N,1728688.0,7372,Technology
IIM,Invesco Value Municipal Income Trust Common Stock,NYSE,,885601.0,,
IIPR,"Innovative Industrial Properties, Inc. Common Stock",NYSE,,1677576.0,6500,Real Estate
IKT,"Inhibikase Therapeutics, Inc. - Common Stock",NASDAQ,N,1750149.0,2836,Health Care
ILAG,Intelligent Living Application Group Inc. - Ordinary Shares,NASDAQ,N,1814963.0,2540,Industrials
ILLR,Triller Group Inc. - Common Stock,NASDAQ,D,1769624.0,6282,Financials
ILLU,Illumination Acquisition Corp I - Class A Ordinary Shares,NASDAQ,N,2101135.0,6770,Financials
ILMN,"Illumina, Inc. - Common Stock",NASDAQ,N,1110803.0,3826,Health Care
ILPT,Industrial Logistics Properties Trust - Common Shares of Beneficial Interest,NASDAQ,N,1717307.0,6798,Real Estate
IMA,"ImageneBio, Inc. - Common Stock",NASDAQ,N,1835579.0,2836,Health Care
IMAX,Imax Corporation Common Stock,NYSE,,921582.0,3861,Industrials
IMC,IMC Rare Earths Ltd Ordinary Shares,AMEX,,2098395.0,1000,Materials
IMCC,IM Cannabis Corp. - Common Shares,NASDAQ,D,1792030.0,2833,Health Care
IMCR,Immunocore Holdings plc - American Depositary Shares,NASDAQ,N,1671927.0,2836,Health Care
IMDX,Insight Molecular Diagnostics Inc. - Common Stock,NASDAQ,N,1642380.0,2835,Health Care
IMKTA,"Ingles Markets, Incorporated - Class A Common Stock",NASDAQ,N,50493.0,5411,Consumer Staples
IMMP,Immutep Limited - American Depositary Shares,NASDAQ,D,1506184.0,2834,Health Care
IMMR,Immersion Corporation - Common Stock,NASDAQ,N,1058811.0,3577,Technology
IMMX,"Immix Biopharma, Inc. - Common Stock",NASDAQ,N,1873835.0,2834,Health Care
IMNM,"Immunome, Inc. - Common Stock",NASDAQ,N,1472012.0,2834,Health Care
IMNN,"Imunon, Inc. - Common Stock",NASDAQ,N,749647.0,2834,Health Care
IMO,Imperial Oil Limited Common Stock,AMEX,,49938.0,2911,Energy
IMOS,ChipMOS TECHNOLOGIES INC. - American Depositary Shares,NASDAQ,N,1123134.0,3674,Technology
IMPP,Imperial Petroleum Inc. - Common Shares,NASDAQ,N,1876581.0,4412,Transport
IMRN,Immuron Limited - American Depositary Shares,NASDAQ,N,1660046.0,2834,Health Care
IMRX,Immuneering Corporation - Class A Common Stock,NASDAQ,N,1790340.0,2834,Health Care
IMSR,Terrestrial Energy Inc. - Common Stock,NASDAQ,N,2019804.0,3443,Industrials
IMTE,Integrated Media Technology Limited - Ordinary Shares,NASDAQ,D,1668438.0,3651,Industrials
IMTX,Immatics N.V. - Ordinary Shares,NASDAQ,N,1809196.0,2836,Health Care
IMUX,"Immunic, Inc.  - Common Stock",NASDAQ,N,1280776.0,2834,Health Care
IMVT,"Immunovant, Inc.  - Common Stock",NASDAQ,N,1764013.0,2836,Health Care
IMXI,"International Money Express, Inc. - Common Stock",NASDAQ,N,1683695.0,7389,Industrials
INAB,"IN8bio, Inc. - Common Stock",NASDAQ,N,1740279.0,2836,Health Care
INAC,Indigo Acquisition Corp. - Ordinary Shares,NASDAQ,N,2063816.0,6770,Financials
INBK,First Internet Bancorp - Common Stock,NASDAQ,N,1562463.0,6022,Financials
INBS,Intelligent Bio Solutions Inc.  - Common Stock,NASDAQ,N,1725430.0,3841,Health Care
INBX,"Inhibrx Biosciences, Inc. - Common Stock",NASDAQ,N,2007919.0,2836,Health Care
INCR,Intercure Ltd. - ordinary shares,NASDAQ,N,1857030.0,2834,Health Care
INCY,Incyte Corporation - Common Stock,NASDAQ,N,879169.0,8731,Health Care
INDB,Independent Bank Corp. - Common Stock,NASDAQ,N,776901.0,6022,Financials
INDI,"indie Semiconductor, Inc. - Class A Common Stock",NASDAQ,N,1841925.0,3674,Technology
INDO,Indonesia Energy Corporation Limited Ordinary Shares,AMEX,,1757840.0,1311,Energy
INDP,"Indaptus Therapeutics, Inc. - Common Stock",NASDAQ,N,1857044.0,2834,Health Care
INDV,"Indivior Pharmaceuticals, Inc.  - Common Stock",NASDAQ,N,1625297.0,2834,Health Care
INEO,INNEOVA Holdings Limited - Class A Ordinary Shares,NASDAQ,D,1933951.0,5010,Industrials
INFQ,"Infleqtion, Inc. Common Stock",NYSE,,2007825.0,7374,Technology
INFU,"InfuSystems Holdings, Inc. Common Stock",AMEX,,1337013.0,3841,Health Care
INFY,Infosys Limited American Depositary Shares,NYSE,,1067491.0,7371,Technology
ING,"ING Group, N.V. Common Stock",NYSE,,1039765.0,6029,Financials
INGM,Ingram Micro Holding Corporation Common Stock,NYSE,,1897762.0,5045,Industrials
INGN,"Inogen, Inc - Common Stock",NASDAQ,N,1294133.0,3842,Health Care
INGR,Ingredion Incorporated Common Stock,NYSE,,1046257.0,2040,Consumer Staples
INHD,Inno Holdings Inc. - Common Stock,NASDAQ,N,1961847.0,3317,Materials
INIO,INNIO N.V. - Ordinary Shares,NASDAQ,N,2109150.0,3621,Industrials
INKT,"MiNK Therapeutics, Inc. - Common Stock",NASDAQ,N,1840229.0,2836,Health Care
INLF,INLIF LIMITED - Class A Ordinary shares,NASDAQ,N,1991592.0,3569,Industrials
INLX,"Intellinetics, Inc. Common Stock",AMEX,,1081745.0,7372,Technology
INM,InMed Pharmaceuticals Inc. - Common Shares,NASDAQ,N,1728328.0,2834,Health Care
INMB,INmune Bio Inc. - Common stock,NASDAQ,N,1711754.0,2836,Health Care
INMD,InMode Ltd.  - Ordinary Shares,NASDAQ,N,1742692.0,3845,Health Care
INN,"Summit Hotel Properties, Inc. Common Stock",NYSE,,1497645.0,6798,Real Estate
INNV,InnovAge Holding Corp. - Common Stock,NASDAQ,N,1834376.0,8000,Health Care
INO,"Inovio Pharmaceuticals, Inc. - Common Stock",NASDAQ,N,1055726.0,2834,Health Care
INOD,Innodata Inc. - Common Stock,NASDAQ,N,903651.0,7374,Technology
INR,"Infinity Natural Resources, Inc. Class A Common Stock",NYSE,,2029118.0,1311,Energy
INSE,"Inspired Entertainment, Inc. - Common Stock",NASDAQ,N,1615063.0,7372,Technology
INSG,Inseego Corp. - Common Stock,NASDAQ,N,1022652.0,3669,Technology
INSM,Insmed Incorporated - Common Stock,NASDAQ,N,1104506.0,2834,Health Care
INSP,"Inspire Medical Systems, Inc. Common Stock",NYSE,,1609550.0,3841,Health Care
INSW,"International Seaways, Inc. Common Stock",NYSE,,1679049.0,4400,Transport
INTA,"Intapp, Inc. - Common Stock",NASDAQ,N,1565687.0,7372,Technology
INTC,Intel Corporation - Common Stock,NASDAQ,N,50863.0,3674,Technology
INTG,The Intergroup Corporation - Common Stock,NASDAQ,N,69422.0,6513,Real Estate
INTJ,Intelligent Group Limited - Class A Ordinary Shares,NASDAQ,N,1916416.0,8742,Industrials
INTR,Inter & Co. Inc. - Class A Common Shares,NASDAQ,N,1864163.0,6029,Financials
INTS,"Intensity Therapeutics, Inc. - Common Stock",NASDAQ,N,1567264.0,2836,Health Care
INTT,inTest Corporation Common Stock,AMEX,,1036262.0,3825,Industrials
INTU,Intuit Inc. - Common Stock,NASDAQ,N,896878.0,7372,Technology
INTZ,Intrusion Inc. - Common Stock,NASDAQ,D,736012.0,3576,Technology
INUV,"Inuvo, Inc.",AMEX,,829323.0,7310,Industrials
INV,"Innventure, Inc. - Common Stock",NASDAQ,N,2001557.0,6770,Financials
INVA,"Innoviva, Inc. - Common Stock",NASDAQ,N,1080014.0,2834,Health Care
INVE,"Identiv, Inc. - Common Stock",NASDAQ,N,1036044.0,3577,Technology
INVH,Invitation Homes Inc. Common Stock,NYSE,,1687229.0,6510,Real Estate
INVX,"Innovex International, Inc. Common Stock",NYSE,,1042893.0,3533,Industrials
INVZ,Innoviz Technologies Ltd. - Ordinary shares,NASDAQ,D,1835654.0,3714,Industrials
IOND,Ionic Digital Inc. - Class A Common Stock,NASDAQ,N,2007691.0,6199,
IONQ,"IonQ, Inc. Common Stock",NYSE,,1824920.0,7373,Technology
IONR,ioneer Ltd - American Depositary Shares,NASDAQ,N,1896084.0,1400,Materials
IONS,"Ionis Pharmaceuticals, Inc. - Common Stock",NASDAQ,N,874015.0,2834,Health Care
IOR,"Income Opportunity Realty Investors, Inc. Common Stock",AMEX,,949961.0,6798,Real Estate
IOSP,Innospec Inc. - Common Stock,NASDAQ,N,1054905.0,2800,Materials
IOT,Samsara Inc. Class A Common Stock,NYSE,,1642896.0,7373,Technology
IOTR,iOThree Limited - Ordinary Shares,NASDAQ,N,1997637.0,4899,Communication
IOVA,"Iovance Biotherapeutics, Inc. - Common Stock",NASDAQ,N,1425205.0,2836,Health Care
IP,International Paper Company Common Stock,NYSE,,51434.0,2621,Materials
IPAR,"Interparfums, Inc. - Common Stock",NASDAQ,N,822663.0,2844,Materials
IPDN,"Professional Diversity Network, Inc. - Common Stock",NASDAQ,D,1546296.0,7370,Technology
IPEX,Inflection Point Acquisition Corp. - Class A Ordinary Shares,NASDAQ,N,2028355.0,6770,Financials
IPFX,Inflection Point Acquisition Corp. VI - Class A Ordinary Shares,NASDAQ,N,2102041.0,6770,Financials
IPGP,IPG Photonics Corporation - Common Stock,NASDAQ,N,1111928.0,3674,Technology
IPHA,Innate Pharma S.A. - American Depositary Shares,NASDAQ,N,1598599.0,2836,Health Care
IPI,"Intrepid Potash, Inc Common Stock",NYSE,,1421461.0,1400,Materials
IPM,Intelligent Protection Management Corp.  - Common Stock,NASDAQ,N,1355839.0,7370,Technology
IPSC,"Century Therapeutics, Inc. - Common Stock",NASDAQ,N,1850119.0,2836,Health Care
IPST,"IP Strategy Holdings, Inc. - Common Stock",NASDAQ,E,1788230.0,2080,Consumer Staples
IPVV,"InterPrivate Investment Partners V, Inc. - Class A Ordinary Shares",NASDAQ,N,2105274.0,6770,Financials
IPW,iPower Inc. - Common Stock,NASDAQ,N,1830072.0,5200,Consumer Discretionary
IPWR,Ideal Power Inc. - Common Stock,NASDAQ,N,1507957.0,3674,Technology
IPX,IperionX Limited - American Depositary Share,NASDAQ,N,1898601.0,1090,Materials
IPXG,Inection Point Acquisition Corp. VII  - Class A Ordinary Shares,NASDAQ,N,2088805.0,6770,Financials
IQ,"iQIYI, Inc. - American Depositary Shares",NASDAQ,N,1722608.0,7841,Communication
IQI,Invesco Quality Municipal Income Trust Common Stock,NYSE,,885125.0,,
IQMX,IQM Quantum Computers Oyj - American Depositary Shares,NASDAQ,N,2113060.0,7372,Technology
IQST,iQSTEL Inc. - Common Stock,NASDAQ,N,1527702.0,4813,Communication
IQV,"IQVIA Holdings, Inc. Common Stock",NYSE,,1478242.0,8731,Health Care
IR,Ingersoll Rand Inc. Common Stock,NYSE,,1699150.0,3560,Industrials
IRAB,Iris Acquisition Corp II Class A Ordinary Shares,NYSE,,2077785.0,6770,Financials
IRD,"Opus Genetics, Inc. - Common Stock",NASDAQ,N,1228627.0,2834,Health Care
IRDM,Iridium Communications Inc - Common Stock,NASDAQ,N,1418819.0,4899,Communication
IREN,IREN Limited - Ordinary Shares,NASDAQ,N,1878848.0,6199,
IRHO,Iron Horse Acquisitions II Corp. - Common Stock,NASDAQ,N,2051985.0,6770,Financials
IRIX,IRIDEX Corporation - Common Stock,NASDAQ,D,1006045.0,3845,Health Care
IRM,Iron Mountain Incorporated (Delaware)Common Stock REIT,NYSE,,1020569.0,6798,Real Estate
IRMD,iRadimed Corporation - Common Stock,NASDAQ,N,1325618.0,3841,Health Care
IRON,"Disc Medicine, Inc. - Common Stock",NASDAQ,N,1816736.0,2834,Health Care
IRS,IRSA Inversiones Y Representaciones S.A. Global Depositary Shares (Each representing ten shares of Common Stock),NYSE,,933267.0,6552,Real Estate
IRT,"Independence Realty Trust, Inc. Common Stock",NYSE,,1466085.0,6798,Real Estate
IRTC,"iRhythm Holdings, Inc.  - Common Stock",NASDAQ,N,1388658.0,3841,Health Care
IRWD,"Ironwood Pharmaceuticals, Inc. - Class A Common Stock",NASDAQ,N,1446847.0,2834,Health Care
ISBA,Isabella Bank Corporation - Common stock,NASDAQ,N,842517.0,6022,Financials
ISNR,Snow Rothschild Acquisition Corp. - Class A Ordinary Shares,NASDAQ,N,2123475.0,6770,Financials
ISOU,IsoEnergy Ltd. Common Shares,AMEX,,1997377.0,1090,Materials
ISPC,iSpecimen Inc. - Common Stock,NASDAQ,D,1558569.0,8731,Health Care
ISPR,Ispire Technology Inc. - Common Stock,NASDAQ,N,1948455.0,2111,Consumer Staples
ISRG,"Intuitive Surgical, Inc. - Common Stock",NASDAQ,N,1035267.0,3842,Health Care
ISTR,Investar Holding Corporation - Common Stock,NASDAQ,N,1602658.0,6022,Financials
IT,"Gartner, Inc. Common Stock",NYSE,,749251.0,8741,Industrials
ITG,"ITG, Inc. - Class A Common Stock",NASDAQ,N,2110117.0,1623,Industrials
ITGR,Integer Holdings Corporation Common Stock,NYSE,,1114483.0,3845,Health Care
ITHA,ITHAX Acquisition Corp III - Class A Ordinary Shares,NASDAQ,N,2080985.0,6770,Financials
ITIC,Investors Title Company - Common Stock,NASDAQ,N,720858.0,6361,Insurance
ITOC,iTonic Holdings Ltd - Class A Ordinary Shares,NASDAQ,D,1970544.0,3845,Health Care
ITP,"IT Tech Packaging, Inc. Common Stock",AMEX,,1358190.0,2670,Materials
ITRG,Integra Resources Corp. Common Shares,AMEX,,1722387.0,1040,Materials
ITRI,"Itron, Inc. - Common Stock",NASDAQ,N,780571.0,3825,Industrials
ITRN,Ituran Location and Control Ltd. - Ordinary Shares,NASDAQ,N,1337117.0,5065,Industrials
ITT,ITT Inc. Common Stock,NYSE,,216228.0,3561,Industrials
ITW,Illinois Tool Works Inc. Common Stock,NYSE,,49826.0,3560,Industrials
IVA,Inventiva S.A. - American Depository Shares,NASDAQ,N,1756594.0,2834,Health Care
IVDA,"Iveda Solutions, Inc. - Common Stock",NASDAQ,D,1397183.0,7372,Technology
IVF,"INVO Fertility, Inc. - Common Stock",NASDAQ,N,1417926.0,3841,Health Care
IVR,INVESCO MORTGAGE CAPITAL INC Common Stock,NYSE,,1437071.0,6798,Real Estate
IVT,InvenTrust Properties Corp. Common Stock,NYSE,,1307748.0,6798,Real Estate
IVVD,"Invivyd, Inc. - Common Stock",NASDAQ,D,1832038.0,2836,Health Care
IVZ,Invesco Ltd Common Stock,NYSE,,914208.0,6282,Financials
IX,ORIX Corporation American Depositary Shares,NYSE,,1070304.0,6159,Financials
IXHL,Incannex Healthcare Inc. - Common Stock,NASDAQ,N,1873875.0,2834,Health Care
IZEA,"IZEA Worldwide, Inc. - Common Stock",NASDAQ,N,1495231.0,7310,Industrials
IZM,ICZOOM Group Inc. - Class A Ordinary Shares,NASDAQ,H,1854572.0,5731,Consumer Discretionary
J,Jacobs Solutions Inc. Common Stock,NYSE,,52988.0,1600,Industrials
JACK,Jack In The Box Inc. - Common Stock,NASDAQ,N,807882.0,5812,Consumer Discretionary
JACS,Jackson Acquisition Company II Class A Ordinary Shares,NYSE,,2039058.0,6770,Financials
JAGU,Jaguar Uranium Corp. Class A Common Shares,AMEX,,2039273.0,1000,Materials
JAGX,"Jaguar Health, Inc. - Common Stock",NASDAQ,N,1585608.0,2834,Health Care
JAKK,"JAKKS Pacific, Inc. - Common Stock",NASDAQ,N,1009829.0,3944,Consumer Discretionary
JAN,"Janus Living, Inc. Class A-1 Common Stock",NYSE,,2100805.0,6798,Real Estate
JANX,"Janux Therapeutics, Inc. - Common Stock",NASDAQ,N,1817713.0,2834,Health Care
JATT,JATT II Acquisition Corp - Ordinary Shares,NASDAQ,N,2112446.0,6770,Financials
JAZZ,Jazz Pharmaceuticals plc - Ordinary Shares,NASDAQ,N,1232524.0,2834,Health Care
JBDI,JBDI Holdings Limited - Ordinary Shares,NASDAQ,N,1964314.0,3412,Industrials
JBGS,JBG SMITH Properties Common Shares,NYSE,,1689796.0,6798,Real Estate
JBHT,"J.B. Hunt Transport Services, Inc. - Common Stock",NASDAQ,N,728535.0,4213,Transport
JBI,"Janus International Group, Inc. Common Stock",NYSE,,1839839.0,3442,Industrials
JBIO,"Jade Biosciences, Inc. - Common Stock",NASDAQ,N,1798749.0,2834,Health Care
JBK,Lehman ABS 3.50 3.50% Adjustable Corp Backed Tr Certs GS Cap I,NYSE,,1284143.0,6189,Financials
JBL,Jabil Inc. Common Stock,NYSE,,898293.0,3672,Industrials
JBLU,JetBlue Airways Corporation - Common Stock,NASDAQ,N,1158463.0,4512,Transport
JBS,JBS N.V. Class A Common Shares,NYSE,,1791942.0,2011,Consumer Staples
JBSS,"John B. Sanfilippo & Son, Inc. - Common Stock",NASDAQ,N,880117.0,2060,Consumer Staples
JBTM,JBT Marel Corporation Common Stock,NYSE,,1433660.0,3550,Industrials
JCAP,"Jefferson Capital, Inc. - Common Stock",NASDAQ,N,2046042.0,6153,Financials
JCE,Nuveen Core Equity Alpha Fund Common Shares of Beneficial Interest,NYSE,,1385763.0,,
JCI,Johnson Controls International plc Ordinary Share,NYSE,,833444.0,3585,Industrials
JCSE,JE Cleantech Holdings Limited - Ordinary Shares,NASDAQ,N,1905511.0,3990,Consumer Discretionary
JCTC,Jewett-Cameron Trading Company - Common Shares,NASDAQ,N,885307.0,5211,Consumer Discretionary
JD,"JD.com, Inc. - American Depositary Shares",NASDAQ,N,1549802.0,5990,Consumer Discretionary
JDZG,JIADE LIMITED - Class A Ordinary Shares,NASDAQ,N,1976908.0,8200,Consumer Discretionary
JEF,Jefferies Financial Group Inc. Common Stock,NYSE,,96223.0,6211,Financials
JELD,"JELD-WEN Holding, Inc. Common Stock",NYSE,,1674335.0,2430,Industrials
JEM,707 Cayman Holdings Limited - Ordinary Shares,NASDAQ,N,2018222.0,5600,Consumer Discretionary
JENA,Jena Acquisition Corporation II Class A Ordinary Shares,NYSE,,2060337.0,6770,Financials
JF,J and Friends Holdings Limited - American Depositary Shares,NASDAQ,N,1716338.0,7370,Technology
JFIN,Jiayin Group Inc. - American Depositary Shares,NASDAQ,N,1743102.0,6199,
JFR,Nuveen Floating Rate Income Fund Common Stock,NYSE,,1276533.0,,
JFU,9F Inc. - American Depositary Shares,NASDAQ,N,1619544.0,6199,
JG,Aurora Mobile Limited - American Depositary Shares,NASDAQ,N,1737339.0,7370,Technology
JGH,Nuveen Global High Income Fund Common Shares of Beneficial Interest,NYSE,,1615905.0,,
JHI,John Hancock Investors Trust Common Stock,NYSE,,759828.0,,
JHS,John Hancock Income Securities Trust Common Stock,NYSE,,759866.0,,
JHX,James Hardie Industries plc. Ordinary Shares,NYSE,,1159152.0,3272,Materials
JILL,"J. Jill, Inc. Common Stock",NYSE,,1687932.0,2330,Consumer Discretionary
JJSF,J & J Snack Foods Corp. - Common Stock,NASDAQ,N,785956.0,2052,Consumer Staples
JKHY,"Jack Henry & Associates, Inc. - Common Stock",NASDAQ,N,779152.0,7373,Technology
JKS,JinkoSolar Holding Company Limited American Depositary Shares (each representing 4 Common Shares),NYSE,,1481513.0,3674,Technology
JL,J-Long Group Limited - Class A Ordinary Shares,NASDAQ,N,1948436.0,5600,Consumer Discretionary
JLHL,Julong Holding Limited - Class A Ordinary Shares,NASDAQ,N,2007846.0,8711,Industrials
JLL,Jones Lang LaSalle Incorporated Common Stock,NYSE,,1037976.0,6531,Real Estate
JLS,Nuveen Mortgage and Income Fund,NYSE,,1472215.0,,
JMIA,"Jumia Technologies AG American Depositary Shares, each representing two Ordinary Shares",NYSE,,1756708.0,5961,Consumer Discretionary
JMKE,Jersey Mike's Subs Inc. Class A Common Stock,NYSE,,2127043.0,5812,Consumer Discretionary
JMM,Nuveen Multi-Market Income Fund (MA),NYSE,,838131.0,,
JMSB,"John Marshall Bancorp, Inc. - Common Stock",NASDAQ,N,1710482.0,6022,Financials
JNJ,Johnson & Johnson Common Stock,NYSE,,200406.0,2834,Health Care
JOB,GEE Group Inc. Common Stock,AMEX,,40570.0,7361,Industrials
JOBY,"Joby Aviation, Inc. Common Stock",NYSE,,1819848.0,3721,Industrials
JOE,St. Joe Company (The) Common Stock,NYSE,,745308.0,6552,Real Estate
JOF,Japan Smaller Capitalization Fund Inc Common Stock,NYSE,,859796.0,,
JONE,Jones Ventures INTL Acquisition1 Corp - Class A Ordinary Shares,NASDAQ,N,2129056.0,6770,Financials
JOUT,Johnson Outdoors Inc. - Class A Common Stock,NASDAQ,N,788329.0,3949,Consumer Discretionary
JOYY,JOYY Inc. - American Depositary Shares,NASDAQ,N,1530238.0,7374,Technology
JPM,JP Morgan Chase & Co. Common Stock,NYSE,,19617.0,6021,Financials
JQC,Nuveen Credit Strategies Income Fund Shares of Beneficial Interest,NYSE,,1227476.0,,
JRI,Nuveen Real Asset Income and Growth Fund Common Shares of Beneficial Interest,NYSE,,1539337.0,,
JRS,Nuveen Real Estate Income Fund Common Shares of Beneficial Interest,NYSE,,1158289.0,,
JRSH,"Jerash Holdings (US), Inc. - Common Stock",NASDAQ,N,1696558.0,2300,Consumer Discretionary
JRVR,"James River Group Holdings, Inc. - Common Stock",NASDAQ,N,1620459.0,6331,Insurance
JSPR,"Jasper Therapeutics, Inc. - Class A Common Stock",NASDAQ,D,1788028.0,2836,Health Care
JTAI,Jet.AI Inc. - Common Stock,NASDAQ,N,1861622.0,4522,Transport
JTTT,JATT III Acquisition Corp - Ordinary Shares,NASDAQ,N,2145659.0,6770,Financials
JUNS,"Jupiter Neurosciences, Inc. - Common Stock",NASDAQ,D,1679628.0,2834,Health Care
JVA,"Coffee Holding Co., Inc. - Common Stock",NASDAQ,N,1007019.0,2090,Consumer Staples
JWEL,Jowell Global Ltd. - Ordinary Shares,NASDAQ,N,1805594.0,5960,Consumer Discretionary
JXG,JX Luxventure Group Inc. - Common Stock,NASDAQ,N,1546383.0,5000,Industrials
JXN,Jackson Financial Inc. Class A Common Stock,NYSE,,1822993.0,6311,Insurance
JYD,Jayud Global Logistics Limited - Class A Ordinary Shares,NASDAQ,N,1938186.0,4731,Transport
JYNT,The Joint Corp. - Common Stock,NASDAQ,N,1612630.0,6794,Financials
JZ,Jianzhi Education Technology Group Company Limited - American Depositary Shares,NASDAQ,N,1852440.0,8200,Consumer Discretionary
JZXN,"Jiuzi Holdings, Inc. - Ordinary Shares",NASDAQ,N,1816172.0,5500,Consumer Discretionary
KAI,Kadant Inc Common Stock,NYSE,,886346.0,3550,Industrials
KALA,"KALA BIO, Inc. - Common Stock",NASDAQ,D,1479419.0,2834,Health Care
KALU,Kaiser Aluminum Corporation - Common Stock,NASDAQ,N,811596.0,3350,Materials
KAPA,"Kairos Pharma, Ltd. Common Stock",AMEX,,1962011.0,2834,Health Care
KARD,"Kardigan, Inc. - Common Stock",NASDAQ,N,2123613.0,2834,Health Care
KARO,Karooooo Ltd. - Ordinary shares,NASDAQ,N,1828102.0,7372,Technology
KAZR,Skyline Builders Group Holding Limited - Class A Ordinary Shares,NASDAQ,N,2031009.0,1700,Industrials
KB,KB Financial Group Inc,NYSE,,1445930.0,6029,Financials
KBDC,"Kayne Anderson BDC, Inc. Common Stock",NYSE,,1747172.0,,
KBH,KB Home Common Stock,NYSE,,795266.0,1531,Industrials
KBON,Karbon Capital Partners Corp. - Class A Ordinary Shares,NASDAQ,N,2088749.0,6770,Financials
KBR,"KBR, Inc. Common Stock",NYSE,,1357615.0,1600,Industrials
KBSX,FST Corp. - Ordinary Shares,NASDAQ,N,2014254.0,3949,Consumer Discretionary
KC,Kingsoft Cloud Holdings Limited - American Depositary Shares,NASDAQ,N,1795589.0,7372,Technology
KCHV,Kochav Defense Acquisition Corp. - Class A Ordinary Shares,NASDAQ,N,2053799.0,6770,Financials
KD,"Kyndryl Holdings, Inc. Common Stock",NYSE,,1867072.0,7373,Technology
KDK,"Kodiak AI, Inc. - Common Stock",NASDAQ,N,1853138.0,7373,Technology
KDP,Keurig Dr Pepper Inc. - Common Stock,NASDAQ,N,1418135.0,2080,Consumer Staples
KE,"Kimball Electronics, Inc. - Common Stock",NASDAQ,N,1606757.0,3672,Industrials
KEEL,Keel Infrastructure Corp. - Common Stock,NASDAQ,N,1812477.0,6199,
KELYA,"Kelly Services, Inc. - Class A Common Stock",NASDAQ,N,55135.0,7363,Industrials
KELYB,"Kelly Services, Inc. - Class B Common Stock",NASDAQ,N,55135.0,7363,Industrials
KEN,Kenon Holdings Ltd. Ordinary Shares,NYSE,,1611005.0,4911,Utilities
KEP,Korea Electric Power Corporation Common Stock,NYSE,,887225.0,4911,Utilities
KEQU,Kewaunee Scientific Corporation - Common Stock,NASDAQ,N,55529.0,3821,Industrials
KEX,Kirby Corporation Common Stock,NYSE,,56047.0,4400,Transport
KEY,KeyCorp Common Stock,NYSE,,91576.0,6021,Financials
KEYS,Keysight Technologies Inc. Common Stock,NYSE,,1601046.0,3823,Industrials
KEYY,Keystone Acquisition Corp. - Class A Ordinary Shares,NASDAQ,N,2102771.0,6770,Financials
KF,"Korea Fund, Inc. (The) New Common Stock",NYSE,,748691.0,,
KFFB,Kentucky First Federal Bancorp - Common Stock,NASDAQ,N,1297341.0,6035,Financials
KFII,K&F Growth Acquisition Corp. II - Class A Ordinary shares,NASDAQ,N,2029976.0,6770,Financials
KFRC,"Kforce, Inc. Common Stock",NYSE,,930420.0,7363,Industrials
KFY,Korn Ferry Common Stock,NYSE,,56679.0,7361,Industrials
KG,"Kestrel Group, Ltd. - Common Stock",NASDAQ,N,2055116.0,6331,Insurance
KGC,Kinross Gold Corporation Common Stock,NYSE,,701818.0,1040,Materials
KGEI,Kolibri Global Energy Inc. - Common stock,NASDAQ,N,1477081.0,1311,Energy
KGS,"Kodiak Gas Services, Inc. Common Stock",NYSE,,1767042.0,4922,Utilities
KHC,The Kraft Heinz Company Common Stock,NYSE,,1637459.0,2030,Consumer Staples
KIDS,OrthoPediatrics Corp. - Common Stock,NASDAQ,N,1425450.0,3841,Health Care
KIDZ,KIDZ AI Inc. - Class B Common Stock,NASDAQ,N,2022308.0,8200,Consumer Discretionary
KIM,Kimco Realty Corporation (HC) Common Stock,NYSE,,879101.0,6798,Real Estate
KINS,"Kingstone Companies, Inc - Common Stock",NASDAQ,N,33992.0,6331,Insurance
KIO,KKR Income Opportunities Fund Common Shares,NYSE,,1515940.0,,
KITT,"Nauticus Robotics, Inc. - Common stock",NASDAQ,D,1849820.0,3569,Industrials
KKR,KKR & Co. Inc. Common Stock,NYSE,,1404912.0,6282,Financials
KLAC,KLA Corporation  - Common Stock,NASDAQ,N,319201.0,3827,Technology
KLAR,Klarna Group plc Ordinary Shares,NYSE,,2003292.0,6199,
KLC,"KinderCare Learning Companies, Inc. Common Stock",NYSE,,1873529.0,8351,Consumer Discretionary
KLIC,"Kulicke and Soffa Industries, Inc. - Common Stock",NASDAQ,N,56978.0,3674,Technology
KLRA,"Kailera Therapeutics, Inc. - Common stock",NASDAQ,N,2096997.0,2834,Health Care
KLRS,"Kalaris Therapeutics, Inc.  - Common Stock",NASDAQ,N,1754068.0,2836,Health Care
KLTR,"Kaltura, Inc. - Common Stock",NASDAQ,N,1432133.0,7372,Technology
KLXE,"KLX Energy Services Holdings, Inc.  - Common Stock",NASDAQ,N,1738827.0,1389,Energy
KMB,Kimberly-Clark Corporation - Common Stock,NASDAQ,N,55785.0,2670,Materials
KMDA,Kamada Ltd. - Ordinary Shares,NASDAQ,N,1567529.0,2834,Health Care
KMI,"Kinder Morgan, Inc. Common Stock",NYSE,,1506307.0,4922,Utilities
KMPR,Kemper Corporation,NYSE,,860748.0,6331,Insurance
KMRK,K-Tech Solutions Company Limited - Class A Ordinary Shares,NASDAQ,N,2049187.0,3944,Consumer Discretionary
KMT,Kennametal Inc. Common Stock,NYSE,,55242.0,3541,Industrials
KMTS,"Kestra Medical Technologies, Ltd. - Common Stock",NASDAQ,N,1877184.0,3841,Health Care
KMX,CarMax Inc,NYSE,,1170010.0,5500,Consumer Discretionary
KN,Knowles Corporation Common Stock,NYSE,,1587523.0,3651,Industrials
KNDI,"Kandi Technologies Group, Inc. - Ordinary Shares",NASDAQ,D,1720250.0,3714,Industrials
KNF,Knife Riv Holding Co. Common Stock,NYSE,,1955520.0,1400,Materials
KNOP,KNOT Offshore Partners LP Common Units representing Limited Partner Interests,NYSE,,1564180.0,4400,Transport
KNRX,KNOREX LTD. Class A Ordinary Shares,AMEX,,1982960.0,7370,Technology
KNSA,"Kiniksa Pharmaceuticals International, plc - Class A Ordinary Shares",NASDAQ,N,1730430.0,2834,Health Care
KNSL,"Kinsale Capital Group, Inc. Common Stock",NYSE,,1669162.0,6331,Insurance
KNTK,Kinetik Holdings Inc. Class A Common Stock,NYSE,,1692787.0,4922,Utilities
KNX,Knight-Swift Transportation Holdings Inc.,NYSE,,1492691.0,4213,Transport
KO,Coca-Cola Company (The) Common Stock,NYSE,,21344.0,2080,Consumer Staples
KOD,Kodiak Sciences Inc - Common Stock,NASDAQ,N,1468748.0,2836,Health Care
KODK,Eastman Kodak Company Common New,NYSE,,31235.0,3861,Industrials
KOF,"Coca Cola Femsa S.A.B. de C.V.  American Depositary Shares, each representing 10 Units (each Unit consists of 3 Series B Shares and 5 Series L Shares)",NYSE,,910631.0,2086,Consumer Staples
KOP,Koppers Holdings Inc. Common Stock,NYSE,,1315257.0,2400,Industrials
KOPN,Kopin Corporation - Common Stock,NASDAQ,N,771266.0,3674,Technology
KOS,Kosmos Energy Ltd. Common Shares (DE),NYSE,,1509991.0,1311,Energy
KOSS,Koss Corporation - Common Stock,NASDAQ,N,56701.0,3651,Industrials
KOYN,CSLM Digital Asset Acquisition Corp III - Class A Ordinary Shares,NASDAQ,N,2068454.0,6770,Financials
KPET,KPET Ultra Paceline Corporation Class A Ordinary Shares,NYSE,,2095297.0,6770,Financials
KPLT,"Katapult Holdings, Inc. - Common Stock",NASDAQ,N,1785424.0,7359,Industrials
KPRX,"Kiora Pharmaceuticals, Inc.  - Common Stock",NASDAQ,N,1372514.0,2834,Health Care
KPTI,Karyopharm Therapeutics Inc. - Common Stock,NASDAQ,N,1503802.0,2834,Health Care
KR,Kroger Company (The) Common Stock,NYSE,,56873.0,5411,Consumer Staples
KRAQ,KRAKacquisition Corp - Class A Ordinary Shares,NASDAQ,N,2082119.0,6770,Financials
KRC,Kilroy Realty Corporation Common Stock,NYSE,,1025996.0,6798,Real Estate
KREF,KKR Real Estate Finance Trust Inc. Common Stock,NYSE,,1631596.0,6798,Real Estate
KRG,Kite Realty Group Trust Common Stock,NYSE,,1286043.0,6798,Real Estate
KRKR,36Kr Holdings Inc. - American Depositary Shares,NASDAQ,N,1779476.0,7389,Industrials
KRMD,"KORU Medical Systems, Inc. - Common Stock",NASDAQ,N,704440.0,3841,Health Care
KRMN,Karman Holdings Inc. Common Stock,NYSE,,2040127.0,3728,Industrials
KRNT,Kornit Digital Ltd. - Ordinary Shares,NASDAQ,N,1625791.0,3555,Industrials
KRNY,Kearny Financial - Common Stock,NASDAQ,N,1617242.0,6035,Financials
KRO,Kronos Worldwide Inc Common Stock,NYSE,,1257640.0,2810,Materials
KROS,"Keros Therapeutics, Inc. - common stock",NASDAQ,N,1664710.0,2834,Health Care
KRP,Kimbell Royalty Partners Common Units Representing Limited Partner Interests,NYSE,,1657788.0,1311,Energy
KRRO,"Korro Bio, Inc. - Common Stock",NASDAQ,N,1703647.0,2834,Health Care
KRSA,"Korsana Biosciences, Inc. - Common Stock",NASDAQ,N,1755237.0,2834,Health Care
KRSP,Rice Acquisition Corporation 3 Class A Ordinary Shares,NYSE,,2074872.0,6770,Financials
KRT,Karat Packaging Inc. - Common Stock,NASDAQ,N,1758021.0,3089,Materials
KRUS,"Kura Sushi USA, Inc. - Class A Common Stock",NASDAQ,N,1772177.0,5812,Consumer Discretionary
KRYS,"Krystal Biotech, Inc. - Common Stock",NASDAQ,N,1711279.0,2836,Health Care
KSCP,"Knightscope, Inc. - Class A Common Stock",NASDAQ,N,1600983.0,3669,Technology
KSPI,Joint Stock Company Kaspi.kz - American Depository Shares,NASDAQ,N,1985487.0,7389,Industrials
KSS,Kohl's Corporation Common Stock,NYSE,,885639.0,5311,Consumer Discretionary
KT,KT Corporation Common Stock,NYSE,,892450.0,4813,Communication
KTB,"Kontoor Brands, Inc. Common Stock",NYSE,,1760965.0,2320,Consumer Discretionary
KTCC,Key Tronic Corporation - Common Stock,NASDAQ,N,719733.0,3672,Industrials
KTF,DWS Municipal Income Trust,NYSE,,839533.0,,
KTN,Structured Products Corp 8.205% CorTS 8.205% Corporate Backed Trust Securities (CorTS),NYSE,,1283337.0,6189,Financials
KTOS,"Kratos Defense & Security Solutions, Inc. - Common Stock",NASDAQ,N,1069258.0,3760,Industrials
KTTA,Pasithea Therapeutics Corp. - Common Stock,NASDAQ,D,1841330.0,2834,Health Care
KTWO,K2 Capital Acquisition Corporation - Class A Ordinary Share,NASDAQ,N,2086524.0,6770,Financials
KULR,"KULR Technology Group, Inc. Common Stock",AMEX,,1662684.0,3670,Industrials
KURA,"Kura Oncology, Inc. - Common Stock",NASDAQ,N,1422143.0,2834,Health Care
KUST,"Kustom Entertainment, Inc. - Common Stock",NASDAQ,N,1342958.0,3663,Technology
KVHI,"KVH Industries, Inc. - Common Stock",NASDAQ,N,1007587.0,4899,Communication
KVUE,Kenvue Inc. Common Stock,NYSE,,1944048.0,2844,Materials
KVYO,"Klaviyo, Inc. Series A Common Stock",NYSE,,1835830.0,7372,Technology
KWR,Quaker Houghton Common Stock,NYSE,,81362.0,2990,Energy
KWY,Kingsway Corporation Common Stock,NYSE,,1072627.0,6331,Insurance
KXIN,Kaixin Holdings - Ordinary Shares,NASDAQ,N,1713539.0,5500,Consumer Discretionary
KYIV,Kyivstar Group Ltd. - Common Shares,NASDAQ,N,2062440.0,4812,Communication
KYMR,"Kymera Therapeutics, Inc. - Common Stock",NASDAQ,N,1815442.0,2836,Health Care
KYN,"Kayne Anderson Energy Infrastructure Fund, Inc.",NYSE,,1293613.0,,
KYNB,"Kyntra Bio, Inc. - Common Stock",NASDAQ,D,921299.0,2834,Health Care
KYTX,"Kyverna Therapeutics, Inc. - Common Stock",NASDAQ,N,1994702.0,2836,Health Care
KZIA,Kazia Therapeutics Limited - American Depositary Shares,NASDAQ,N,1075880.0,2834,Health Care
L,Loews Corporation Common Stock,NYSE,,60086.0,6331,Insurance
LAB,Standard BioTools Inc. - Common Stock,NASDAQ,D,1162194.0,3826,Health Care
LABT,Lakewood-Amedex Biotherapeutics Inc. - Common Stock,NASDAQ,N,2079272.0,2834,Health Care
LAC,Lithium Americas Corp. Common Shares,NYSE,,1966983.0,1000,Materials
LAD,"Lithia Motors, Inc. Common Stock",NYSE,,1023128.0,5500,Consumer Discretionary
LADR,Ladder Capital Corp Class A Common Stock,NYSE,,1577670.0,6798,Real Estate
LAES,SEALSQ Corp - Ordinary Shares,NASDAQ,N,1951222.0,3674,Technology
LAFA,LaFayette Acquisition Corp. - Ordinary Share,NASDAQ,N,2079106.0,6770,Financials
LAKE,"Lakeland Industries, Inc. - Common Stock",NASDAQ,N,798081.0,3842,Health Care
LAMR,Lamar Advertising Company - Class A Common Stock,NASDAQ,N,1090425.0,6798,Real Estate
LAND,Gladstone Land Corporation - Common Stock,NASDAQ,N,1495240.0,6798,Real Estate
LANV,Lanvin Group Holdings Limited Ordinary Shares,NYSE,,1922097.0,2300,Consumer Discretionary
LAR,Lithium Argentina AG Common Shares,NYSE,,1440972.0,1000,Materials
LARK,Landmark Bancorp Inc. - Common Stock,NASDAQ,N,1141688.0,6021,Financials
LASE,Laser Photonics Corporation - Common Stock,NASDAQ,N,1807887.0,3690,Industrials
LASR,"nLIGHT, Inc. - Common Stock",NASDAQ,N,1124796.0,3674,Technology
LATA,Galata Acquisition Corp. II - Class A Ordinary Shares,NASDAQ,N,2076427.0,6770,Financials
LAUR,"Laureate Education, Inc. - Common Stock",NASDAQ,N,912766.0,8200,Consumer Discretionary
LAW,"CS Disco, Inc. Common Stock",NYSE,,1625641.0,7372,Technology
LAWR,"Robot Consulting Co., Ltd. - ADS",NASDAQ,N,2007599.0,7370,Technology
LAZ,"Lazard, Inc. Common Stock",NYSE,,1311370.0,6282,Financials
LB,LandBridge Company LLC Class A Shares Representing Limited Liability Company Interests,NYSE,,1995807.0,6792,Financials
LBGJ,Li Bang International Corporation Inc. - Class A Ordinary Shares,NASDAQ,N,1896425.0,3580,Industrials
LBRT,Liberty Energy Inc. Class A common stock,NYSE,,1694028.0,1389,Energy
LBRX,LB Pharmaceuticals Inc - Common Stock,NASDAQ,N,1691082.0,2834,Health Care
LBTYA,Liberty Global Ltd. - Class A Common Shares,NASDAQ,N,1570585.0,4841,Communication
LBTYB,Liberty Global Ltd. - Class B Common Shares,NASDAQ,N,1570585.0,4841,Communication
LBTYK,Liberty Global Ltd. - Class C Common Shares,NASDAQ,N,1570585.0,4841,Communication
LCCC,Lakeshore Acquisition III Corp. - Ordinary Shares,NASDAQ,N,2049248.0,6770,Financials
LCFY,Locafy Limited - Ordinary Share,NASDAQ,N,1875547.0,7370,Technology
LCID,"Lucid Group, Inc. - Common Stock",NASDAQ,N,1811210.0,3711,Industrials
LCII,LCI Industries,NYSE,,763744.0,3714,Industrials
LCLN,"Lincoln International, Inc. Class A Common Stock",NYSE,,1925283.0,6282,Financials
LCNB,LCNB Corporation - Common Stock,NASDAQ,N,1074902.0,6021,Financials
LCTX,"Lineage Cell Therapeutics, Inc. Common Stock",AMEX,,876343.0,2836,Health Care
LCUT,"Lifetime Brands, Inc. - Common Stock",NASDAQ,N,874396.0,3420,Industrials
LDI,"loanDepot, Inc. Class A Common Stock",NYSE,,1831631.0,6199,
LDOS,"Leidos Holdings, Inc. Common Stock",NYSE,,1336920.0,7373,Technology
LE,"Lands' End, Inc. - Common Stock",NASDAQ,N,799288.0,5651,Consumer Discretionary
LEA,Lear Corporation Common Stock,NYSE,,842162.0,3714,Industrials
LECO,"Lincoln Electric Holdings, Inc. - Common Shares",NASDAQ,N,59527.0,3540,Industrials
LEDS,SemiLEDS Corporation - Common Stock,NASDAQ,N,1333822.0,3674,Technology
LEE,"Lee Enterprises, Incorporated - Common Stock",NASDAQ,N,58361.0,2711,Communication
LEGH,Legacy Housing Corporation - Common Stock,NASDAQ,N,1436208.0,2451,Industrials
LEGN,Legend Biotech Corporation - American Depositary Shares,NASDAQ,N,1801198.0,2834,Health Care
LEGO,Legato Merger Corp. IV Ordinary Shares,AMEX,,2087450.0,6770,Financials
LEN,Lennar Corporation Class A Common Stock,NYSE,,920760.0,1520,Industrials
LENZ,"LENZ Therapeutics, Inc. - Common Stock",NASDAQ,N,1815776.0,2836,Health Care
LEO,"BNY Mellon Strategic Municipals, Inc. Common Stock",NYSE,,818972.0,,
LESL,"Leslie's, Inc. - Common Stock",NASDAQ,N,1821806.0,5990,Consumer Discretionary
LEU,Centrus Energy Corp. Class A Common Stock,NYSE,,1065059.0,1400,Materials
LEVI,Levi Strauss & Co Class A Common Stock,NYSE,,94845.0,2300,Consumer Discretionary
LEXX,Lexaria Bioscience Corp. - Common Stock,NASDAQ,N,1348362.0,2834,Health Care
LFAC,Leapfrog Acquisition Corporation - Class A Ordinary Shares,NASDAQ,N,2084563.0,6770,Financials
LFCR,"Lifecore Biomedical, Inc. - Common Stock",NASDAQ,N,1005286.0,2834,Health Care
LFMD,"LifeMD, Inc. - Common Stock",NASDAQ,N,948320.0,8011,Health Care
LFS,"LEIFRAS Co., Ltd. - American Depositary Shares",NASDAQ,N,2030277.0,8200,Consumer Discretionary
LFST,"LifeStance Health Group, Inc. - Common Stock",NASDAQ,N,1845257.0,8000,Health Care
LFT,"Lument Finance Trust, Inc. Common Stock",NYSE,,1547546.0,6798,Real Estate
LFTO,"Liftoff Mobile, Inc. - Common Stock",NASDAQ,N,1850351.0,7374,Technology
LFUS,"Littelfuse, Inc. - Common Stock",NASDAQ,N,889331.0,3613,Industrials
LFVN,Lifevantage Corporation - Common Stock,NASDAQ,N,849146.0,2834,Health Care
LFWD,Lifeward Ltd. - Ordinary Shares,NASDAQ,N,1607962.0,3842,Health Care
LGCL,Lucas GC Limited - Class A Ordinary Shares,NASDAQ,N,1954694.0,7370,Technology
LGCY,Legacy Education Inc. Common Stock,AMEX,,1836754.0,8200,Consumer Discretionary
LGHL,Lion Group Holding Ltd. - American Depositary Share,NASDAQ,N,1806524.0,6211,Financials
LGI,Lazard Global Total Return and Income Fund Common Stock,NYSE,,1278211.0,,
LGIH,"LGI Homes, Inc. - Common Stock",NASDAQ,N,1580670.0,1531,Industrials
LGL,"LGL Group, Inc. (The) Common Stock",AMEX,,61004.0,3679,Industrials
LGN,Legence Corp. - Class A Common stock,NASDAQ,N,2052568.0,1700,Industrials
LGND,Ligand Pharmaceuticals Incorporated - Common Stock,NASDAQ,N,886163.0,2834,Health Care
LGO,Largo Inc. - Common Shares,NASDAQ,D,1400438.0,1400,Materials
LGPS,LogProstyle Inc. Common Shares,AMEX,,2040290.0,1531,Industrials
LGVN,Longeveron Inc. - Class A Common stock,NASDAQ,N,1721484.0,2834,Health Care
LH,Labcorp Holdings Inc. Common Stock,NYSE,,920148.0,8071,Health Care
LHAI,Linkhome Holdings Inc. - Common stock,NASDAQ,N,2017758.0,6531,Real Estate
LHSW,Lianhe Sowell International Group Ltd - Class A Ordinary Shares,NASDAQ,N,2004024.0,7372,Technology
LHX,"L3Harris Technologies, Inc. Common Stock",NYSE,,202058.0,3812,Industrials
LI,Li Auto Inc. - American Depositary Shares,NASDAQ,N,1791706.0,3711,Industrials
LICN,Lichen International Limited - Class A Ordinary Shares,NASDAQ,N,1876766.0,8742,Industrials
LIDR,"AEye, Inc. - Class A Common Stock",NASDAQ,N,1818644.0,3714,Industrials
LIEN,"Chicago Atlantic BDC, Inc. - Common Stock",NASDAQ,N,1843162.0,,
LIF,"Life360, Inc. - Common Stock",NASDAQ,N,1581760.0,7374,Technology
LIFE,Ethos Technologies Inc. - Class A Common Stock,NASDAQ,N,1788451.0,6411,Insurance
LII,"Lennox International, Inc. Common Stock",NYSE,,1069202.0,3585,Industrials
LILA,Liberty Latin America Ltd. - Class A Common Stock,NASDAQ,N,1712184.0,4841,Communication
LILAK,Liberty Latin America Ltd. - Class C Common Stock,NASDAQ,N,1712184.0,4841,Communication
LILAP,Liberty Latin America Ltd. - 9.0% Fixed Rate Cumulative Perpetual Redeemable Series A Preference Shares,NASDAQ,N,1712184.0,4841,Communication
LIME,"Neutron Holdings, Inc. - Common Stock",NASDAQ,N,1699963.0,7372,Technology
LIMN,"Liminatus Pharma, Inc. - Class A Common Stock",NASDAQ,D,1971387.0,2836,Health Care
LIN,Linde plc - Ordinary Shares,NASDAQ,N,1707925.0,2810,Materials
LINC,Lincoln Educational Services Corporation - Common Stock,NASDAQ,N,1286613.0,8200,Consumer Discretionary
LIND,Lindblad Expeditions Holdings Inc.  - Common Stock,NASDAQ,N,1512499.0,4700,Transport
LINE,"Lineage, Inc. - Common Stock",NASDAQ,N,1868159.0,6798,Real Estate
LINK,"Interlink Electronics, Inc. - Common Stock",NASDAQ,N,828146.0,3577,Technology
LION,Lionsgate Studios Corp Common Shares,NYSE,,2052959.0,7812,Communication
LIQT,"LiqTech International, Inc. - Common Stock",NASDAQ,D,1307579.0,3590,Industrials
LITB,"LightInTheBox Holding Co., Ltd. American Depositary Shares, each representing twelve ordinary shares",NYSE,,1523836.0,5961,Consumer Discretionary
LITE,Lumentum Holdings Inc. - Common Stock,NASDAQ,N,1633978.0,3669,Technology
LITS,"Lite Strategy, Inc. - Common Stock",NASDAQ,N,1262104.0,2834,Health Care
LIVE,Live Ventures Incorporated - Common Stock,NASDAQ,N,1045742.0,5900,Consumer Discretionary
LIVN,LivaNova PLC - Ordinary Shares,NASDAQ,N,1639691.0,3845,Health Care
LKFN,Lakeland Financial Corporation - Common Stock,NASDAQ,N,721994.0,6022,Financials
LKFT,Lakefront Biotherapeutics - American Depositary Shares,NASDAQ,N,1421876.0,2834,Health Care
LKQ,LKQ Corporation - Common Stock,NASDAQ,N,1065696.0,5010,Industrials
LKSP,Lake Superior Acquisition Corp. - Class A Ordinary Shares,NASDAQ,N,2043508.0,6770,Financials
LLY,Eli Lilly and Company Common Stock,NYSE,,59478.0,2834,Health Care
LLYVA,"Liberty Live Holdings, Inc. - Series A Liberty Live Group Common Stock",NASDAQ,N,2078416.0,7900,Communication
LLYVK,"Liberty Live Holdings, Inc. - Series C Liberty Live Group Common Stock",NASDAQ,N,2078416.0,7900,Communication
LMAT,"LeMaitre Vascular, Inc. - Common Stock",NASDAQ,N,1158895.0,3841,Health Care
LMB,"Limbach Holdings, Inc. - Common Stock",NASDAQ,N,1606163.0,1700,Industrials
LMND,"Lemonade, Inc. Common Stock",NYSE,,1691421.0,6331,Insurance
LMNR,Limoneira Co - Common Stock,NASDAQ,N,1342423.0,100,Consumer Staples
LMRI,"Lumexa Imaging Holdings, Inc. - Common Stock",NASDAQ,N,2071288.0,8071,Health Care
LMT,Lockheed Martin Corporation Common Stock,NYSE,,936468.0,3760,Industrials
LNAI,Lunai Bioworks Inc. - Common Stock,NASDAQ,N,1527728.0,2834,Health Care
LNC,Lincoln National Corporation Common Stock,NYSE,,59558.0,6311,Insurance
LND,Brasilagro Brazilian Agric Real Estate Co Sponsored ADR (Brazil),NYSE,,1499849.0,100,Consumer Staples
LNG,"Cheniere Energy, Inc. Common Stock",NYSE,,3570.0,4924,Utilities
LNKS,Linkers Industries Limited - Class A Ordinary Shares,NASDAQ,N,1972074.0,3670,Industrials
LNN,Lindsay Corporation Common Stock,NYSE,,836157.0,3523,Industrials
LNSR,"LENSAR, Inc. - Common Stock",NASDAQ,N,1320350.0,3841,Health Care
LNT,Alliant Energy Corporation - Common Stock,NASDAQ,N,352541.0,4931,Utilities
LNTH,"Lantheus Holdings, Inc. - Common Stock",NASDAQ,N,1521036.0,2835,Health Care
LNZA,"LanzaTech Global, Inc. - Common Stock",NASDAQ,N,1843724.0,2860,Materials
LOAN,"Manhattan Bridge Capital, Inc - Common Stock",NASDAQ,N,1080340.0,6798,Real Estate
LOAR,Loar Holdings Inc. Common Stock,NYSE,,2000178.0,3728,Industrials
LOB,"Live Oak Bancshares, Inc. Common Stock",NYSE,,1462120.0,6022,Financials
LOBO,LOBO TECHNOLOGIES LTD. - Class A Ordinary Shares,NASDAQ,D,1932072.0,3751,Industrials
LOCL,Local Bounti Corporation Common Stock,NYSE,,1840780.0,100,Consumer Staples
LOCO,"El Pollo Loco Holdings, Inc. - Common Stock",NASDAQ,N,1606366.0,5812,Consumer Discretionary
LODE,Comstock Inc. Common Stock,AMEX,,1120970.0,2860,Materials
LOGI,Logitech International S.A. - Registered Shares,NASDAQ,N,1032975.0,3577,Technology
LOMA,Loma Negra Compania Industrial Argentina Sociedad Anonima ADS,NYSE,,1711375.0,3241,Materials
LONA,"LeonaBio, Inc. - Common Stock",NASDAQ,N,1620463.0,2836,Health Care
LOOP,"Loop Industries, Inc. - Common Stock",NASDAQ,D,1504678.0,2800,Materials
LOPE,"Grand Canyon Education, Inc. - Common Stock",NASDAQ,N,1434588.0,8200,Consumer Discretionary
LOT,Lotus Technology Inc. - American Depositary Shares,NASDAQ,N,1962746.0,3711,Industrials
LOVE,The Lovesac Company - Common Stock,NASDAQ,N,1701758.0,5712,Consumer Discretionary
LOW,"Lowe's Companies, Inc. Common Stock",NYSE,,60667.0,5211,Consumer Discretionary
LPA,Logistic Properties of the Americas Ordinary Shares,AMEX,,1997711.0,6500,Real Estate
LPAA,Launch One Acquisition Corp. - Class A Ordinary Shares,NASDAQ,N,2015502.0,6770,Financials
LPBB,Launch Two Acquisition Corp. - Class A Ordinary Shares,NASDAQ,N,2023676.0,6770,Financials
LPCN,Lipocine Inc. - Common Stock,NASDAQ,N,1535955.0,2834,Health Care
LPCV,Launchpad Cadenza Acquisition Corp I - Class A Ordinary Share,NASDAQ,N,2083728.0,6770,Financials
LPG,Dorian LPG Ltd. Common Stock,NYSE,,1596993.0,4412,Transport
LPL,"LG Display Co, Ltd AMERICAN DEPOSITORY SHARES",NYSE,,1290109.0,3679,Industrials
LPLA,LPL Financial Holdings Inc. - Common Stock,NASDAQ,N,1397911.0,6200,Financials
LPTH,"LightPath Technologies, Inc. - Class A Common Stock",NASDAQ,N,889971.0,3674,Technology
LPX,Louisiana-Pacific Corporation Common Stock,NYSE,,60519.0,2400,Industrials
LQDA,Liquidia Corporation - Common Stock,NASDAQ,N,1819576.0,2834,Health Care
LQDT,"Liquidity Services, Inc. - Common Stock",NASDAQ,N,1235468.0,7389,Industrials
LRCX,Lam Research Corporation - Common Stock,NASDAQ,N,707549.0,3559,Industrials
LRE,"Lead Real Estate Co., Ltd - American Depositary Shares",NASDAQ,N,1888980.0,1531,Industrials
LRHC,La Rosa Holdings Corp. - Common Stock,NASDAQ,D,1879403.0,6531,Real Estate
LRMR,"Larimar Therapeutics, Inc. - Common Stock",NASDAQ,N,1374690.0,2834,Health Care
LRN,"Stride, Inc. Common Stock",NYSE,,1157408.0,8200,Consumer Discretionary
LSAK,"Lesaka Technologies, Inc. - Common Stock",NASDAQ,N,1041514.0,6099,Financials
LSBK,"Lake Shore Bancorp, Inc. - Common Stock",NASDAQ,N,2059653.0,6035,Financials
LSCC,Lattice Semiconductor Corporation - Common Stock,NASDAQ,N,855658.0,3674,Technology
LSE,"Leishen Energy Holding Co., Ltd. - Class A Ordinary Shares",NASDAQ,N,1985139.0,3533,Industrials
LSF,"Laird Superfood, Inc. Common Stock",AMEX,,1650696.0,2000,Consumer Staples
LSPD,Lightspeed Commerce Inc. Subordinate Voting Shares,NYSE,,1823306.0,7372,Technology
LSTA,"Lisata Therapeutics, Inc. - Common Stock",NASDAQ,N,320017.0,2834,Health Care
LSTR,"Landstar System, Inc. - Common Stock",NASDAQ,N,853816.0,4213,Transport
LTBR,Lightbridge Corporation - Common Stock,NASDAQ,N,1084554.0,2810,Materials
LTC,"LTC Properties, Inc. Common Stock",NYSE,,887905.0,6798,Real Estate
LTGO,"Latigo Biotherapeutics, Inc. - Common Stock",NASDAQ,N,2056611.0,2834,Health Care
LTGR,Long Table Growth Corp. - Class A Ordinary Shares,NASDAQ,N,2104177.0,6770,Financials
LTH,"Life Time Group Holdings, Inc. Common Stock",NYSE,,1869198.0,7997,Communication
LTM,"LATAM Airlines Group S.A. American Depositary Shares (each representing two thousand (2,000) shares of Common Stock)",NYSE,,1047716.0,4512,Transport
LTRN,Lantern Pharma Inc. - Common Stock,NASDAQ,N,1763950.0,2834,Health Care
LTRX,"Lantronix, Inc. - Common Stock",NASDAQ,N,1114925.0,3576,Technology
LU,"Lufax Holding Ltd American Depositary Shares, each representing two (2) Ordinary Shares",NYSE,,1816007.0,6199,
LUCD,Lucid Diagnostics Inc. - Common Stock,NASDAQ,N,1799011.0,3841,Health Care
LUCK,Lucky Strike Entertainment Corporation Class A Common Stock,NYSE,,1840572.0,7900,Communication
LUCY,"Innovative Eyewear, Inc. - Common Stock",NASDAQ,N,1808377.0,3851,Health Care
LUD,Luda Technology Group Limited Ordinary Shares,AMEX,,1984124.0,3317,Materials
LULU,lululemon athletica inc. - Common Stock,NASDAQ,N,1397187.0,2300,Consumer Discretionary
LUMN,"Lumen Technologies, Inc. Common Stock",NYSE,,18926.0,4813,Communication
LUNG,Pulmonx Corporation - Common Stock,NASDAQ,N,1127537.0,3841,Health Care
LUNR,"Intuitive Machines, Inc. - Class A Common Stock",NASDAQ,N,1844452.0,3812,Industrials
LUV,Southwest Airlines Company Common Stock,NYSE,,92380.0,4512,Transport
LUXE,"LuxExperience B.V. American Depositary Shares, each representing one Ordinary Share",NYSE,,1831907.0,5961,Consumer Discretionary
LVLU,"Lulu's Fashion Lounge Holdings, Inc. - Common Stock",NASDAQ,N,1780201.0,5961,Consumer Discretionary
LVO,"LiveOne, Inc. - Common Stock",NASDAQ,N,1491419.0,5812,Consumer Discretionary
LVS,Las Vegas Sands Corp. Common Stock,NYSE,,1300514.0,7011,Consumer Discretionary
LVWR,"LiveWire Group, Inc. Common Stock",NYSE,,1898795.0,3751,Industrials
LW,"Lamb Weston Holdings, Inc. Common Stock",NYSE,,1679273.0,2030,Consumer Staples
LWAC,LightWave Acquisition Corp. - Class A Ordinary Shares,NASDAQ,N,2061379.0,6770,Financials
LWAY,"Lifeway Foods, Inc. - Common Stock",NASDAQ,N,814586.0,2020,Consumer Staples
LWLG,"Lightwave Logic, Inc. - Common Stock",NASDAQ,N,1325964.0,3080,Materials
LX,LexinFintech Holdings Ltd. - American Depositary Shares,NASDAQ,N,1708259.0,6199,
LXEH,"Lixiang Education Holding Co., Ltd. - American Depositary Shares",NASDAQ,N,1814067.0,8200,Consumer Discretionary
LXEO,"Lexeo Therapeutics, Inc. - Common Stock",NASDAQ,N,1907108.0,2836,Health Care
LXFR,Luxfer Holdings PLC Ordinary Shares,NYSE,,1096056.0,2810,Materials
LXP,LXP Industrial Trust Common Stock (Maryland REIT),NYSE,,910108.0,6798,Real Estate
LXRX,"Lexicon Pharmaceuticals, Inc. - Common Stock",NASDAQ,N,1062822.0,2834,Health Care
LXU,"LSB Industries, Inc. Common Stock",NYSE,,60714.0,2810,Materials
LYB,LyondellBasell Industries NV Ordinary Shares Class A (Netherlands),NYSE,,1489393.0,2860,Materials
LYEL,"Lyell Immunopharma, Inc. - Common Stock",NASDAQ,N,1806952.0,2834,Health Care
LYFT,"Lyft, Inc. - Class A Common Stock",NASDAQ,N,1759509.0,7389,Industrials
LYG,Lloyds Banking Group Plc American Depositary Shares,NYSE,,1160106.0,6029,Financials
LYNX,Lyntris Inc. Common Stock,NYSE,,2132582.0,3812,Industrials
LYTS,LSI Industries Inc. - Common Stock,NASDAQ,N,763532.0,3640,Industrials
LYV,"Live Nation Entertainment, Inc. Common Stock",NYSE,,1335258.0,7900,Communication
LZ,"LegalZoom.com, Inc. - Common Stock",NASDAQ,N,1286139.0,7374,Technology
LZB,La-Z-Boy Incorporated Common Stock,NYSE,,57131.0,2510,Industrials
LZM,Lifezone Metals Limited Ordinary Shares,NYSE,,1958217.0,1000,Materials
LZMH,LZ Technology Holdings Limited - Class B Ordinary Shares,NASDAQ,N,1967397.0,7371,Technology
M,Macy's Inc Common Stock,NYSE,,794367.0,5311,Consumer Discretionary
MA,Mastercard Incorporated Common Stock,NYSE,,1141391.0,7389,Industrials
MAA,"Mid-America Apartment Communities, Inc. Common Stock",NYSE,,912595.0,6798,Real Estate
MAAS,Maase Inc. - Class A Ordinary Shares,NASDAQ,N,1750264.0,6282,Financials
MAC,Macerich Company (The) Common Stock,NYSE,,912242.0,6798,Real Estate
MACI,Melar Acquisition Corp. I - Class A Ordinary Shares,NASDAQ,N,2016221.0,7389,Industrials
MAGH,Magnitude International Ltd - Ordinary Shares,NASDAQ,D,2046117.0,1731,Industrials
MAGN,Magnera Corporation Common Stock,NYSE,,41719.0,2621,Materials
MAIA,"MAIA Biotechnology, Inc. Common Stock",AMEX,,1878313.0,2834,Health Care
MAIN,Main Street Capital Corporation Common Stock,NYSE,,1396440.0,,
MAIR,Madison Air Solutions Corporation Class A Common Stock,NYSE,,2098430.0,3564,Industrials
MAKO,Mako Mining Corp - Common Stock,NASDAQ,N,1784930.0,1040,Materials
MAMA,"Mama's Creations, Inc. - Common Stock",NASDAQ,N,1520358.0,2013,Consumer Staples
MAMK,MaxsMaking Inc. - Class A Ordinary Shares,NASDAQ,D,2008007.0,2390,Consumer Discretionary
MAMO,Massimo Group - Common Stock,NASDAQ,N,1952853.0,3790,Industrials
MAN,ManpowerGroup Common Stock,NYSE,,871763.0,7363,Industrials
MANE,"Veradermics, Incorporated Common Stock",NYSE,,1827635.0,2834,Health Care
MANH,"Manhattan Associates, Inc. - Common Stock",NASDAQ,N,1056696.0,7372,Technology
MANU,Manchester United Ltd. Class A Ordinary Shares,NYSE,,1549107.0,7900,Communication
MAR,Marriott International - Class A Common Stock,NASDAQ,N,1048286.0,7011,Consumer Discretionary
MARA,"MARA Holdings, Inc. - Common Stock",NASDAQ,N,1507605.0,6199,
MARPS,Marine Petroleum Trust - Units of Beneficial Interest,NASDAQ,N,62362.0,6792,Financials
MAS,Masco Corporation Common Stock,NYSE,,62996.0,3430,Industrials
MASK,3 E Network Technology Group Ltd - Class A Ordinary Shares,NASDAQ,N,1993097.0,7371,Technology
MASS,908 Devices Inc. - Common Stock,NASDAQ,N,1555279.0,3829,Industrials
MAT,"Mattel, Inc. - Common Stock",NASDAQ,N,63276.0,3942,Consumer Discretionary
MATH,Metalpha Technology Holding Limited - Ordinary Shares,NASDAQ,N,1682241.0,6799,Financials
MATV,"Mativ Holdings, Inc. Common Stock",NYSE,,1000623.0,2621,Materials
MATW,Matthews International Corporation - Class A Common Stock,NASDAQ,N,63296.0,3360,Materials
MATX,"Matson, Inc. Common Stock",NYSE,,3453.0,4400,Transport
MAX,"MediaAlpha, Inc. Class A Common Stock",NYSE,,1818383.0,7389,Industrials
MAYS,"J. W. Mays, Inc. - Common Stock",NASDAQ,N,54187.0,6512,Real Estate
MAZE,"Maze Therapeutics, Inc. - Common Stock",NASDAQ,N,1842295.0,2836,Health Care
MB,MasterBeef Group - Ordinary Shares,NASDAQ,N,2027265.0,5812,Consumer Discretionary
MBAI,MBody AI Ltd. - Ordinary Share,NASDAQ,N,1610590.0,3844,Health Care
MBBC,"Marathon Bancorp, Inc. - Common Stock",NASDAQ,N,1835385.0,6036,Financials
MBC,"MasterBrand, Inc. Common Stock",NYSE,,1941365.0,2511,Industrials
MBGL,Mobility Global Inc. Common Stock,NYSE,,2090312.0,7389,Industrials
MBI,MBIA Inc. Common Stock,NYSE,,814585.0,6351,Insurance
MBIN,Merchants Bancorp - Common Stock,NASDAQ,N,1629019.0,6022,Financials
MBIO,"Mustang Bio, Inc. - Common Stock",NASDAQ,D,1680048.0,2834,Health Care
MBLY,Mobileye Global Inc. - Class A Common Stock,NASDAQ,N,1910139.0,7372,Technology
MBOT,Microbot Medical Inc.  - Common Stock,NASDAQ,N,883975.0,3841,Health Care
MBRX,"Moleculin Biotech, Inc. - Common Stock",NASDAQ,N,1659617.0,2834,Health Care
MBUU,"Malibu Boats, Inc. - Common Stock",NASDAQ,N,1590976.0,3730,Industrials
MBVI,M3-Brigade Acquisition VI Corp. - Class A Ordinary Shares,NASDAQ,N,2073928.0,6770,Financials
MBWM,Mercantile Bank Corporation - Common Stock,NASDAQ,N,1042729.0,6022,Financials
MBX,"MBX Biosciences, Inc. - Common Stock",NASDAQ,N,1776111.0,2834,Health Care
MC,Moelis & Company Class A Common Stock,NYSE,,1596967.0,6282,Financials
MCAH,Mountain Crest Acquisition 6 Corp. - Ordinary Shares,NASDAQ,N,2109876.0,6770,Financials
MCB,Metropolitan Bank Holding Corp. Common Stock,NYSE,,1476034.0,6022,Financials
MCBS,"MetroCity Bankshares, Inc. - Common Stock",NASDAQ,N,1747068.0,6022,Financials
MCD,McDonald's Corporation Common Stock,NYSE,,63908.0,5812,Consumer Discretionary
MCFT,"MasterCraft Boat Holdings, Inc. - Common Stock",NASDAQ,N,1638290.0,3730,Industrials
MCGA,Yorkville Acquisition Corp. - Class A Ordinary Share,NASDAQ,N,2064658.0,6199,
MCHB,Mechanics Bancorp - Class A Common Stock,NASDAQ,N,1518715.0,6022,Financials
MCHP,Microchip Technology Incorporated - Common Stock,NASDAQ,N,827054.0,3674,Technology
MCHX,"Marchex, Inc. - Class B Common Stock",NASDAQ,N,1224133.0,7372,Technology
MCI,Barings Corporate Investors Common Stock,NYSE,,275694.0,,
MCK,McKesson Corporation Common Stock,NYSE,,927653.0,5122,Industrials
MCN,XAI Madison Equity Premium Income Fund Common Shares,NYSE,,1289868.0,,
MCO,Moody's Corporation Common Stock,NYSE,,1059556.0,7320,Industrials
MCRB,"Seres Therapeutics, Inc. - Common Stock",NASDAQ,N,1609809.0,2834,Health Care
MCRI,"Monarch Casino & Resort, Inc. - Common Stock",NASDAQ,N,907242.0,7011,Consumer Discretionary
MCRP,Micropolis AI Robotics Ordinary Shares,AMEX,,1993431.0,3714,Industrials
MCS,Marcus Corporation (The) Common Stock,NYSE,,62234.0,7830,Communication
MCTA,Charming Medical Limited - Class A Ordinary Shares,NASDAQ,N,2035992.0,8090,Health Care
MCY,Mercury General Corporation Common Stock,NYSE,,64996.0,6331,Insurance
MD,"Pediatrix Medical Group, Inc. Common Stock",NYSE,,893949.0,8060,Health Care
MDA,MDA Space Ltd. Common Shares,NYSE,,1857047.0,3760,Industrials
MDAI,"Spectral AI, Inc. - Class A Common Stock",NASDAQ,N,1833498.0,3841,Health Care
MDB,"MongoDB, Inc. - Class A Common Stock",NASDAQ,N,1441816.0,7372,Technology
MDBH,"MDB Capital Holdings, LLC - Class A common",NASDAQ,N,1934642.0,6199,
MDCX,Medicus Pharma Ltd. - Common Stock,NASDAQ,D,1997296.0,2834,Health Care
MDGL,"Madrigal Pharmaceuticals, Inc. - Common Stock",NASDAQ,N,1157601.0,2834,Health Care
MDIA,Mediaco Holding Inc. - Class A Common Stock,NASDAQ,N,1784254.0,4832,Communication
MDLN,Medline Inc. - Class A common stock,NASDAQ,N,2046386.0,3841,Health Care
MDLZ,"Mondelez International, Inc. - Class A Common Stock",NASDAQ,N,1103982.0,2000,Consumer Staples
MDRR,"Medalist Diversified, Inc. - Common Stock",NASDAQ,N,1654595.0,6798,Real Estate
MDT,Medtronic plc. Ordinary Shares,NYSE,,1613103.0,3845,Health Care
MDU,"MDU Resources Group, Inc. Common Stock (Holding Company)",NYSE,,67716.0,1400,Materials
MDWD,MediWound Ltd. - Ordinary Shares,NASDAQ,N,1593984.0,2833,Health Care
MDXG,"MiMedx Group, Inc - Common Stock",NASDAQ,N,1376339.0,3841,Health Care
MDXH,MDxHealth SA - Ordinary Shares,NASDAQ,D,1872529.0,8071,Health Care
MEC,"Mayville Engineering Company, Inc. Common Stock",NYSE,,1766368.0,3460,Industrials
MED,MEDIFAST INC Common Stock,NYSE,,910329.0,2090,Consumer Staples
MEDP,"Medpace Holdings, Inc. - Common Stock",NASDAQ,N,1668397.0,8731,Health Care
MEDS,"DataMeds AI, Inc. - Common Stock",NASDAQ,D,2030763.0,5122,Industrials
MEGI,NYLIM CBRE Global Infrastructure Megatrends Term Fund Common Shares,NYSE,,1855066.0,,
MEGL,Magic Empire Global Limited - Class A Ordinary Shares,NASDAQ,N,1881472.0,6199,
MEI,"Methode Electronics, Inc. Common Stock",NYSE,,65270.0,3678,Industrials
MELI,"MercadoLibre, Inc. - Common Stock",NASDAQ,N,1099590.0,7389,Industrials
MENS,Jyong Biotech Ltd. - Ordinary shares,NASDAQ,N,1954488.0,2834,Health Care
MEOH,Methanex Corporation - Common Stock,NASDAQ,N,886977.0,2860,Materials
MERC,Mercer International Inc. - Common Stock,NASDAQ,D,1333274.0,2611,Materials
MESH,Meshflow Acquisition Corp. - Class A Ordinary Shares,NASDAQ,N,2081468.0,6770,Financials
MESO,Mesoblast Limited - American Depositary Shares,NASDAQ,N,1345099.0,2836,Health Care
MET,"MetLife, Inc. Common Stock",NYSE,,1099219.0,6311,Insurance
META,"Meta Platforms, Inc. - Class A Common Stock",NASDAQ,N,1326801.0,7370,Technology
METC,"Ramaco Resources, Inc. - Class A Common Stock",NASDAQ,N,1687187.0,1220,Energy
METCB,"Ramaco Resources, Inc. - Class B Common Stock",NASDAQ,N,1687187.0,1220,Energy
MEVO,M Evo Global Acquisition Corp II - Class A Ordinary Shares,NASDAQ,N,2087361.0,6770,Financials
MF,MindForge Inc. - Class A Ordinary Shares,NASDAQ,N,1888525.0,7370,Technology
MFA,"MFA Financial, Inc.",NYSE,,1055160.0,6798,Real Estate
MFC,Manulife Financial Corporation Common Stock,NYSE,,1086888.0,6311,Insurance
MFG,"Mizuho Financial Group, Inc. Sponosred ADR (Japan)",NYSE,,1335730.0,6021,Financials
MFI,mF International Limited - Class A Ordinary Shares,NASDAQ,N,1940941.0,7371,Technology
MFIC,MidCap Financial Investment Corporation - Closed End Fund,NASDAQ,N,1278752.0,,
MFIN,Medallion Financial Corp. - Common Stock,NASDAQ,N,1000209.0,6199,
MFM,Aberdeen Municipal Income Fund Common Shares of Beneficial Interest,NYSE,,801961.0,,
MFP,"Midera Food Processing, Inc. - Common Stock",NASDAQ,N,2088281.0,3580,Industrials
MG,Mistras Group Inc Common Stock,NYSE,,1436126.0,8711,Industrials
MGA,"Magna International, Inc. Common Stock",NYSE,,749098.0,3714,Industrials
MGEE,MGE Energy Inc. - Common Stock,NASDAQ,N,1161728.0,4900,Utilities
MGF,Aberdeen Government Markets Income Fund Common Shares of Beneficial Interest,NYSE,,811922.0,,
MGIH,Millennium Group International Holdings Limited - Ordinary Shares,NASDAQ,N,1903995.0,2750,Communication
MGLD,"The Marygold Companies, Inc. Common Stock",AMEX,,1005101.0,6199,
MGM,MGM Resorts International Common Stock,NYSE,,789570.0,7011,Consumer Discretionary
MGN,Megan Holdings Limited - Class A Ordinary Shares,NASDAQ,D,1995075.0,200,Consumer Staples
MGNI,"Magnite, Inc. - Common Stock",NASDAQ,N,1595974.0,7370,Technology
MGNX,"MacroGenics, Inc. - Common Stock",NASDAQ,N,1125345.0,2834,Health Care
MGPI,"MGP Ingredients, Inc. - Common Stock",NASDAQ,N,835011.0,5180,Industrials
MGRC,McGrath RentCorp - Common Stock,NASDAQ,N,752714.0,7359,Industrials
MGRT,Mega Fortune Company Limited - Ordinary Shares,NASDAQ,N,2033377.0,7371,Technology
MGRX,"Mangoceuticals, Inc. - Common Stock",NASDAQ,D,1938046.0,8090,Health Care
MGTX,MeiraGTx Holdings plc - Ordinary Shares,NASDAQ,N,1735438.0,2836,Health Care
MGX,"Metagenomi Therapeutics, Inc. - Common Stock",NASDAQ,N,1785279.0,2836,Health Care
MGY,Magnolia Oil & Gas Corporation Class A Common Stock,NYSE,,1698990.0,1311,Energy
MGYR,"Magyar Bancorp, Inc. - Common Stock",NASDAQ,N,1337068.0,6035,Financials
MH,"McGraw Hill, Inc. Common Stock",NYSE,,1951070.0,2741,Communication
MHD,"Blackrock MuniHoldings Fund, Inc. Common Stock",NYSE,,1034665.0,,
MHF,"Western Asset Municipal High Income Fund, Inc. Common Stock",NYSE,,830487.0,0,
MHH,"Mastech Digital, Inc Common Stock",AMEX,,1437226.0,8742,Industrials
MHK,"Mohawk Industries, Inc. Common Stock",NYSE,,851968.0,2273,Consumer Discretionary
MHO,"M/I Homes, Inc. Common Stock",NYSE,,799292.0,1531,Industrials
MI,NFT Limited Class A Ordinary Share,AMEX,,1958713.0,6199,
MIAC,Meridian3 Industrials Acquisition Corp - Class A Ordinary Shares,NASDAQ,N,2136530.0,6770,Financials
MIAX,"Miami International Holdings, Inc. Common Stock",NYSE,,1438472.0,6211,Financials
MICC,The Magnum Ice Cream Company N.V. Ordinary Shares,NYSE,,2071668.0,2024,Consumer Staples
MIDD,The Middleby Corporation - Common Stock,NASDAQ,N,769520.0,3580,Industrials
MIMI,Mint Incorporation Limited - Class A Ordinary Shares,NASDAQ,N,1998560.0,7389,Industrials
MIN,Aberdeen Intermediate Income Fund Common Shares of Beneficial Interest,NYSE,,826735.0,,
MIND,"MIND Technology, Inc. - Common Stock",NASDAQ,N,926423.0,3812,Industrials
MINE,Mayfair Gold Corp. Common Shares,AMEX,,1823255.0,1000,Materials
MIR,"Mirion Technologies, Inc. Class A Common Stock",NYSE,,1809987.0,3829,Industrials
MIRA,"MIRA Pharmaceuticals, Inc. - Common Stock",NASDAQ,D,1904286.0,2834,Health Care
MIRM,"Mirum Pharmaceuticals, Inc. - common stock",NASDAQ,N,1759425.0,2834,Health Care
MIST,Milestone Pharmaceuticals Inc. - Common Shares,NASDAQ,N,1408443.0,2834,Health Care
MITK,"Mitek Systems, Inc. - Common Stock",NASDAQ,N,807863.0,3577,Technology
MITQ,"Moving iMage Technologies, Inc. Common Stock",AMEX,,1770236.0,3861,Industrials
MITT,"TPG Mortgage Investment Trust, Inc. Common Stock",NYSE,,1514281.0,6798,Real Estate
MIY,"Blackrock MuniYield Michigan Quality Fund, Inc. Common Stock",NYSE,,890393.0,0,
MKC,"McCormick & Company, Incorporated Common Stock",NYSE,,63754.0,2090,Consumer Staples
MKDW,MKDWELL Tech Inc. - Ordinary Shares,NASDAQ,N,1991332.0,3600,Industrials
MKL,Markel Group Inc. Common Stock,NYSE,,1096343.0,6331,Insurance
MKLY,McKinley Acquisition Corporation - Class A Ordinary Shares,NASDAQ,N,2067592.0,6770,Financials
MKSI,MKS Inc. - Common Stock,NASDAQ,N,1049502.0,3823,Industrials
MKTW,"MarketWise, Inc. - Class A Common Stock",NASDAQ,N,1805651.0,7372,Technology
MKTX,"MarketAxess Holdings, Inc. - Common Stock",NASDAQ,N,1278021.0,6211,Financials
MKZR,"MacKenzie Realty Capital, Inc. - Common Stock",NASDAQ,N,1550913.0,6798,Real Estate
MLAA,Mountain Lake Acquisition Corp. II - Class A Ordinary Shares,NASDAQ,N,2094265.0,6770,Financials
MLAB,"Mesa Laboratories, Inc. - Common Stock",NASDAQ,N,724004.0,3823,Industrials
MLCI,Mount Logan Capital Inc. - Common Stock,NASDAQ,N,2051820.0,6282,Financials
MLCO,Melco Resorts & Entertainment Limited - American Depositary Shares,NASDAQ,N,1381640.0,7011,Consumer Discretionary
MLEC,Moolec Science SA - Ordinary Shares,NASDAQ,N,1937737.0,2200,Consumer Discretionary
MLGO,"MicroAlgo, Inc. - Ordinary Shares",NASDAQ,N,1800392.0,7371,Technology
MLI,"Mueller Industries, Inc. Common Stock",NYSE,,89439.0,3350,Materials
MLKN,"MillerKnoll, Inc. - Common Stock",NASDAQ,N,66382.0,2520,Industrials
MLM,"Martin Marietta Materials, Inc. Common Stock",NYSE,,916076.0,1400,Materials
MLP,"Maui Land & Pineapple Company, Inc. Common Stock",NYSE,,63330.0,6500,Real Estate
MLR,"Miller Industries, Inc. Common Stock",NYSE,,924822.0,3713,Industrials
MLSS,"Milestone Scientific, Inc. Common Stock",AMEX,,855683.0,3842,Health Care
MLTX,MoonLake Immunotherapeutics - Class A Ordinary Shares,NASDAQ,N,1821586.0,2834,Health Care
MLYS,"Mineralys Therapeutics, Inc. - Common Stock",NASDAQ,N,1933414.0,2834,Health Care
MMA,Mixed Martial Arts Group Limited Ordinary Shares,AMEX,,1981519.0,7380,Industrials
MMD,NYLIM MacKay DefinedTerm Muni Opportunities Fund Common Shares,NYSE,,1518557.0,,
MMED,"MiniMed Group, Inc. - Common Stock",NASDAQ,N,2062583.0,3841,Health Care
MMI,"Marcus & Millichap, Inc. Common Stock",NYSE,,1578732.0,6531,Real Estate
MMLP,Martin Midstream Partners L.P. - Common Units Representing Limited Partnership Interests,NASDAQ,N,1176334.0,5171,Industrials
MMM,3M Company Common Stock,NYSE,,66740.0,3841,Health Care
MMS,"Maximus, Inc. Common Stock",NYSE,,1032220.0,7389,Industrials
MMSI,"Merit Medical Systems, Inc. - Common Stock",NASDAQ,N,856982.0,3841,Health Care
MMT,Aberdeen Multi-Market Income Fund Common Shares of Beneficial Interest,NYSE,,809173.0,,
MMTX,Miluna Acquisition Corp - Class A Ordinary Shares,NASDAQ,N,2077033.0,6770,Financials
MMU,"Western Asset Managed Municipals Fund, Inc. Common Stock",NYSE,,886043.0,,
MMYT,MakeMyTrip Limited - Ordinary Shares,NASDAQ,N,1495153.0,4700,Transport
MNDO,MIND C.T.I. Ltd. - Ordinary Shares,NASDAQ,D,1119083.0,7371,Technology
MNDR,Mobile-health Network Solutions - Class A Ordinary Shares,NASDAQ,N,1976695.0,7372,Technology
MNDY,monday.com Ltd. - Ordinary Shares,NASDAQ,N,1845338.0,7372,Technology
MNKD,MannKind Corporation - Common Stock,NASDAQ,N,899460.0,2834,Health Care
MNOV,"MediciNova, Inc. - Common Stock",NASDAQ,N,1226616.0,2834,Health Care
MNPR,Monopar Therapeutics Inc. - Common Stock,NASDAQ,N,1645469.0,2834,Health Care
MNR,Mach Natural Resources LP Common Units representing Limited Partner Interests,NYSE,,1980088.0,1311,Energy
MNRO,"Monro, Inc.  - Common Stock",NASDAQ,N,876427.0,7500,Consumer Discretionary
MNSB,"MainStreet Bancshares, Inc. - Common Stock",NASDAQ,N,1693577.0,6022,Financials
MNSBP,"MainStreet Bancshares, Inc. - Depositary Shares",NASDAQ,N,1693577.0,6022,Financials
MNSO,"MINISO Group Holding Limited American Depositary Shares, each representing four Ordinary Shares",NYSE,,1815846.0,5331,Consumer Discretionary
MNST,Monster Beverage Corporation - Common Stock,NASDAQ,N,865752.0,2086,Consumer Staples
MNTK,"Montauk Renewables, Inc. - Common Stock",NASDAQ,N,1826600.0,4932,Utilities
MNTN,"MNTN, Inc. Class A Common Stock",NYSE,,1891027.0,7310,Industrials
MNTS,Momentus Inc. - Class A Common Stock,NASDAQ,N,1781162.0,3760,Industrials
MNY,MoneyHero Limited - Class A Ordinary Shares,NASDAQ,D,1974044.0,7389,Industrials
MO,"Altria Group, Inc.",NYSE,,764180.0,2111,Consumer Staples
MOB,Mobilicom Limited - Ordinary Shares,NASDAQ,N,1898643.0,3721,Industrials
MOBI,"Mobia Medical, Inc. - Common Stock",NASDAQ,N,1489993.0,3841,Health Care
MOBX,"Mobix Labs, Inc. - Class A Common Stock",NASDAQ,N,1855467.0,3674,Technology
MOD,Modine Manufacturing Company Common Stock,NYSE,,67347.0,3714,Industrials
MODD,"Modular Medical, Inc. - common stock",NASDAQ,N,1074871.0,3841,Health Care
MOGU,MOGU Inc. American Depositary Shares (each  representing 25 Class A Ordinary Shares),NYSE,,1743971.0,7389,Industrials
MOH,Molina Healthcare Inc Common Stock,NYSE,,1179929.0,6324,Insurance
MOLN,Molecular Partners AG - American Depositary Shares,NASDAQ,N,1745114.0,2836,Health Care
MOMO,Hello Group Inc.  - American Depositary Shares,NASDAQ,N,1610601.0,7372,Technology
MORN,"Morningstar, Inc. - Common Stock",NASDAQ,N,1289419.0,6282,Financials
MOS,Mosaic Company (The) Common Stock,NYSE,,1285785.0,2870,Materials
MOV,Movado Group Inc. Common Stock,NYSE,,72573.0,3873,Industrials
MOVE,"Corvex, Inc. - Common Stock",NASDAQ,N,1734750.0,7374,Technology
MP,MP Materials Corp. Common Stock,NYSE,,1801368.0,1000,Materials
MPA,Blackrock MuniYield Pennsylvania Quality Fund Common Stock,NYSE,,891038.0,0,
MPAA,"Motorcar Parts of America, Inc. - Common Stock",NASDAQ,N,918251.0,3714,Industrials
MPB,Mid Penn Bancorp - Common Stock,NASDAQ,N,879635.0,6022,Financials
MPC,Marathon Petroleum Corporation Common Stock,NYSE,,1510295.0,2911,Energy
MPLT,"MapLight Therapeutics, Inc. - Common Stock",NASDAQ,N,1770069.0,2834,Health Care
MPLX,MPLX LP Common Units Representing Limited Partner Interests,NYSE,,1552000.0,4610,Energy
MPT,"Medical Properties Trust, Inc. common stock",NYSE,,1287865.0,6798,Real Estate
MPTI,"M-tron Industries, Inc. Common Stock",AMEX,,1902314.0,3679,Industrials
MPU,Mega Matrix Inc. Class A Ordinary Shares,AMEX,,1953021.0,7812,Communication
MPV,Barings Participation Investors Common Stock,NYSE,,831655.0,,
MPWR,"Monolithic Power Systems, Inc. - Common Stock",NASDAQ,N,1280452.0,3674,Technology
MQ,"Marqeta, Inc. - Class A Common Stock",NASDAQ,N,1522540.0,7372,Technology
MQY,"Blackrock MuniYield Quality Fund, Inc. Common Stock",NYSE,,890196.0,0,
MRAM,"Everspin Technologies, Inc. - Common Stock",NASDAQ,N,1438423.0,3674,Technology
MRBK,Meridian Corporation - Common Stock,NASDAQ,N,1750735.0,6021,Financials
MRCO,Mercator Acquisition Corp. - Class A Ordinary Shares,NASDAQ,N,2106436.0,6770,Financials
MRCY,Mercury Systems Inc - Common Stock,NASDAQ,N,1049521.0,3670,Industrials
MRDN,Meridian Holdings Inc. - Common Stock,NASDAQ,N,1437925.0,7372,Technology
MREO,Mereo BioPharma Group plc - American Depositary Shares,NASDAQ,D,1719714.0,2834,Health Care
MRK,"Merck & Company, Inc. Common Stock (new)",NYSE,,310158.0,2834,Health Care
MRKR,"Marker Therapeutics, Inc. - Common Stock",NASDAQ,N,1094038.0,2834,Health Care
MRLN,"Merlin, Inc. - Common Stock",NASDAQ,N,2028707.0,7373,Technology
MRM,MEDIROM Healthcare Technologies Inc. - American Depositary Share,NASDAQ,E,1819704.0,7200,Consumer Discretionary
MRNA,"Moderna, Inc. - Common Stock",NASDAQ,N,1682852.0,2836,Health Care
MRNO,Murano Global Investments PLC - Ordinary Shares,NASDAQ,D,1988776.0,7011,Consumer Discretionary
MRP,"Millrose Properties, Inc. Class A Common Stock",NYSE,,2017206.0,6500,Real Estate
MRSH,Marsh Common Stock,NYSE,,62709.0,6411,Insurance
MRT,"Marti Technologies, Inc. Class A Ordinary Shares",AMEX,,1852767.0,7510,Consumer Discretionary
MRTN,"Marten Transport, Ltd. - Common Stock",NASDAQ,N,799167.0,4213,Transport
MRVI,"Maravai LifeSciences Holdings, Inc. - Class A common stock",NASDAQ,N,1823239.0,2834,Health Care
MRVL,"Marvell Technology, Inc. - Common Stock",NASDAQ,N,1835632.0,3674,Technology
MRX,Marex Group Limited - Ordinary Shares,NASDAQ,N,1997464.0,6200,Financials
MS,Morgan Stanley Common Stock,NYSE,,895421.0,6211,Financials
MSA,MSA Safety Incorporated Common Stock,NYSE,,66570.0,3842,Health Care
MSAI,"MultiSensor AI Holdings, Inc. - Common Stock",NASDAQ,N,1863990.0,3827,Technology
MSB,Mesabi Trust Common Stock,NYSE,,65172.0,6795,Financials
MSBI,"Midland States Bancorp, Inc. - Common Stock",NASDAQ,N,1466026.0,6022,Financials
MSC,"Studio City International Holdings Limited American depositary shares, each representing four  Class A ordinary shares",NYSE,,1713334.0,7011,Consumer Discretionary
MSCI,MSCI Inc. Common Stock,NYSE,,1408198.0,7389,Industrials
MSD,"Morgan Stanley Emerging Markets Debt Fund, Inc. Common Stock",NYSE,,904112.0,,
MSDL,Morgan Stanley Direct Lending Fund Common Stock,NYSE,,1782524.0,,
MSEX,Middlesex Water Company - Common Stock,NASDAQ,N,66004.0,4941,Utilities
MSFT,Microsoft Corporation - Common Stock,NASDAQ,N,789019.0,7372,Technology
MSGE,Madison Square Garden Entertainment Corp. Class A Common Stock,NYSE,,1952073.0,7990,Communication
MSGM,Motorsport Games Inc. - Class A Common Stock,NASDAQ,N,1821175.0,7372,Technology
MSGS,Madison Square Garden Sports Corp. Class A Common Stock (New),NYSE,,1636519.0,7990,Communication
MSGY,Masonglory Limited - Class A Ordinary Shares,NASDAQ,N,2020228.0,1700,Industrials
MSI,"Motorola Solutions, Inc. Common Stock",NYSE,,68505.0,3663,Technology
MSIF,"MSC Income Fund, Inc. Common Stock",NYSE,,1535778.0,,
MSLE,Satellos Bioscience Inc. - Common Stock,NASDAQ,N,1421642.0,2834,Health Care
MSM,"MSC Industrial Direct Company, Inc. Common Stock",NYSE,,1003078.0,5084,Industrials
MSN,Emerson Radio Corporation Common Stock,AMEX,,32621.0,3651,Industrials
MSS,Maison Solutions Inc. - Class A Common Stock,NASDAQ,E,1892292.0,5411,Consumer Staples
MSTR,Strategy Inc - Class A Common Stock,NASDAQ,N,1050446.0,6199,
MT,Arcelor Mittal NY Registry Shares NEW,NYSE,,1243429.0,3312,Materials
MTA,Metalla Royalty & Streaming Ltd. Common Shares,AMEX,,1722606.0,1040,Materials
MTAK,Market Technology Acquisition Corp - Class A Ordinary Shares,NASDAQ,N,2133136.0,6770,Financials
MTAL,Metals Acquisition Corp. II Class A Ordinary Shares,NYSE,,2107724.0,6770,Financials
MTB,M&T Bank Corporation Common Stock,NYSE,,36270.0,6022,Financials
MTC,"MMTec, Inc. - Common Shares",NASDAQ,N,1742518.0,7372,Technology
MTCH,"Match Group, Inc. - Common Stock",NASDAQ,N,891103.0,7370,Technology
MTD,"Mettler-Toledo International, Inc. Common Stock",NYSE,,1037646.0,3826,Health Care
MTDR,Matador Resources Company Common Stock,NYSE,,1520006.0,1311,Energy
MTEK,Maris-Tech Ltd. - ordinary shares,NASDAQ,N,1872964.0,3669,Technology
MTEN,Mingteng International Corporation Inc. - Class A Ordinary Shares,NASDAQ,N,1948099.0,3442,Industrials
MTEX,"Mannatech, Incorporated - Common Stock",NASDAQ,D,1056358.0,2833,Health Care
MTG,MGIC Investment Corporation Common Stock,NYSE,,876437.0,6351,Insurance
MTH,Meritage Homes Corporation Common Stock,NYSE,,833079.0,1531,Industrials
MTLS,Materialise NV - American Depositary Shares,NASDAQ,N,1091223.0,7372,Technology
MTN,"Vail Resorts, Inc. Common Stock",NYSE,,812011.0,7990,Communication
MTNB,"Matinas Biopharma Holdings, Inc. Common Stock",AMEX,,1582554.0,2834,Health Care
MTNE,CH4 Natural Solutions Corporation Class A Ordinary Shares,NYSE,,2044817.0,6770,Financials
MTR,Mesa Royalty Trust Common Stock,NYSE,,313364.0,6792,Financials
MTRN,Materion Corporation,NYSE,,1104657.0,3460,Industrials
MTRX,Matrix Service Company - Common Stock,NASDAQ,N,866273.0,1700,Industrials
MTSI,"MACOM Technology Solutions Holdings, Inc. - Common Stock",NASDAQ,N,1493594.0,3674,Technology
MTUS,Metallus Inc. Common Shares,NYSE,,1598428.0,3312,Materials
MTVA,MetaVia Inc.  - Common Stock,NASDAQ,N,1638287.0,2834,Health Care
MTW,"Manitowoc Company, Inc. (The) Common Stock",NYSE,,61986.0,3531,Industrials
MTX,Minerals Technologies Inc. Common Stock,NYSE,,891014.0,2810,Materials
MTZ,"MasTec, Inc. Common Stock",NYSE,,15615.0,1623,Industrials
MU,"Micron Technology, Inc. - Common Stock",NASDAQ,N,723125.0,3674,Technology
MUA,"Blackrock MuniAssets Fund, Inc Common Stock",NYSE,,901243.0,0,
MUC,"Blackrock MuniHoldings California Quality Fund, Inc.  Common Stock",NYSE,,1051004.0,,
MUFG,"Mitsubishi UFJ Financial Group, Inc. Common Stock",NYSE,,67088.0,6029,Financials
MUJ,"Blackrock MuniHoldings New Jersey Quality Fund, Inc. Common Stock",NYSE,,1053988.0,,
MUR,Murphy Oil Corporation Common Stock,NYSE,,717423.0,1311,Energy
MUSA,Murphy USA Inc. Common Stock,NYSE,,1573516.0,5500,Consumer Discretionary
MUX,McEwen Inc. Common Stock,NYSE,,314203.0,1040,Materials
MUZE,Muzero Acquisition Corp - Class A Ordinary Shares,NASDAQ,N,2093484.0,6770,Financials
MVBF,MVB Financial Corp. - Common Stock,NASDAQ,N,1277902.0,6022,Financials
MVIS,"MicroVision, Inc. - Common Stock",NASDAQ,N,65770.0,3679,Industrials
MVST,"Microvast Holdings, Inc. - Common Stock",NASDAQ,D,1760689.0,3690,Industrials
MWA,MUELLER WATER PRODUCTS Common Stock,NYSE,,1350593.0,3490,Industrials
MWC,"Micware Co., Ltd. - American Depositary Shares",NASDAQ,N,2083526.0,7371,Technology
MWG,Multi Ways Holdings Limited Class A Ordinary Shares,AMEX,,1941500.0,3990,Consumer Discretionary
MWH,"SOLV Energy, Inc. - Class A common stock",NASDAQ,N,2065636.0,1600,Industrials
MWYN,"Marwynn Holdings, Inc. - Common stock",NASDAQ,N,2030522.0,5141,Industrials
MX,Magnachip Semiconductor Corporation Common Stock,NYSE,,1325702.0,3674,Technology
MXC,Mexco Energy Corporation Common Stock,AMEX,,66418.0,1311,Energy
MXCT,"MaxCyte, Inc. - Common Stock",NASDAQ,N,1287098.0,8731,Health Care
MXE,"Mexico Equity and Income Fund, Inc. (The) Common Stock",NYSE,,863900.0,,
MXF,"Mexico Fund, Inc. (The) Common Stock",NYSE,,65433.0,,
MXL,"MaxLinear, Inc - Common Stock",NASDAQ,N,1288469.0,3674,Technology
MYE,"Myers Industries, Inc. Common Stock",NYSE,,69488.0,3089,Materials
MYFW,"First Western Financial, Inc. - Common Stock",NASDAQ,N,1327607.0,6022,Financials
MYGN,"Myriad Genetics, Inc. - Common Stock",NASDAQ,N,899923.0,2835,Health Care
MYI,"Blackrock MuniYield Quality Fund III, Inc Common Stock",NYSE,,883412.0,0,
MYN,"Blackrock MuniYield New York Quality Fund, Inc.Common Stock",NYSE,,882150.0,0,
MYND,"Mynd.ai, Inc. American Depositary Shares",AMEX,,1708441.0,3577,Technology
MYO,Myomo Inc. Common Stock,AMEX,,1369290.0,3842,Health Care
MYPS,"PLAYSTUDIOS, Inc.  - Class A Common Stock",NASDAQ,D,1823878.0,7372,Technology
MYRG,"MYR Group, Inc. - Common Stock",NASDAQ,N,700923.0,1623,Industrials
MYSE,"Myseum.AI, Inc. - Common Stock",NASDAQ,N,1648960.0,4822,Communication
MYSZ,"My Size, Inc. - Common Stock",NASDAQ,D,1211805.0,7372,Technology
MYX,Maywood Acquisition Corp. 2 - Class A Ordinary Share,NASDAQ,N,2080087.0,6770,Financials
MZTI,The Marzetti Company - Common Stock,NASDAQ,N,57515.0,2030,Consumer Staples
MZYX,MOZAYYX Acquisition Corp. Class A Ordinary Shares,NYSE,,2097376.0,6770,Financials
,Nano Labs Ltd - Class A Ordinary Shares,NASDAQ,N,,,
NAAS,NaaS Technology Inc. - American Depositary Shares,NASDAQ,N,1712178.0,5990,Consumer Discretionary
NABL,"N-able, Inc. Common Stock",NYSE,,1834488.0,7372,Technology
NAC,Nuveen California Quality Municipal Income Fund,NYSE,,1074952.0,,
NAD,Nuveen Quality Municipal Income Fund Common Stock,NYSE,,1083839.0,,
NAGE,"Niagen Bioscience, Inc. - Common Stock",NASDAQ,N,1386570.0,2833,Health Care
NAII,"Natural Alternatives International, Inc. - Common Stock",NASDAQ,N,787253.0,2833,Health Care
NAK,"Northern Dynasty Minerals, Ltd. Common Stock",AMEX,,1164771.0,1040,Materials
NAKA,Nakamoto Inc. - Common Stock,NASDAQ,N,1946573.0,6199,
NAMI,Jinxin Technology Holding Company - American Depositary Shares,NASDAQ,N,1967631.0,8200,Consumer Discretionary
NAMM,Namib Minerals - Ordinary Shares,NASDAQ,N,2026514.0,1040,Materials
NAMS,NewAmsterdam Pharma Company N.V. - Ordinary Shares,NASDAQ,N,1936258.0,2834,Health Care
NAN,Nuveen New York Quality Municipal Income Fund Common Stock,NYSE,,1074769.0,,
NAT,Nordic American Tankers Limited Common Stock,NYSE,,1000177.0,4400,Transport
NATH,"Nathan's Famous, Inc. - Common Stock",NASDAQ,N,69733.0,5812,Consumer Discretionary
NATL,NCR Atleos Corporation Common Stock,NYSE,,1974138.0,3578,Technology
NATR,"Nature's Sunshine Products, Inc. - Common Stock",NASDAQ,N,275053.0,2834,Health Care
NAUT,"Nautilus Biotechnology, Inc. - Common Stock",NASDAQ,N,1808805.0,3826,Health Care
NAVI,Navient Corporation - Common Stock,NASDAQ,N,1593538.0,6211,Financials
NAVN,"Navan, Inc. - Class A Common Stock",NASDAQ,N,1639723.0,7372,Technology
NAZ,Nuveen Arizona Quality Municipal Income Fund Common Stock,NYSE,,892992.0,,
NB,NioCorp Developments Ltd. - Common Stock,NASDAQ,N,1512228.0,1000,Materials
NBB,Nuveen Taxable Municipal Income Fund Common Shares of Beneficial Interest,NYSE,,1478888.0,,
NBBK,"NB Bancorp, Inc. - Common Stock",NASDAQ,N,1979330.0,6036,Financials
NBH,Neuberger Municipal Fund Inc. Common Stock,AMEX,,1178839.0,,
NBHC,National Bank Holdings Corporation Common Stock,NYSE,,1475841.0,6021,Financials
NBIS,Nebius Group N.V. - Class A Ordinary Shares,NASDAQ,N,1513845.0,7370,Technology
NBIX,"Neurocrine Biosciences, Inc. - Common Stock",NASDAQ,N,914475.0,2836,Health Care
NBN,Northeast Bank - Common Stock,NASDAQ,N,,,
NBP,NovaBridge Biosciences - American Depositary Shares,NASDAQ,N,1778016.0,2834,Health Care
NBR,Nabors Industries Ltd.,NYSE,,1163739.0,1381,Energy
NBRG,Newbridge Acquisition Limited - Class A Ordinary Share,NASDAQ,N,1918414.0,6770,Financials
NBTB,NBT Bancorp Inc. - Common Stock,NASDAQ,N,790359.0,6021,Financials
NBTX,Nanobiotix S.A. - ADSs,NASDAQ,N,1760854.0,2834,Health Care
NBXG,Neuberger Next Generation Connectivity Fund Inc. Common Stock,NYSE,,1843181.0,,
NC,"NACCO Industries, Inc. Common Stock",NYSE,,789933.0,1221,Energy
NCA,Nuveen California Municipal Value Fund,NYSE,,818851.0,,
NCDL,Nuveen Churchill Direct Lending Corp. Common Stock,NYSE,,1737924.0,,
NCEL,NewcelX Ltd. - Ordinary Shares,NASDAQ,N,1783036.0,2834,Health Care
NCEW,New Century Logistics (BVI) Limited - Ordinary Shares,NASDAQ,N,1968043.0,4731,Transport
NCI,Neo-Concept International Group Holdings Limited - Class A Ordinary Shares,NASDAQ,N,1916331.0,2300,Consumer Discretionary
NCLH,Norwegian Cruise Line Holdings Ltd. Ordinary Shares,NYSE,,1513761.0,4400,Transport
NCMI,"National CineMedia, Inc. - Common Stock",NASDAQ,N,1377630.0,7310,Industrials
NCNA,NuCana plc - American Depositary Shares,NASDAQ,N,1709626.0,2834,Health Care
NCNO,"nCino, Inc. - Common Stock",NASDAQ,N,1902733.0,7372,Technology
NCO,Southern Cross Acquisition I Corp. - Ordinary Shares,NASDAQ,N,2116230.0,6770,Financials
NCPL,Netcapital Inc. - Common Stock,NASDAQ,H,1414767.0,6199,
NCRA,"Nocera, Inc. - common stock",NASDAQ,N,1756180.0,200,Consumer Staples
NCT,Intercont (Cayman) Limited - Class A Ordinary shares,NASDAQ,N,2018529.0,4412,Transport
NCTY,The9 Limited - American Depository Shares,NASDAQ,N,1296774.0,6199,
NCV,Virtus Convertible & Income Fund Common Shares of Beneficial Interest,NYSE,,1214935.0,,
NCZ,Virtus Convertible & Income Fund II Common Shares of Beneficial Interest,NYSE,,1227857.0,,
NDAQ,"Nasdaq, Inc. - Common Stock",NASDAQ,N,1120193.0,6200,Financials
NDLS,Noodles & Company - Class A Common Stock,NASDAQ,N,1275158.0,5812,Consumer Discretionary
NDMO,Nuveen Dynamic Municipal Opportunities Fund Common Shares of Beneficial Interest,NYSE,,1793129.0,,
NDRA,ENDRA Life Sciences Inc. - Common Stock,NASDAQ,N,1681682.0,3845,Health Care
NDSN,Nordson Corporation - Common Stock,NASDAQ,N,72331.0,3569,Industrials
NE,Noble Corporation plc A Ordinary Shares,NYSE,,1895262.0,1381,Energy
NEA,Nuveen AMT-Free Quality Municipal Income Fund Common Shares of Beneficial Interest Par Value $.01,NYSE,,1195737.0,,
NECB,"NorthEast Community Bancorp, Inc. - Common Stock",NASDAQ,N,1847398.0,6036,Financials
NEE,"NextEra Energy, Inc. Common Stock",NYSE,,753308.0,4911,Utilities
NEGG,"Newegg Commerce, Inc. - Common Shares",NASDAQ,N,1474627.0,5990,Consumer Discretionary
NEM,Newmont Corporation,NYSE,,1164727.0,1040,Materials
NEN,New England Realty Associates Limited Partnership Class A Depositary Receipts Evidencing Units of Limited Partnership,AMEX,,746514.0,6513,Real Estate
NEO,"NeoGenomics, Inc. - Common Stock",NASDAQ,N,1077183.0,8734,Industrials
NEOG,Neogen Corporation - Common Stock,NASDAQ,N,711377.0,2835,Health Care
NEON,Neonode Inc. - Common Stock,NASDAQ,D,87050.0,3679,Industrials
NEOV,NeoVolta Inc. - Common Stock,NASDAQ,N,1748137.0,3690,Industrials
NEPH,"Nephros, Inc. - Common Stock",NASDAQ,N,1196298.0,3841,Health Care
NERV,"Minerva Neurosciences, Inc - Common Stock",NASDAQ,N,1598646.0,2834,Health Care
NESR,National Energy Services Reunited Corp - Ordinary Shares,NASDAQ,N,1698514.0,1389,Energy
NET,"Cloudflare, Inc. Class A Common Stock",NYSE,,1477333.0,7372,Technology
NEU,NewMarket Corp Common Stock,NYSE,,1282637.0,2860,Materials
NEUP,Neuphoria Therapeutics Inc. - Common Stock,NASDAQ,N,1191070.0,2834,Health Care
NEWP,New Pacific Metals Corp. Common Shares,AMEX,,1369085.0,1040,Materials
NEWT,"NewtekOne, Inc. - Common Stock",NASDAQ,N,1587987.0,6021,Financials
NEXA,Nexa Resources S.A. Common Shares,NYSE,,1713930.0,1000,Materials
NEXM,NexMetals Mining Corp. - Common Stock,NASDAQ,N,795800.0,1000,Materials
NEXN,Nexxen International Ltd. - Ordinary Shares,NASDAQ,N,1849396.0,7370,Technology
NEXR,Nexera Technologies Ltd - Ordinary Shares,NASDAQ,N,1885408.0,5900,Consumer Discretionary
NEXT,NextDecade Corporation - Common Stock,NASDAQ,N,1612720.0,4923,Utilities
NFE,New Fortress Energy Inc. - Class A Common Stock,NASDAQ,D,1749723.0,4924,Utilities
NFG,National Fuel Gas Company Common Stock,NYSE,,70145.0,4924,Utilities
NFGC,New Found Gold Corp Common Shares,AMEX,,1840616.0,1040,Materials
NFJ,"Virtus Dividend, Interest & Premium Strategy Fund Common Shares of Beneficial Interest",NYSE,,1260563.0,6163,Financials
NFLX,"Netflix, Inc. - Common Stock",NASDAQ,N,1065280.0,7841,Communication
NG,Novagold Resources Inc.,AMEX,,1173420.0,1040,Materials
NGEN,NervGen Pharma Corp. - Common stock,NASDAQ,N,1751912.0,2834,Health Care
NGG,"National Grid Transco, PLC National Grid PLC (NEW) American Depositary Shares",NYSE,,1004315.0,4922,Utilities
NGL,NGL ENERGY PARTNERS LP Common Units representing Limited Partner Interests,NYSE,,1504461.0,4922,Utilities
NGNE,Neurogene Inc. - Common Stock,NASDAQ,N,1404644.0,2834,Health Care
NGS,"Natural Gas Services Group, Inc. Common Stock",NYSE,,1084991.0,1389,Energy
NGVC,"Natural Grocers by Vitamin Cottage, Inc. Common Stock",NYSE,,1547459.0,5411,Consumer Staples
NGVT,Ingevity Corporation Common Stock,NYSE,,1653477.0,2800,Materials
NHC,National HealthCare Corporation Common Stock,AMEX,,1047335.0,8051,Health Care
NHI,"National Health Investors, Inc. Common Stock",NYSE,,877860.0,6798,Real Estate
NHIC,NewHold Investment Corp III - Class A Ordinary shares,NASDAQ,N,2043699.0,6770,Financials
NHIV,NewHold Investment Corp IV - Class A Ordinary Shares,NASDAQ,N,2099767.0,6770,Financials
NHP,"National Healthcare Properties, Inc. - Class A Common Stock",NASDAQ,N,1561032.0,6798,Real Estate
NHS,Neuberger High Yield Strategies Fund Inc. Common Stock,AMEX,,1487610.0,,
NHTC,Natural Health Trends Corp. - Common Stock,NASDAQ,N,912061.0,5190,Industrials
NI,NiSource Inc Common Stock,NYSE,,1111711.0,4931,Utilities
NIC,Nicolet Bankshares Inc. Common Stock,NYSE,,1174850.0,6021,Financials
NICE,NICE Ltd - American Depositary Shares each representing one Ordinary Share,NASDAQ,N,1003935.0,7372,Technology
NICM,Nicola Mining Inc. - American Depositary Shares,NASDAQ,N,1526475.0,1000,Materials
NIE,Virtus Equity & Convertible Income Fund Common Shares of Beneficial Interest,NYSE,,1383441.0,,
NIKI,"Niki BioSolutions, Inc. - Common Stock",NASDAQ,N,1734005.0,3829,Industrials
NIM,Nuveen Select Maturities Municipal Fund Common Stock,NYSE,,890119.0,,
NINE,"Nine Energy Service, Inc. Common Stock",AMEX,,1532286.0,1389,Energy
NIO,"NIO Inc. American depositary shares, each  representing one Class A ordinary share",NYSE,,1736541.0,3711,Industrials
NIPG,NIP Group Inc. - American Depositary Shares,NASDAQ,N,1966233.0,7990,Communication
NIQ,NIQ Global Intelligence plc Ordinary Shares,NYSE,,2054696.0,7370,Technology
NIU,Niu Technologies - American Depositary Shares,NASDAQ,N,1744781.0,3711,Industrials
NIVF,NewGenIvf Group Limited - Class A Ordinary Shares,NASDAQ,N,1981662.0,8090,Health Care
NIXX,"Nixxy, Inc. - Common Stock",NASDAQ,D,1462223.0,7371,Technology
NJR,NewJersey Resources Corporation Common Stock,NYSE,,356309.0,4924,Utilities
NKE,"Nike, Inc. Common Stock",NYSE,,320187.0,3021,Materials
NKLR,Terra Innovatum Global N.V. - Ordinary shares,NASDAQ,N,2067627.0,3443,Industrials
NKSH,"National Bankshares, Inc. - Common Stock",NASDAQ,N,796534.0,6021,Financials
NKTR,Nektar Therapeutics - Common Stock,NASDAQ,N,906709.0,2834,Health Care
NKTX,"Nkarta, Inc. - Common Stock",NASDAQ,N,1787400.0,2834,Health Care
NKX,Nuveen California AMT-Free Quality Municipal Income Fund,NYSE,,1195738.0,,
NL,"NLI Holdings, Inc. Common Stock",NYSE,,72162.0,2810,Materials
NLOP,Net Lease Office Properties Common Shares of Beneficial Interest,NYSE,,1952976.0,6798,Real Estate
NLY,Annaly Capital Management Inc. Common Stock,NYSE,,1043219.0,6798,Real Estate
NMAD,"Nomad Power Solutions, Inc. - Common Stock",NASDAQ,N,1335105.0,2834,Health Care
NMAI,Nuveen Multi-Asset Income Fund Common Shares of Beneficial Interest,NYSE,,1861115.0,,
NMAX,"Newsmax, Inc. Class B Common Stock",NYSE,,2026478.0,4833,Communication
NMCO,Nuveen Municipal Credit Opportunities Fund Common Shares,NYSE,,1774342.0,,
NMFC,New Mountain Finance Corporation - Common Stock,NASDAQ,N,1496099.0,,
NMG,Nouveau Monde Graphite Inc. Common Shares,NYSE,,1649752.0,1090,Materials
NMI,"Nuveen Municipal Income Fund, Inc. Common Stock",NYSE,,830271.0,,
NMIH,NMI Holdings Inc - Common Stock,NASDAQ,N,1547903.0,6351,Insurance
NML,Neuberger Energy Infrastructure and Income Fund Inc. Common Stock,AMEX,,1562051.0,,
NMM,Navios Maritime Partners LP Common Units Representing Limited Partner Interests,NYSE,,1415921.0,4412,Transport
NMP,NMP Acquisition Corp. - Class A Ordinary Shares,NASDAQ,N,2054876.0,6770,Financials
NMR,Nomura Holdings Inc ADR American Depositary Shares,NYSE,,1163653.0,6211,Financials
NMRA,"Neumora Therapeutics, Inc. - Common Stock",NASDAQ,N,1885522.0,2836,Health Care
NMRK,"Newmark Group, Inc. - Class A Common Stock",NASDAQ,N,1690680.0,6531,Real Estate
NMS,Nuveen Minnesota Quality Municipal Income Fund,NYSE,,1607997.0,,
NMT,Nuveen Massachusetts Quality Municipal Income Fund Common Stock,NYSE,,897419.0,0,
NMTC,NeuroOne Medical Technologies Corporation - Common Stock,NASDAQ,N,1500198.0,3841,Health Care
NMZ,"Nuveen Municipal High Income Opportunity Fund Common Stock, $0.01 par value, per share",NYSE,,1266585.0,,
NN,NextNav Inc. - Common stock,NASDAQ,N,1865631.0,3812,Industrials
NNBR,"NN, Inc. - Common Stock",NASDAQ,N,918541.0,3540,Industrials
NNDM,Nano Dimension Ltd. - American Depositary Shares,NASDAQ,N,1643303.0,3672,Industrials
NNE,Nano Nuclear Energy Inc. - common stock,NASDAQ,N,1923891.0,4911,Utilities
NNI,"Nelnet, Inc. Common Stock",NYSE,,1258602.0,6141,Financials
NNN,"NNN REIT, Inc. Common Stock",NYSE,,751364.0,6798,Real Estate
NNNN,Anbio Biotechnology - Class A Ordinary Shares,NASDAQ,N,1982708.0,2835,Health Care
NNOX,NANO-X IMAGING LTD - Ordinary Shares,NASDAQ,N,1795251.0,3844,Health Care
NNVC,"NanoViricides, Inc. Common Stock",AMEX,,1379006.0,2834,Health Care
NNY,Nuveen New York Municipal Value Fund Common Stock,NYSE,,818850.0,,
NOA,North American Construction Group Ltd. Common Shares (no par),NYSE,,1368519.0,1389,Energy
NOAH,Noah Holdings Limited American Depositary Shares,NYSE,,1499543.0,6282,Financials
NOC,Northrop Grumman Corporation Common Stock,NYSE,,1133421.0,3812,Industrials
NODK,"NI Holdings, Inc. - Common Stock",NASDAQ,N,1681206.0,6331,Insurance
NOEM,CO2 Energy Transition Corp. - Common Stock,NASDAQ,N,1956648.0,6770,Financials
NOG,"Northern Oil and Gas, Inc. Common Stock",NYSE,,1104485.0,1311,Energy
NOK,Nokia Corporation Sponsored American Depositary Shares,NYSE,,924613.0,3663,Technology
NOMA,NOMADAR Corp. - Class A Common Stock,NASDAQ,N,1994214.0,7900,Communication
NOMD,Nomad Foods Limited Ordinary Shares,NYSE,,1651717.0,2000,Consumer Staples
NOV,NOV Inc. Common Stock,NYSE,,1021860.0,3533,Industrials
NOVT,Novanta Inc. - Common Shares,NASDAQ,N,1076930.0,3690,Industrials
NOW,"ServiceNow, Inc. Common Stock",NYSE,,1373715.0,7372,Technology
NP,Neptune Insurance Holdings Inc. Class A Common Stock,NYSE,,2067129.0,6411,Insurance
NPAC,New Providence Acquisition Corp. III - Ordinary Shares,NASDAQ,N,2048948.0,6770,Financials
NPB,"Northpointe Bancshares, Inc. Common Stock",NYSE,,1336706.0,6022,Financials
NPCE,"Neuropace, Inc. - Common Stock",NASDAQ,N,1528287.0,3841,Health Care
NPCT,Nuveen Core Plus Impact Fund Common Shares of Beneficial Interest,NYSE,,1835068.0,,
NPK,"National Presto Industries, Inc. Common Stock",NYSE,,80172.0,3480,Industrials
NPKI,NPK International Inc. Common Stock,NYSE,,71829.0,7350,Industrials
NPO,Enpro Inc. Common Stock,NYSE,,1164863.0,3050,Materials
NPT,Texxon Holding Limited - Ordinary shares,NASDAQ,N,2014337.0,5160,Industrials
NPV,Nuveen Virginia Quality Municipal Income Fund Common Stock,NYSE,,897421.0,,
NPWR,NET Power Inc. Class A Common Stock,NYSE,,1845437.0,3620,Industrials
NRC,NRC Health - Common Stock,NASDAQ,N,70487.0,8731,Health Care
NRDS,"NerdWallet, Inc. - Class A Common Stock",NASDAQ,N,1625278.0,7374,Technology
NRDY,Nerdy Inc. Class A Common Stock,NYSE,,1819404.0,8200,Consumer Discretionary
NREF,"NexPoint Real Estate Finance, Inc. Common Stock",NYSE,,1786248.0,6798,Real Estate
NRG,"NRG Energy, Inc. Common Stock",NYSE,,1013871.0,4911,Utilities
NRGV,"Energy Vault Holdings, Inc. Common Stock",NYSE,,1828536.0,3690,Industrials
NRIM,Northrim BanCorp Inc - Common Stock,NASDAQ,N,1163370.0,6035,Financials
NRIX,"Nurix Therapeutics, Inc. - Common stock",NASDAQ,N,1549595.0,2834,Health Care
NRK,Nuveen New York AMT-Free Quality Municipal Income Fund,NYSE,,1195739.0,,
NRO,Neuberger Real Estate Securities Income Fund Inc. Common Stock,AMEX,,1261166.0,,
NRP,Natural Resource Partners LP Limited Partnership,NYSE,,1171486.0,1221,Energy
NRSN,NeuroSense Therapeutics Ltd. - Ordinary Shares,NASDAQ,D,1875091.0,2834,Health Care
NRT,North European Oil Royality Trust Common Stock,NYSE,,72633.0,6792,Financials
NRXP,"NRX Pharmaceuticals, Inc. - Common Stock",NASDAQ,N,1719406.0,2834,Health Care
NRXS,"Neuraxis, Inc. Common Stock",AMEX,,1933567.0,3845,Health Care
NSAI,NorthStrive Acquisition Corp I. - Class A Ordinary Shares,NASDAQ,N,2133719.0,6770,Financials
NSC,Norfolk Southern Corporation Common Stock,NYSE,,702165.0,4011,Transport
NSIT,"Insight Enterprises, Inc. - Common Stock",NASDAQ,N,932696.0,5961,Consumer Discretionary
NSLR,Neostellar Capital Corp. - Closed End Fund,NASDAQ,N,1509470.0,,
NSP,"Insperity, Inc. Common Stock",NYSE,,1000753.0,7363,Industrials
NSPR,InspireMD Inc. - Common Stock,NASDAQ,D,1433607.0,3841,Health Care
NSRX,Nasus Pharma Ltd. Ordinary Shares,AMEX,,2029039.0,2834,Health Care
NSSC,"NAPCO Security Technologies, Inc. - Common Stock",NASDAQ,N,69633.0,3669,Technology
NSTS,"NSTS Bancorp, Inc. - Common Stock",NASDAQ,N,1881592.0,6035,Financials
NSYS,Nortech Systems Incorporated - Common Stock,NASDAQ,N,722313.0,3679,Industrials
NTAP,"NetApp, Inc. - Common Stock",NASDAQ,N,1002047.0,3572,Technology
NTB,Bank of N.T. Butterfield & Son Limited (The) Voting Ordinary Shares,NYSE,,1653242.0,6029,Financials
NTCL,NETCLASS TECHNOLOGY INC - Class A Ordinary Shares,NASDAQ,N,1927578.0,7372,Technology
NTCT,"NetScout Systems, Inc. - Common Stock",NASDAQ,N,1078075.0,7373,Technology
NTES,"NetEase, Inc. - American Depositary Shares, each representing 5 ordinary shares",NASDAQ,N,1110646.0,7372,Technology
NTGR,"NETGEAR, Inc. - Common Stock",NASDAQ,N,1122904.0,3661,Technology
NTHI,"NeOnc Technologies Holdings, Inc. - Common Stock",NASDAQ,N,1979414.0,2834,Health Care
NTIC,Northern Technologies International Corporation - Common Stock,NASDAQ,N,875582.0,3470,Industrials
NTIP,"Network-1 Technologies, Inc. Common Stock",AMEX,,1065078.0,6794,Financials
NTLA,"Intellia Therapeutics, Inc. - Common Stock",NASDAQ,N,1652130.0,2835,Health Care
NTNX,"Nutanix, Inc. - Class A Common Stock",NASDAQ,N,1618732.0,7372,Technology
NTR,Nutrien Ltd. Common Shares,NYSE,,1725964.0,2870,Materials
NTRA,"Natera, Inc. - Common Stock",NASDAQ,N,1604821.0,8071,Health Care
NTRB,Nutriband Inc. - Common Stock,NASDAQ,N,1676047.0,3842,Health Care
NTRP,"NextTrip, Inc. - Common Stock",NASDAQ,N,788611.0,4700,Transport
NTRS,Northern Trust Corporation - Common Stock,NASDAQ,N,73124.0,6022,Financials
NTSK,"Netskope, Inc. - Class A Common Stock",NASDAQ,N,2063196.0,7372,Technology
NTST,NetSTREIT Corp. Common Stock,NYSE,,1798100.0,6798,Real Estate
NTWK,NETSOL Technologies Inc. - Common Stock,NASDAQ,N,1039280.0,7372,Technology
NTWO,Newbury Street II Acquisition Corp - Class A Ordinary Shares,NASDAQ,N,2028027.0,6770,Financials
NU,Nu Holdings Ltd. Class A Ordinary Shares,NYSE,,1691493.0,6199,
NUAI,"New Era Energy & Digital, Inc. - Common Stock",NASDAQ,N,2028336.0,1311,Energy
NUCL,Eagle Nuclear Energy Corp. - Common stock,NASDAQ,N,2089283.0,1090,Materials
NUE,Nucor Corporation Common Stock,NYSE,,73309.0,3312,Materials
NUR,Nuran Wireless Inc. - Common Shares,NASDAQ,N,1680637.0,3576,Technology
NUS,"Nu Skin Enterprises, Inc. Common Stock",NYSE,,1021561.0,5122,Industrials
NUTX,Nutex Health Inc. - Common Stock,NASDAQ,N,1479681.0,7389,Industrials
NUV,"Nuveen Municipal Value Fund, Inc. Common Stock",NYSE,,812801.0,,
NUVB,Nuvation Bio Inc. Class A Common Stock,NYSE,,1811063.0,2834,Health Care
NUW,Nuveen AMT-Free Municipal Value Fund,NYSE,,1450445.0,,
NUWE,"Nuwellis, Inc. - Common Stock",NASDAQ,N,1506492.0,3845,Health Care
NVA,Nova Minerals Corp Common Stock,AMEX,,1852551.0,1040,Materials
NVAX,"Novavax, Inc. - Common Stock",NASDAQ,N,1000694.0,2836,Health Care
NVCR,NovoCure Limited - Ordinary Shares,NASDAQ,N,1645113.0,3841,Health Care
NVCT,"Nuvectis Pharma, Inc. - Common Stock",NASDAQ,N,1875558.0,2834,Health Care
NVDA,NVIDIA Corporation - Common Stock,NASDAQ,N,1045810.0,3674,Technology
NVEC,NVE Corporation - Common Stock,NASDAQ,N,724910.0,3674,Technology
NVG,Nuveen AMT-Free Municipal Credit Income Fund,NYSE,,1090116.0,0,
NVGS,Navigator Holdings Ltd. Ordinary Shares (Marshall Islands),NYSE,,1581804.0,4412,Transport
NVMI,Nova Ltd. - Ordinary Shares,NASDAQ,N,1109345.0,3827,Technology
NVNI,Nvni Group Limited - Ordinary Shares,NASDAQ,D,1965143.0,7372,Technology
NVNO,enVVeno Medical Corporation - Common Stock,NASDAQ,N,1661053.0,3841,Health Care
NVO,Novo Nordisk A/S Common Stock,NYSE,,353278.0,2834,Health Care
NVR,"NVR, Inc. Common Stock",NYSE,,906163.0,1531,Industrials
NVRI,Enviri Corporation Common Stock,NYSE,,2104052.0,4953,Utilities
NVS,Novartis AG Common Stock,NYSE,,1114448.0,2834,Health Care
NVST,Envista Holdings Corporation Common Stock,NYSE,,1757073.0,3843,Health Care
NVT,nVent Electric plc Ordinary Shares,NYSE,,1720635.0,3550,Industrials
NVTS,Navitas Semiconductor Corporation - Common Stock,NASDAQ,N,1821769.0,3674,Technology
NVX,NOVONIX Limited - American Depository Shares,NASDAQ,N,1859795.0,3690,Industrials
NWAX,New America Acquisition I Corp. Class A Common Stock,NYSE,,2074878.0,6770,Financials
NWBI,"Northwest Bancshares, Inc. - Common Stock",NASDAQ,N,1471265.0,6021,Financials
NWE,"NorthWestern Energy Group, Inc.  - Common Stock",NASDAQ,N,1993004.0,4931,Utilities
NWFL,Norwood Financial Corp. - Common Stock,NASDAQ,N,1013272.0,6022,Financials
NWG,"NatWest Group plc American Depositary Shares, (each representing two (2) Ordinary Shares)",NYSE,,844150.0,6029,Financials
NWGL,CL Workshop Group Limited - American Depositary Shares,NASDAQ,N,1948294.0,2400,Industrials
NWL,Newell Brands Inc. - Common Stock,NASDAQ,N,814453.0,3089,Materials
NWN,Northwest Natural Holding Company Common Stock,NYSE,,1733998.0,4924,Utilities
NWPX,"NWPX Infrastructure, Inc. - Common Stock",NASDAQ,N,1001385.0,3317,Materials
NWS,News Corporation - Class B Common Stock,NASDAQ,N,1564708.0,2711,Communication
NWSA,News Corporation - Class A Common Stock,NASDAQ,N,1564708.0,2711,Communication
NWTG,"Newton Golf Company, Inc. - Common Stock",NASDAQ,D,1934245.0,3949,Consumer Discretionary
NX,Quanex Building Products Corporation Common Stock,NYSE,,1423221.0,3350,Materials
NXAT,Nexus Advanced Technologies Inc. - Ordinary Shares,NASDAQ,N,2000756.0,7819,Communication
NXB,NextBoat Inc. Common Stcok,AMEX,,2067767.0,3730,Industrials
NXDR,"Nextdoor Holdings, Inc. Class A Common Stock",NYSE,,1846069.0,7370,Technology
NXDT,NexPoint Diversified Real Estate Trust Common Stock,NYSE,,1356115.0,6798,Real Estate
NXE,Nexgen Energy Ltd. Common Shares,NYSE,,1698535.0,1090,Materials
NXG,NXG NextGen Infrastructure Income Fund Common Shares of Beneficial Interest,NYSE,,1506488.0,,
NXGL,"NexGel, Inc - Common Stock",NASDAQ,D,1468929.0,3841,Health Care
NXH,"Neighborhood Intelligence, Inc.  - Common Stock",NASDAQ,N,1130713.0,5961,Consumer Discretionary
NXL,"Nexalin Technology, Inc. - Common Stock",NASDAQ,D,1527352.0,3845,Health Care
NXP,Nuveen Select Tax Free Income Portfolio Common Stock,NYSE,,883618.0,,
NXPI,NXP Semiconductors N.V. - Common Stock,NASDAQ,N,1413447.0,3674,Technology
NXPL,NextPlat Corp - Common Stock,NASDAQ,N,1058307.0,4813,Communication
NXRT,"NexPoint Residential Trust, Inc. Common Stock",NYSE,,1620393.0,6798,Real Estate
NXST,"Nexstar Media Group, Inc. - Common Stock",NASDAQ,N,1142417.0,4833,Communication
NXT,Nextpower Inc. - Common Stock,NASDAQ,N,1852131.0,3674,Technology
NXTC,"NextCure, Inc. - Common Stock",NASDAQ,N,1661059.0,2834,Health Care
NXTS,Nexentis Technologies Inc. - Common Stock,NASDAQ,D,1789192.0,2834,Health Care
NXTT,Next Technology Holding Inc. - Ordinary Shares,NASDAQ,N,1784970.0,7374,Technology
NXXT,"NextNRG, Inc. - Common Stock",NASDAQ,D,1817004.0,5500,Consumer Discretionary
NYAX,Nayax Ltd. - Ordinary Shares,NASDAQ,N,1901279.0,7372,Technology
NYC,American Strategic Investment Co. Class A Common Stock,NYSE,,1595527.0,6798,Real Estate
NYT,New York Times Company (The) Common Stock,NYSE,,71691.0,2711,Communication
NYXH,Nyxoah SA - Ordinary Shares,NASDAQ,N,1857190.0,3841,Health Care
NZF,Nuveen Municipal Credit Income Fund,NYSE,,1137887.0,,
O,Realty Income Corporation Common Stock,NYSE,,726728.0,6798,Real Estate
OABI,"OmniAb, Inc. - Common Stock",NASDAQ,N,1846253.0,8731,Health Care
OACC,Oaktree Acquisition Corp. III Life Sciences - Class A Ordinary Share,NASDAQ,N,2029769.0,6770,Financials
OBA,Oxley Bridge Acquisition Limited - Class A Ordinary Shares,NASDAQ,N,2034313.0,6770,Financials
OBDC,Blue Owl Capital Corporation Common Stock,NYSE,,1655888.0,,
OBE,Obsidian Energy Ltd. Common Shares,AMEX,,1334388.0,1311,Energy
OBIO,"Orchestra BioMed Holdings, Inc. - Ordinary Shares",NASDAQ,N,1814114.0,3841,Health Care
OBK,"Origin Bancorp, Inc. Common Stock",NYSE,,1516912.0,6022,Financials
OBT,"Orange County Bancorp, Inc. - Common Stock",NASDAQ,N,1754226.0,6022,Financials
OBX,"Obsidian Therapeutics, Inc. - Common Stock",NASDAQ,N,2130606.0,2834,Health Care
OC,Owens Corning Inc Common Stock New,NYSE,,1370946.0,3290,Materials
OCAC,Ocean Capital Acquisition Corporation Ordinary Shares,NYSE,,1926314.0,6770,Financials
OCC,Optical Cable Corporation - Common Stock,NASDAQ,N,1000230.0,3357,Materials
OCCI,"OFS Credit Company, Inc. - Closed End Fund",NASDAQ,N,1716951.0,,
OCFC,OceanFirst Financial Corp. - Common Stock,NASDAQ,N,1004702.0,6021,Financials
OCG,Oriental Culture Holding LTD - Ordinary Shares,NASDAQ,N,1776067.0,7380,Industrials
OCGN,"Ocugen, Inc. - Common Stock",NASDAQ,N,1372299.0,2836,Health Care
OCLT,OceanLight Acquisition Corporation - Ordinary Shares,NASDAQ,N,2137679.0,6770,Financials
OCS,Oculis Holding AG - Ordinary shares,NASDAQ,N,1953530.0,2834,Health Care
OCSL,Oaktree Specialty Lending Corporation - Closed End Fund,NASDAQ,N,1414932.0,,
OCTV,Octave Intelligence plc - Class B Ordinary Shares,NASDAQ,N,2083632.0,7372,Technology
OCUL,"Ocular Therapeutix, Inc. - Common Stock",NASDAQ,N,1393434.0,2834,Health Care
ODC,Oil-Dri Corporation Of America Common Stock,NYSE,,74046.0,3990,Consumer Discretionary
ODD,ODDITY Tech Ltd. - Class A Ordinary Shares,NASDAQ,N,1907085.0,2844,Materials
ODFL,"Old Dominion Freight Line, Inc. - Common Stock",NASDAQ,N,878927.0,4213,Transport
ODTX,"Odyssey Therapeutics, Inc. - Common Stock",NASDAQ,N,1882782.0,2836,Health Care
ODYS,Odysight.ai Inc. - Common Stock,NASDAQ,N,1577445.0,7373,Technology
OEC,Orion S.A. Common Shares,NYSE,,1609804.0,2890,Materials
OESX,"Orion Energy Systems, Inc. - Common Stock",NASDAQ,N,1409375.0,3640,Industrials
OFAL,OFA Group - Class A Ordinary Shares,NASDAQ,D,2036307.0,8711,Industrials
OFG,OFG Bancorp Common Stock,NYSE,,1030469.0,6022,Financials
OFIX,Orthofix Medical Inc.  - Common Stock,NASDAQ,N,884624.0,3841,Health Care
OFLX,"Omega Flex, Inc. - Common Stock",NASDAQ,N,1317945.0,3430,Industrials
OFRM,"Once Upon a Farm, PBC Common Stock",NYSE,,1696556.0,2000,Consumer Staples
OFS,OFS Capital Corporation - Closed End Fund,NASDAQ,N,1487918.0,,
OGC,OceanaGold Corporation Common Shares,NYSE,,1487326.0,1000,Materials
OGE,OGE Energy Corp Common Stock,NYSE,,1021635.0,4911,Utilities
OGEN,Oragenics Inc. Common Stock,AMEX,,1174940.0,2834,Health Care
OGG,Osisko Gold Group Inc. Common Shares,NYSE,,1431852.0,1040,Materials
OGGWZ,Osisko Gold Group Inc. - Warrant,NASDAQ,N,1431852.0,1040,Materials
OGI,Organigram Global Inc. - Common Shares,NASDAQ,N,1620737.0,2834,Health Care
OGN,Organon & Co. Common Stock,NYSE,,1821825.0,2834,Health Care
OGS,"ONE Gas, Inc. Common Stock",NYSE,,1587732.0,4924,Utilities
OHAC,Oceanhawk Acquisition Corp. - Class A Ordinary Shares,NASDAQ,N,2090787.0,6770,Financials
OHI,"Omega Healthcare Investors, Inc. Common Stock",NYSE,,888491.0,6798,Real Estate
OI,"O-I Glass, Inc. Common Stock",NYSE,,812074.0,3221,Materials
OIA,Invesco Municipal Income Opportunities Trust Common Stock,NYSE,,835333.0,,
OIG,Orion180 Insurance Group Inc. - Class A Common Stock,NASDAQ,N,2124472.0,6411,Insurance
OII,"Oceaneering International, Inc. Common Stock",NYSE,,73756.0,1389,Energy
OIM,OneIM Acquisition Corp. - Class A Ordinary Shares,NASDAQ,N,2088325.0,6770,Financials
OIO,OIO Group - Ordinary Shares,NASDAQ,N,1957538.0,4953,Utilities
OIS,"Oil States International, Inc. Common Stock",NYSE,,1121484.0,3533,Industrials
OKE,"ONEOK, Inc. Common Stock",NYSE,,1039684.0,4923,Utilities
OKLO,Oklo Inc. Class A common stock,NYSE,,1849056.0,4911,Utilities
OKTA,"Okta, Inc. - Class A Common Stock",NASDAQ,N,1660134.0,7372,Technology
OKUR,"OnKure Therapeutics, Inc. - Class A Common Stock",NASDAQ,N,1637715.0,2834,Health Care
OKYO,OKYO Pharma Limited - Ordinary Shares,NASDAQ,N,1849296.0,2836,Health Care
OLB,"The OLB Group, Inc. - Common Stock",NASDAQ,D,1314196.0,7389,Industrials
OLED,Universal Display Corporation - Common Stock,NASDAQ,N,1005284.0,3670,Industrials
OLLI,"Ollie's Bargain Outlet Holdings, Inc. - Common Stock",NASDAQ,N,1639300.0,5331,Consumer Discretionary
OLMA,"Olema Pharmaceuticals, Inc. - Common Stock",NASDAQ,N,1750284.0,2834,Health Care
OLN,Olin Corporation Common Stock,NYSE,,74303.0,2800,Materials
OLOX,Olenox Industries Inc. - Common Stock,NASDAQ,N,1023994.0,5030,Industrials
OLP,"One Liberty Properties, Inc. Common Stock",NYSE,,712770.0,6798,Real Estate
OM,"Outset Medical, Inc. - Common Stock",NASDAQ,N,1484612.0,3845,Health Care
OMAB,Grupo Aeroportuario del Centro Norte S.A.B. de C.V. - American Depositary Shares each representing 8 Series B shares,NASDAQ,N,1378239.0,4581,Transport
OMC,Omnicom Group Inc. Common Stock,NYSE,,29989.0,7311,Industrials
OMCL,"Omnicell, Inc. - Common Stock",NASDAQ,N,926326.0,3571,Technology
OMDA,"Omada Health, Inc. - Common Stock",NASDAQ,N,1611115.0,8000,Health Care
OMER,Omeros Corporation - Common Stock,NASDAQ,N,1285819.0,2834,Health Care
OMEX,"Odyssey Marine Exploration, Inc. - Common Stock",NASDAQ,D,798528.0,4400,Transport
OMF,"OneMain Holdings, Inc. Common Stock",NYSE,,1584207.0,6141,Financials
OMH,Ohmyhome Limited - Class A Ordinary Shares,NASDAQ,N,1944902.0,6531,Real Estate
OMSE,OMS Energy Technologies Inc. - Ordinary Shares,NASDAQ,N,2012219.0,3533,Industrials
ON,ON Semiconductor Corporation - Common Stock,NASDAQ,N,1097864.0,3674,Technology
ONB,Old National Bancorp - Common Stock,NASDAQ,N,707179.0,6021,Financials
ONC,BeOne Medicines Ltd. - American Depositary Shares,NASDAQ,N,1651308.0,2834,Health Care
ONCH,1RT Acquisition Corp. - Class A Ordinary Share,NASDAQ,N,2054272.0,6770,Financials
ONCO,"Onconetix, Inc.  - Common Stock",NASDAQ,N,1782107.0,2834,Health Care
ONCY,Oncolytics Biotech Inc. - Common Stock,NASDAQ,D,1129928.0,2834,Health Care
ONDS,Ondas Inc - Common Stock,NASDAQ,N,1646188.0,3663,Technology
ONEG,OneConstruction Group Limited - Ordinary Shares,NASDAQ,N,2030834.0,1520,Industrials
ONEW,OneWater Marine Inc. - Class A Common Stock,NASDAQ,N,1772921.0,5531,Consumer Discretionary
ONFO,Onfolio Holdings Inc. - Common Stock,NASDAQ,D,1825452.0,7374,Technology
ONIT,Onity Group Inc. Common Stock,NYSE,,873860.0,6162,Financials
ONL,Orion Properties Inc. Common Stock,NYSE,,1873923.0,6798,Real Estate
ONMD,OneMedNet Corp - Class A Common Stock,NASDAQ,D,1849380.0,8731,Health Care
ONON,On Holding AG Class A Ordinary Shares,NYSE,,1858985.0,3021,Materials
ONT,"Onterris, Inc. Common Stock",NYSE,,1643615.0,8742,Industrials
ONTO,Onto Innovation Inc. Common Stock,NYSE,,704532.0,3829,Industrials
OOMA,"Ooma, Inc. Common Stock",NYSE,,1327688.0,7374,Technology
OPAD,Offerpad Solutions Inc.  - Class A Common Stock,NASDAQ,N,1825024.0,6531,Real Estate
OPAL,OPAL Fuels Inc. - Class A Common Stock,NASDAQ,N,1842279.0,4932,Utilities
OPBK,OP Bancorp - Common Stock,NASDAQ,N,1722010.0,6022,Financials
OPCH,"Option Care Health, Inc. - Common Stock",NASDAQ,N,1014739.0,8082,Health Care
OPEN,Opendoor Technologies Inc  - Common Stock,NASDAQ,N,1801169.0,6531,Real Estate
OPENL,"Opendoor Technologies Inc  - Series A Warrants, each whole warrant exercisable to purchase one share of Common Stock at an exercise price of $13.00 per warrant",NASDAQ,N,1801169.0,6531,Real Estate
OPENZ,"Opendoor Technologies Inc  - Series Z Warrants, each whole warrant exercisable to purchase one share of Common Stock at an exercise price of $17.00 per warrant",NASDAQ,N,1801169.0,6531,Real Estate
OPFI,OppFi Inc. Class A Common Stock,NYSE,,1818502.0,6199,
OPHC,"OptimumBank Holdings, Inc. Common Stock",AMEX,,1288855.0,6021,Financials
OPI,Office Properties Income Trust - Common shares of beneficial interest,NASDAQ,N,1456772.0,6500,Real Estate
OPK,"Opko Health, Inc. - Common Stock",NASDAQ,N,944809.0,2834,Health Care
OPLN,"OPENLANE, Inc. Common Stock",NYSE,,1395942.0,5500,Consumer Discretionary
OPP,"RiverNorth/DoubleLine Strategic Opportunity Fund, Inc. Common Stock",NYSE,,1678130.0,,
OPRA,Opera Limited - American Depositary Shares,NASDAQ,N,1737450.0,7372,Technology
OPRT,Oportun Financial Corporation - common stock,NASDAQ,N,1538716.0,6199,
OPRX,OptimizeRx Corporation - Common Stock,NASDAQ,N,1448431.0,7389,Industrials
OPTH,Optimi Health Corp. - Common Shares,NASDAQ,N,2027329.0,2834,Health Care
OPTT,"Ocean Power Technologies, Inc. Common Stock",AMEX,,1378140.0,4911,Utilities
OPTU,"Optimum Communications, Inc. Class A common stock",NYSE,,1702780.0,4841,Communication
OPTX,"Syntec Optics Holdings, Inc. - Class A Common Stock",NASDAQ,N,1866816.0,3827,Technology
OPXS,"Optex Systems Holdings, Inc. - Common Stock",NASDAQ,N,1397016.0,3827,Technology
OPY,"Oppenheimer Holdings, Inc. Class A Common Stock (DE)",NYSE,,791963.0,6211,Financials
OR,OR Royalties Inc. Common Shares,NYSE,,1627272.0,1040,Materials
ORA,"Ormat Technologies, Inc. Common Stock",NYSE,,1296445.0,4911,Utilities
ORBS,Eightco Holdings Inc. - Common Stock,NASDAQ,D,1892492.0,6153,Financials
ORC,"Orchid Island Capital, Inc. Common Stock",NYSE,,1518621.0,6798,Real Estate
ORCL,Oracle Corporation Common Stock,NYSE,,1341439.0,7372,Technology
ORGO,Organogenesis Holdings Inc.  - Class A,NASDAQ,N,1661181.0,2834,Health Care
ORI,Old Republic International Corporation Common Stock,NYSE,,74260.0,6351,Insurance
ORIC,"Oric Pharmaceuticals, Inc. - Common Stock",NASDAQ,N,1796280.0,2834,Health Care
ORIO,Orion Digital Corp. - Common Shares,NASDAQ,D,1602842.0,6199,
ORIQ,Origin Investment Corp I - Ordinary Shares,NASDAQ,N,2044523.0,6770,Financials
ORKA,"Oruka Therapeutics, Inc. - Common Stock",NASDAQ,N,907654.0,2834,Health Care
ORKT,Orangekloud Technology Inc. - Class A Ordinary Shares,NASDAQ,N,1979407.0,7372,Technology
ORLY,"O'Reilly Automotive, Inc. - Common Stock",NASDAQ,N,898173.0,5531,Consumer Discretionary
ORMP,Oramed Pharmaceuticals Inc. - Common Stock,NASDAQ,N,1176309.0,2834,Health Care
ORN,"Orion Group Holdings, Inc. Common",NYSE,,1402829.0,1600,Industrials
ORRF,"Orrstown Financial Services, Inc. - Common Stock",NASDAQ,N,826154.0,6022,Financials
OSBC,"Old Second Bancorp, Inc. - Common Stock",NASDAQ,N,357173.0,6022,Financials
OSCR,"Oscar Health, Inc. Class A Common Stock",NYSE,,1568651.0,6324,Insurance
OSG,"Octave Specialty Group, Inc. Common Stock",NYSE,,874501.0,6351,Insurance
OSIS,"OSI Systems, Inc. - Common Stock",NASDAQ,N,1039065.0,3674,Technology
OSK,Oshkosh Corporation (Holding Company)Common Stock,NYSE,,775158.0,3711,Industrials
OSPN,OneSpan Inc. - Common Stock,NASDAQ,N,1044777.0,7373,Technology
OSPR,Osprey Acquisition Corp. III - Class A Ordinary Shares,NASDAQ,N,2113481.0,6770,Financials
OSS,"One Stop Systems, Inc. - Common Stock",NASDAQ,N,1394056.0,3571,Technology
OST,"Ostin Technology Group Co., Ltd. - Class A Ordinary Shares",NASDAQ,N,1803407.0,3679,Industrials
OSTX,OS Therapies Incorporated Common Stock,AMEX,,1795091.0,2834,Health Care
OSUR,"OraSure Technologies, Inc. - Common Stock",NASDAQ,N,1116463.0,3841,Health Care
OSW,OneSpaWorld Holdings Limited - Common Shares,NASDAQ,N,1758488.0,7997,Communication
OTAI,Starlink AI Acquisition Corporation Ordinary Shares,NYSE,,2094076.0,6770,Financials
OTEX,Open Text Corporation - Common Shares,NASDAQ,N,1002638.0,7373,Technology
OTF,Blue Owl Technology Finance Corp. Common Stock,NYSE,,1747777.0,,
OTGA,OTG Acquisition Corp. I - Class A Ordinary Share,NASDAQ,N,2077010.0,6770,Financials
OTIS,Otis Worldwide Corporation Common Stock,NYSE,,1781335.0,3600,Industrials
OTLK,"Outlook Therapeutics, Inc. - Common Stock",NASDAQ,N,1649989.0,2836,Health Care
OTLY,Oatly Group AB - American Depositary Shares,NASDAQ,N,1843586.0,2000,Consumer Staples
OTTR,Otter Tail Corporation - Common Stock,NASDAQ,N,1466593.0,4911,Utilities
OUST,"Ouster, Inc. - Common Stock",NASDAQ,N,1816581.0,3569,Industrials
OUT,OUTFRONT Media Inc. Common Stock,NYSE,,1579877.0,6798,Real Estate
OVBC,Ohio Valley Banc Corp. - Common Stock,NASDAQ,N,894671.0,6022,Financials
OVID,Ovid Therapeutics Inc. - Common Stock,NASDAQ,N,1636651.0,2834,Health Care
OVLY,Oak Valley Bancorp (CA) - Common Stock,NASDAQ,N,1431567.0,6022,Financials
OVV,Ovintiv Inc. (DE),NYSE,,1792580.0,1311,Energy
OWL,Blue Owl Capital Inc. Class A Common Stock,NYSE,,1823945.0,6282,Financials
OWLS,OBOOK Holdings Inc. - Class A Common Shares,NASDAQ,N,2025416.0,7372,Technology
OWLT,"Owlet, Inc. Class A Common Stock",NYSE,,1816708.0,3829,Industrials
OXBR,Oxbridge Re Holdings Limited - Ordinary Shares,NASDAQ,N,1584831.0,6331,Insurance
OXLC,Oxford Lane Capital Corp. - Closed End Fund,NASDAQ,N,1495222.0,,
OXM,"Oxford Industries, Inc. Common Stock",NYSE,,75288.0,2320,Consumer Discretionary
OXSQ,Oxford Square Capital Corp. - Closed End Fund,NASDAQ,N,1259429.0,,
OXY,Occidental Petroleum Corporation Common Stock,NYSE,,797468.0,1311,Energy
OYSE,Oyster Enterprises II Acquisition Corp - Class A Ordinary Shares,NASDAQ,N,2042182.0,6770,Financials
OZ,"Belpointe PREP, LLC Class A Units",AMEX,,1807046.0,6500,Real Estate
OZK,Bank OZK - Common Stock,NASDAQ,N,1569650.0,,
P,"Everpure, Inc. Class A common stock",NYSE,,1474432.0,3572,Technology
PAA,"Plains All American Pipeline, L.P. - Common Units representing Limited Partner Interests",NASDAQ,N,1070423.0,4610,Energy
PAAC,Proem Acquisition Corp I - Ordinary Shares,NASDAQ,N,2087446.0,6770,Financials
PAAI,"Paradium.AI, Inc. Common Stock",AMEX,,894871.0,4841,Communication
PAAS,Pan American Silver Corp. Common Stock,NYSE,,771992.0,1040,Materials
PAC,"Grupo Aeroportuario Del Pacifico, S.A. B. de C.V. Grupo Aeroportuario Del Pacifico, S.A. de C.V. (each representing 10 Series B shares)",NYSE,,1347557.0,4581,Transport
PACB,"Pacific Biosciences of California, Inc. - Common Stock",NASDAQ,N,1299130.0,3826,Health Care
PACH,Pioneer Acquisition I Corp - Class A Ordinary Shares,NASDAQ,N,2040381.0,6770,Financials
PACK,Ranpak Holdings Corp Class A Common Stock,NYSE,,1712463.0,2670,Materials
PACS,"PACS Group, Inc. Common Stock",NYSE,,2001184.0,8051,Health Care
PAG,"Penske Automotive Group, Inc. Common Stock",NYSE,,1019849.0,5500,Consumer Discretionary
PAGP,"Plains GP Holdings, L.P. - Class A Shares representing limited partner interests",NASDAQ,N,1581990.0,4610,Energy
PAGS,PagSeguro Digital Ltd. Class A Common Shares,NYSE,,1712807.0,7374,Technology
PAHC,Phibro Animal Health Corporation - Class A Common Stock,NASDAQ,N,1069899.0,2834,Health Care
PAI,Western Asset Investment Grade Income Fund Inc.,NYSE,,75398.0,,
PAII,Pyrophyte Acquisition Corp. II Class A Ordinary Shares,NYSE,,2069238.0,6770,Financials
PAL,"Proficient Auto Logistics, Inc. - Common Stock",NASDAQ,N,1998768.0,4700,Transport
PALI,"Palisade Bio, Inc. - Common Stock",NASDAQ,N,1357459.0,2836,Health Care
PALO,Paloma Acquisition Corp I - Class A Ordinary Shares,NASDAQ,N,2101562.0,6770,Financials
PAM,Pampa Energia S.A.,NYSE,,1469395.0,4911,Utilities
PAMT,PAMT CORP - Common Stock,NASDAQ,N,798287.0,4213,Transport
PANL,Pangaea Logistics Solutions Ltd. - Common Stock,NASDAQ,N,1606909.0,4412,Transport
PANW,"Palo Alto Networks, Inc. - Common Stock",NASDAQ,N,1327567.0,3577,Technology
PAPL,Pineapple Financial Inc. Common Stock,AMEX,,1938109.0,6199,
PAR,PAR Technology Corporation Common Stock,NYSE,,708821.0,3578,Technology
PARA,"Banzai International, Inc. - Class A Common Stock",NASDAQ,N,1826011.0,7372,Technology
PARK,"Park Dental Partners, Inc. - Common Stock",NASDAQ,N,2069604.0,8090,Health Care
PARR,"Par Pacific Holdings, Inc.  Common Stock",NYSE,,821483.0,1311,Energy
PASG,"Passage Bio, Inc. - Common Stock",NASDAQ,N,1787297.0,2836,Health Care
PASW,"Ping An Biomedical Co., Ltd. - Class A Ordinary Shares",NASDAQ,D,1897532.0,2300,Consumer Discretionary
PATH,"UiPath, Inc. Class A Common Stock",NYSE,,1734722.0,7372,Technology
PATK,"Patrick Industries, Inc. - Common Stock",NASDAQ,N,76605.0,3714,Industrials
PAVM,PAVmed Inc. - Common Stock,NASDAQ,N,1624326.0,3841,Health Care
PAVS,Paranovus Entertainment Technology Ltd. - Class A Ordinary Shares,NASDAQ,N,1751876.0,7374,Technology
PAX,Patria Investments Limited - Class A Common Shares,NASDAQ,N,1825570.0,6282,Financials
PAXS,PIMCO Access Income Fund Common Shares of Beneficial Interest,NYSE,,1886878.0,,
PAY,"Paymentus Holdings, Inc. Class A Common Stock",NYSE,,1841156.0,7389,Industrials
PAYC,"Paycom Software, Inc. Common Stock",NYSE,,1590955.0,7372,Technology
PAYO,Payoneer Global Inc. - Common Stock,NASDAQ,N,1845815.0,7389,Industrials
PAYP,PayPay Corporation - American Depository Shares,NASDAQ,N,2080845.0,7389,Industrials
PAYS,"Paysign, Inc. - Common Stock",NASDAQ,N,1496443.0,7389,Industrials
PAYX,"Paychex, Inc. - Common Stock",NASDAQ,N,723531.0,8700,Industrials
PB,"Prosperity Bancshares, Inc. Common Stock",NYSE,,1068851.0,6022,Financials
PBA,Pembina Pipeline Corp. Ordinary Shares (Canada),NYSE,,1546066.0,1382,Energy
PBAM,"Private Bancorp of America, Inc. - Common Stock",NASDAQ,N,1705284.0,6021,Financials
PBF,PBF Energy Inc. Class A Common Stock,NYSE,,1534504.0,2911,Energy
PBFS,"Pioneer Bancorp, Inc. - Common Stock",NASDAQ,N,1769663.0,6036,Financials
PBH,Prestige Consumer Healthcare Inc. Common Stock,NYSE,,1295947.0,2834,Health Care
PBHC,"Pathfinder Bancorp, Inc. - Common Stock",NASDAQ,N,1609065.0,6022,Financials
PBI,Pitney Bowes Inc. Common Stock,NYSE,,78814.0,3579,Technology
PBK,PowerBank Corporation - Common Stock,NASDAQ,D,2011053.0,1700,Industrials
PBLS,"Parabilis Medicines, Inc. - Common Stock",NASDAQ,N,1657677.0,2834,Health Care
PBM,Psyence Biomedical Ltd. - Common Shares,NASDAQ,N,1985062.0,2834,Health Care
PBR,Petroleo Brasileiro S.A. Petrobras ADS,NYSE,,1119639.0,1311,Energy
PBT,Permian Basin Royalty Trust Common Stock,NYSE,,319654.0,6792,Financials
PBYI,Puma Biotechnology Inc - Common Stock,NASDAQ,N,1401667.0,2834,Health Care
PC,Premium Catering (Holdings) Limited - Ordinary Shares,NASDAQ,E,1998056.0,5812,Consumer Discretionary
PCAP,ProCap Acquisition Corp - Class A Ordinary Shares,NASDAQ,N,2056634.0,6770,Financials
PCAR,PACCAR Inc. - Common Stock,NASDAQ,N,75362.0,3711,Industrials
PCB,PCB Bancorp - Common Stock,NASDAQ,N,1423869.0,6022,Financials
PCF,High Income Securities Fund Common Stock,NYSE,,810943.0,0,
PCG,Pacific Gas & Electric Co. Common Stock,NYSE,,1004980.0,4931,Utilities
PCLA,PicoCELA Inc. - American Depositary Shares,NASDAQ,N,2018462.0,3640,Industrials
PCM,"PCM Fund, Inc. Common Stock",NYSE,,908187.0,,
PCN,Pimco Corporate & Income Strategy Fund Common Stock,NYSE,,1160990.0,,
PCOR,"Procore Technologies, Inc. Common Stock",NYSE,,1611052.0,7372,Technology
PCQ,PIMCO California Municipal Income Fund Common Stock,NYSE,,1140411.0,,
PCRX,"Pacira BioSciences, Inc. - Common Stock",NASDAQ,N,1396814.0,2834,Health Care
PCSA,"Processa Pharmaceuticals, Inc. - Common Stock",NASDAQ,N,1533743.0,2834,Health Care
PCT,"PureCycle Technologies, Inc. - Common stock",NASDAQ,N,1830033.0,2821,Materials
PCTY,Paylocity Holding Corporation - Common Stock,NASDAQ,N,1591698.0,7372,Technology
PCVX,"Vaxcyte, Inc. - Common Stock",NASDAQ,N,1649094.0,2836,Health Care
PCYO,Pure Cycle Corporation - Common Stock,NASDAQ,N,276720.0,4941,Utilities
PD,"PagerDuty, Inc. Common Stock",NYSE,,1568100.0,7372,Technology
PDC,Perpetuals.com Ltd - American Depositary Shares,NASDAQ,N,1944399.0,7371,Technology
PDCC,Pearl Diver Credit Company Inc. Common Stock,NYSE,,1998043.0,,
PDD,PDD Holdings Inc. - American Depositary Shares,NASDAQ,N,1737806.0,7389,Industrials
PDEX,"Pro-Dex, Inc. - Common Stock",NASDAQ,N,788920.0,3841,Health Care
PDFS,"PDF Solutions, Inc. - Common Stock",NASDAQ,N,1120914.0,7372,Technology
PDI,PIMCO Dynamic Income Fund Common Stock,NYSE,,1510599.0,,
PDLB,"Ponce Financial Group, Inc. - Common Stock",NASDAQ,N,1874071.0,6035,Financials
PDM,"Piedmont Realty Trust, Inc. Class A Common Stock",NYSE,,1042776.0,6512,Real Estate
PDO,PIMCO Dynamic Income Opportunities Fund Common Shares of Beneficial Interest,NYSE,,1798618.0,,
PDS,Precision Drilling Corporation Common Stock,NYSE,,1013605.0,1381,Energy
PDSB,PDS Biotechnology Corporation - Common Stock,NASDAQ,D,1472091.0,2834,Health Care
PDT,John Hancock Premium Dividend Fund,NYSE,,855886.0,,
PDX,PIMCO Dynamic Income Strategy Fund Common Shares of Beneficial Interest,NYSE,,1756908.0,,
PDYN,Palladyne AI Corp. - Common stock,NASDAQ,N,1826681.0,7372,Technology
PEB,Pebblebrook Hotel Trust Common Shares of Beneficial Interest,NYSE,,1474098.0,6798,Real Estate
PEBK,"Peoples Bancorp of North Carolina, Inc. - Common Stock",NASDAQ,N,1093672.0,6022,Financials
PEBO,Peoples Bancorp Inc. - Common Stock,NASDAQ,N,318300.0,6022,Financials
PECE,Peace Acquisition Corp - Ordinary Shares,NASDAQ,N,2088626.0,6770,Financials
PECO,"Phillips Edison & Company, Inc. - Common Stock",NASDAQ,N,1476204.0,6798,Real Estate
PED,Pedevco Corp. Common Stock,AMEX,,1141197.0,1311,Energy
PEG,Public Service Enterprise Group Incorporated Common Stock,NYSE,,788784.0,4931,Utilities
PEGA,Pegasystems Inc. - Common Stock,NASDAQ,N,1013857.0,7374,Technology
PEN,"Penumbra, Inc. Common Stock",NYSE,,1321732.0,3841,Health Care
PENG,"Penguin Solutions, Inc. - Common Stock",NASDAQ,N,1616533.0,3674,Technology
PENN,"PENN Entertainment, Inc. - Common Stock",NASDAQ,N,921738.0,7011,Consumer Discretionary
PEO,"Adams Natural Resources Fund, Inc. Common Stock",NYSE,,216851.0,,
PEP,"PepsiCo, Inc. - Common Stock",NASDAQ,N,77476.0,2080,Consumer Staples
PEPG,PepGen Inc. - Common Stock,NASDAQ,N,1835597.0,2834,Health Care
PERF,Perfect Corp. Class A Ordinary Share,NYSE,,1899830.0,7372,Technology
PERI,Perion Network Ltd - Ordinary Shares,NASDAQ,N,1338940.0,7371,Technology
PESI,"Perma-Fix Environmental Services, Inc. - Common Stock",NASDAQ,N,891532.0,4955,Utilities
PETS,"PetMed Express, Inc. - Common Stock",NASDAQ,N,1040130.0,5912,Consumer Discretionary
PETZ,"TDH Holdings, Inc. - Common Shares",NASDAQ,N,1684425.0,6531,Real Estate
PEW,GrabAGun Digital Holdings Inc. Common Stock,NYSE,,2051380.0,5940,Consumer Discretionary
PFAI,Pinnacle Food Group Limited - Class A Common Shares,NASDAQ,N,2032755.0,700,Consumer Staples
PFE,"Pfizer, Inc. Common Stock",NYSE,,78003.0,2834,Health Care
PFG,Principal Financial Group Inc - Common Stock,NASDAQ,N,1126328.0,6321,Insurance
PFGC,Performance Food Group Company Common Stock,NYSE,,1618673.0,5141,Industrials
PFIS,Peoples Financial Services Corp.  - Common Stock,NASDAQ,N,1056943.0,6021,Financials
PFL,PIMCO Income Strategy Fund Shares of Beneficial Interest,NYSE,,1244183.0,,
PFLT,PennantPark Floating Rate Capital Ltd. Common Stock,NYSE,,1504619.0,,
PFN,PIMCO Income Strategy Fund II,NYSE,,1296250.0,,
PFS,"Provident Financial Services, Inc Common Stock",NYSE,,1178970.0,6035,Financials
PFSA,"Profusa, Inc. - Common Stock",NASDAQ,N,1859807.0,3841,Health Care
PFSI,"PennyMac Financial Services, Inc. Common Stock",NYSE,,1745916.0,6162,Financials
PFX,PhenixFIN Corporation  - Common Stock,NASDAQ,N,1490349.0,,
PG,Procter & Gamble Company (The) Common Stock,NYSE,,80424.0,2840,Materials
PGAC,Pantages Capital Acquisition Corporation - Class A Ordinary Shares,NASDAQ,D,2030829.0,6770,Financials
PGC,Peapack-Gladstone Financial Corporation - Common Stock,NASDAQ,N,1050743.0,6029,Financials
PGEN,"Precigen, Inc. - Common Stock",NASDAQ,N,1356090.0,2834,Health Care
PGNY,"Progyny, Inc. - Common Stock",NASDAQ,N,1551306.0,8090,Health Care
PGP,Pimco Global StocksPlus & Income Fund Common Shares of Beneficial Interest,NYSE,,1318025.0,,
PGR,Progressive Corporation (The) Common Stock,NYSE,,80661.0,6331,Insurance
PGY,Pagaya Technologies Ltd. - Class A Ordinary Shares,NASDAQ,N,1883085.0,6199,
PGZ,Principal Real Estate Income Fund Common Shares of Beneficial Interest,NYSE,,1557523.0,,
PH,Parker-Hannifin Corporation Common Stock,NYSE,,76334.0,3490,Industrials
PHAR,"Pharming Group N.V. - ADS, each representing 10 ordinary shares",NASDAQ,N,1828316.0,2834,Health Care
PHAT,"Phathom Pharmaceuticals, Inc. - Common Stock",NASDAQ,N,1783183.0,2834,Health Care
PHG,Koninklijke Philips N.V. NY Registry Shares,NYSE,,313216.0,3844,Health Care
PHI,PLDT Inc. Sponsored ADR,NYSE,,78150.0,4813,Communication
PHIN,PHINIA Inc. Common Stock,NYSE,,1968915.0,3714,Industrials
PHIO,Phio Pharmaceuticals Corp. - Common Stock,NASDAQ,N,1533040.0,2834,Health Care
PHK,Pimco High Income Fund,NYSE,,1219360.0,,
PHM,"PulteGroup, Inc. Common Stock",NYSE,,822416.0,1531,Industrials
PHOE,Phoenix Asia Holdings Limited - Ordinary Shares,NASDAQ,N,2035709.0,1700,Industrials
PHOS,First Phosphate Corp. - American Depositary Shares,NASDAQ,N,1490078.0,1400,Materials
PHR,"Phreesia, Inc. Common Stock",NYSE,,1412408.0,7389,Industrials
PHUN,"Phunware, Inc. - Common Stock",NASDAQ,N,1665300.0,7374,Technology
PHVS,Pharvaris N.V. - Ordinary Shares,NASDAQ,N,1830487.0,2834,Health Care
PI,"Impinj, Inc. - Common Stock",NASDAQ,N,1114995.0,3679,Industrials
PICS,PicS N.V. - Class A Common Shares,NASDAQ,N,1841644.0,6141,Financials
PII,Polaris Inc. Common Stock,NYSE,,931015.0,3790,Industrials
PIII,P3 Health Partners Inc. - Class A Common Stock,NASDAQ,N,1832511.0,8000,Health Care
PIM,Franklin Master Intermediate Income Trust Shares of Beneficial Interest,NYSE,,830622.0,,
PINE,"Alpine Income Property Trust, Inc. Common Stock",NYSE,,1786117.0,6798,Real Estate
PINS,"Pinterest, Inc. Class A Common Stock",NYSE,,1506293.0,7370,Technology
PIPR,Piper Sandler Companies Common Stock,NYSE,,1230245.0,6211,Financials
PJT,PJT Partners Inc. Class A Common Stock,NYSE,,1626115.0,6282,Financials
PK,Park Hotels & Resorts Inc. Common Stock,NYSE,,1617406.0,7011,Consumer Discretionary
PKBK,"Parke Bancorp, Inc. - Common Stock",NASDAQ,N,1315399.0,6022,Financials
PKE,Park Aerospace Corp. Common Stock,NYSE,,76267.0,3728,Industrials
PKG,Packaging Corporation of America Common Stock,NYSE,,75677.0,2650,Materials
PKOH,Park-Ohio Holdings Corp. - Common Stock,NASDAQ,N,76282.0,3460,Industrials
PKX,POSCO HOLDINGS INC. American Depositary Shares (Each representing 1/4th of a share of Common Stock),NYSE,,889132.0,3312,Materials
PL,Planet Labs PBC Class A Common Stock,NYSE,,1836833.0,3663,Technology
PLAB,"Photronics, Inc. - Common Stock",NASDAQ,N,810136.0,3674,Technology
PLAG,Planet Green Holdings Corp. Common Stock,AMEX,,1117057.0,2030,Consumer Staples
PLAY,"Dave & Buster's Entertainment, Inc. - Common Stock",NASDAQ,N,1525769.0,5812,Consumer Discretionary
PLBC,Plumas Bancorp - Common Stock,NASDAQ,N,1168455.0,6153,Financials
PLBL,Polibeli Group Ltd - Class A Ordinary Shares,NASDAQ,N,2035697.0,5064,Industrials
PLBY,"Playboy, Inc. - Common Stock",NASDAQ,N,1803914.0,5900,Consumer Discretionary
PLCE,"Children's Place, Inc. (The) - Common Stock",NASDAQ,N,1041859.0,5651,Consumer Discretionary
PLCI,Pelican Acquisition II Corporation - Ordinary Shares,NASDAQ,N,2122392.0,6770,Financials
PLD,"Prologis, Inc. Common Stock",NYSE,,1045609.0,6798,Real Estate
PLG,Platinum Group Metals Ltd. Ordinary Shares (Canada),AMEX,,1095052.0,1040,Materials
PLGO,Pelagos Insurance Capital Limited Common Shares,NYSE,,1636639.0,6331,Insurance
PLMK,Plum Acquisition Corp. IV - Class A Ordinary Shares,NASDAQ,N,2030482.0,6770,Financials
PLMR,"Palomar Holdings, Inc. - Common stock",NASDAQ,N,1761312.0,6331,Insurance
PLNT,"Planet Fitness, Inc. Common Stock",NYSE,,1637207.0,7997,Communication
PLOW,"Douglas Dynamics, Inc. Common Stock",NYSE,,1287213.0,3531,Industrials
PLPC,Preformed Line Products Company - Common Stock,NASDAQ,N,80035.0,1623,Industrials
PLRX,"Pliant Therapeutics, Inc. - Common Stock",NASDAQ,N,1746473.0,2834,Health Care
PLRZ,Polyrizon Ltd. - Ordinary Shares,NASDAQ,N,1893645.0,3841,Health Care
PLSE,"Pulse Biosciences, Inc - Common Stock",NASDAQ,N,1625101.0,3841,Health Care
PLSM,Pulsenmore Ltd. - Ordinary Shares,NASDAQ,N,2064764.0,3841,Health Care
PLTK,Playtika Holding Corp. - Common Stock,NASDAQ,N,1828016.0,7374,Technology
PLTR,Palantir Technologies Inc. - Class A Common Stock,NASDAQ,N,1321655.0,7372,Technology
PLTS,Platinum Analytics Cayman Limited - Class A Ordinary Shares,NASDAQ,D,2053033.0,7372,Technology
PLUG,"Plug Power, Inc. - Common Stock",NASDAQ,N,1093691.0,3620,Industrials
PLUN,Plutonian Acquisition Corp II Class A Ordinary Shares,NYSE,,2065661.0,6770,Financials
PLUR,Pluri Inc. - Common Stock,NASDAQ,D,1158780.0,2836,Health Care
PLUS,ePlus inc. - Common Stock,NASDAQ,N,1022408.0,5045,Industrials
PLUT,Plutus Financial Group Limited - Ordinary Shares,NASDAQ,N,1933021.0,6200,Financials
PLX,"Protalix BioTherapeutics, Inc. (DE) Common Stock",AMEX,,1006281.0,2836,Health Care
PLXS,Plexus Corp. - Common Stock,NASDAQ,N,785786.0,3672,Industrials
PLYX,"Polaryx Therapeutics, Inc. - Common Stock",NASDAQ,N,2075320.0,2834,Health Care
PM,Philip Morris International Inc Common Stock,NYSE,,1413329.0,2111,Consumer Staples
PMA,PMA Graphene Technology Group Inc. - Class A Ordinary Shares,NASDAQ,D,1956166.0,1700,Industrials
PMAX,Powell Max Limited - Class A Ordinary Shares,NASDAQ,N,2012096.0,7380,Industrials
PMCB,"PharmaCyte  Biotech, Inc. - Common Stock",NASDAQ,D,1157075.0,2836,Health Care
PMEC,Primech Holdings Ltd. - Ordinary Shares,NASDAQ,D,1891944.0,7340,Industrials
PMI,"Picard Medical, Inc. Common Stock",AMEX,,2030617.0,3841,Health Care
PML,Pimco Municipal Income Fund II Common Shares of Beneficial Interest,NYSE,,1170299.0,,
PMM,Franklin Managed Municipal Income Trust Shares of Beneficial Interest,NYSE,,844790.0,,
PMN,ProMIS Neurosciences Inc. - Common Shares,NASDAQ,N,1374339.0,2834,Health Care
PMO,Franklin Municipal Opportunities Trust Shares of Beneficial Interest,NYSE,,900422.0,,
PMT,PennyMac Mortgage Investment Trust Common Shares of Beneficial Interest,NYSE,,1464423.0,6798,Real Estate
PMTR,Perimeter Acquisition Corp. I - Class A Ordinary Shares,NASDAQ,N,2061473.0,6770,Financials
PMTS,CPI Card Group Inc. - Common Stock,NASDAQ,N,1641614.0,2750,Communication
PMVP,"PMV Pharmaceuticals, Inc. - Common Stock",NASDAQ,N,1699382.0,2834,Health Care
PN,PN Smart Energy Limited - Class A Ordinary Shares,NASDAQ,N,2001288.0,5045,Industrials
PNBK,Patriot National Bancorp Inc. - Common Stock,NASDAQ,N,1098146.0,6021,Financials
PNC,"PNC Financial Services Group, Inc. (The) Common Stock",NYSE,,713676.0,6021,Financials
PNFP,"Pinnacle Financial Partners, Inc. Common stock",NYSE,,2082866.0,6021,Financials
PNI,Pimco New York Municipal Income Fund II Common Shares of Beneficial Interest,NYSE,,1170311.0,,
PNNT,PennantPark Investment Corporation Common Stock,NYSE,,1383414.0,,
PNR,Pentair plc. Ordinary Share,NYSE,,77360.0,3550,Industrials
PNRG,PrimeEnergy Resources Corporation - Common Stock,NASDAQ,N,56868.0,1311,Energy
PNTG,"The Pennant Group, Inc. - Common Stock",NASDAQ,N,1766400.0,8000,Health Care
PNW,Pinnacle West Capital Corporation Common Stock,NYSE,,764622.0,4911,Utilities
POAS,Phaos Technology Holdings (Cayman) Limited Class A Ordinary Shares,AMEX,,2024258.0,3823,Industrials
POCI,"Precision Optics Corporation, Inc. - Common stock",NASDAQ,N,867840.0,3845,Health Care
PODC,"PodcastOne, Inc. - Common Stock",NASDAQ,N,1940177.0,7370,Technology
PODD,Insulet Corporation - Common Stock,NASDAQ,N,1145197.0,3841,Health Care
POET,POET Technologies Inc. - Common Shares,NASDAQ,N,1437424.0,3674,Technology
POLA,"Polar Power, Inc. - Common Stock",NASDAQ,D,1622345.0,3690,Industrials
POLE,Andretti Acquisition Corp. II - Class A Ordinary Shares,NASDAQ,N,2025341.0,6770,Financials
POM,POMDOCTOR LIMITED - American Depositary Shares,NASDAQ,N,1877971.0,5900,Consumer Discretionary
PONO,"Pono Capital Four, Inc. - Class A Ordinary Shares",NASDAQ,N,2108164.0,6770,Financials
PONY,Pony AI Inc. - American Depositary Shares,NASDAQ,N,1969302.0,7373,Technology
POOL,Pool Corporation - Common Stock,NASDAQ,N,945841.0,5090,Industrials
POR,Portland General Electric Co Common Stock,NYSE,,784977.0,4911,Utilities
POST,"Post Holdings, Inc. Common Stock",NYSE,,1530950.0,2040,Consumer Staples
POWI,"Power Integrations, Inc. - Common Stock",NASDAQ,N,833640.0,3674,Technology
POWL,"Powell Industries, Inc. - Common Stock",NASDAQ,N,80420.0,3613,Industrials
POWW,Outdoor Holding Company - Common Stock,NASDAQ,N,1015383.0,7389,Industrials
PPBT,Purple Biotech Ltd. - American Depositary Shares,NASDAQ,N,1614744.0,2834,Health Care
PPC,Pilgrim's Pride Corporation - Common Stock,NASDAQ,N,802481.0,2015,Consumer Staples
PPCB,"Propanc Biopharma, Inc. - Common Stock",NASDAQ,N,1517681.0,2834,Health Care
PPG,"PPG Industries, Inc. Common Stock",NYSE,,79879.0,2851,Materials
PPHC,"Public Policy Holding Company, Inc. - Common Stock",NASDAQ,N,1903508.0,8742,Industrials
PPIH,"Perma-Pipe International Holdings, Inc. - Common Stock",NASDAQ,N,914122.0,3564,Industrials
PPL,PPL Corporation Common Stock,NYSE,,922224.0,4911,Utilities
PPLC,PPL Corporation Corporate Units,NYSE,,922224.0,4911,Utilities
PPLI,People Incorporated - Common Stock,NASDAQ,N,1800227.0,7370,Technology
PPSI,"Pioneer Power Solutions, Inc. - Common Stock",NASDAQ,N,1449792.0,3690,Industrials
PPT,Franklin Premier Income Trust Shares of Beneficial Interest,NYSE,,827773.0,,
PPTA,Perpetua Resources Corp. - Common Shares,NASDAQ,N,1526243.0,1040,Materials
PR,Permian Resources Corporation Class A Common Stock,NYSE,,1658566.0,1311,Energy
PRAA,"PRA Group, Inc. - Common Stock",NASDAQ,N,1185348.0,6153,Financials
PRAX,"Praxis Precision Medicines, Inc. - Common Stock",NASDAQ,N,1689548.0,2834,Health Care
PRCH,"Porch Group, Inc. - Common Stock",NASDAQ,N,1784535.0,7372,Technology
PRCT,PROCEPT BioRobotics Corporation - Common Stock,NASDAQ,N,1588978.0,3841,Health Care
PRDO,Perdoceo Education Corporation - Common Stock,NASDAQ,N,1046568.0,8200,Consumer Discretionary
PRE,Prenetics Global Limited - Class A Ordinary Share,NASDAQ,N,1876431.0,3826,Health Care
PRFX,PRF Technologies Ltd. - Ordinary Shares,NASDAQ,N,1801834.0,2834,Health Care
PRG,"PROG Holdings, Inc. Common Stock",NYSE,,1808834.0,7359,Industrials
PRGO,Perrigo Company plc Ordinary Shares,NYSE,,1585364.0,2834,Health Care
PRGS,Progress Software Corporation - Common Stock,NASDAQ,N,876167.0,7372,Technology
PRHI,"Presurance Holdings, Inc. - Common Stock",NASDAQ,N,1502292.0,6331,Insurance
PRI,"Primerica, Inc. Common Stock",NYSE,,1475922.0,6311,Insurance
PRIM,Primoris Services Corporation Common Stock,NYSE,,1361538.0,1623,Industrials
PRK,Park National Corporation Common Stock,AMEX,,805676.0,6021,Financials
PRKS,United Parks & Resorts Inc. Common Stock,NYSE,,1564902.0,7990,Communication
PRLB,"Proto Labs, Inc. Common stock",NYSE,,1443669.0,3440,Industrials
PRLD,Prelude Therapeutics Incorporated - Common Stock,NASDAQ,N,1678660.0,2834,Health Care
PRM,"Perimeter Solutions, SA Common Stock",NYSE,,1880319.0,2800,Materials
PRMB,Primo Brands Corporation Class A Common Stock,NYSE,,2042694.0,2080,Consumer Staples
PRME,"Prime Medicine, Inc. - Common Stock",NASDAQ,N,1894562.0,2836,Health Care
PROF,Profound Medical Corp. - common stock,NASDAQ,N,1628808.0,3841,Health Care
PROK,ProKidney Corp. - Class A Ordinary Shares,NASDAQ,N,1850270.0,2836,Health Care
PROP,Prairie Operating Co. - Common Stock,NASDAQ,D,1162896.0,1311,Energy
PROV,"Provident Financial Holdings, Inc. - Common Stock",NASDAQ,N,1010470.0,6035,Financials
PRPL,"Purple Innovation, Inc. - Common Stock",NASDAQ,N,1643953.0,2510,Industrials
PRPO,"Precipio, Inc. - Common Stock",NASDAQ,N,1043961.0,3826,Health Care
PRQR,ProQR Therapeutics N.V. - Ordinary Shares,NASDAQ,N,1612940.0,2834,Health Care
PRSO,Peraso Inc. - Common Stock,NASDAQ,D,890394.0,3674,Technology
PRSU,"Pursuit Attractions and Hospitality, Inc. Common Stock",NYSE,,884219.0,7990,Communication
PRT,PermRock Royalty Trust Units of Beneficial Interest,NYSE,,1724009.0,1311,Energy
PRTA,Prothena Corporation plc - Ordinary Shares,NASDAQ,N,1559053.0,2834,Health Care
PRTH,"Priority Technology Holdings, Inc. - Common Stock",NASDAQ,N,1653558.0,7389,Industrials
PRTS,"CarParts.com, Inc. - Common Stock",NASDAQ,N,1378950.0,5531,Consumer Discretionary
PRU,"Prudential Financial, Inc. Common Stock",NYSE,,1137774.0,6311,Insurance
PRVA,"Privia Health Group, Inc. - Common Stock",NASDAQ,N,1759655.0,8000,Health Care
PRZO,ParaZero Technologies Ltd. - Ordinary Shares,NASDAQ,D,1916241.0,3728,Industrials
PS,Pershing Square Inc. Common Stock,NYSE,,2026053.0,6282,Financials
PSA,Public Storage Common Stock,NYSE,,1393311.0,6798,Real Estate
PSBD,Palmer Square Capital BDC Inc. Common Stock,NYSE,,1794776.0,,
PSEC,Prospect Capital Corporation - Closed End Fund,NASDAQ,N,1287032.0,,
PSFE,Paysafe Limited Common Shares,NYSE,,1833835.0,7389,Industrials
PSHG,Performance Shipping Inc. - Common Shares,NASDAQ,N,1481241.0,4412,Transport
PSIG,PS International Group Ltd. - Ordinary Shares,NASDAQ,D,1997201.0,4731,Transport
PSIX,"Power Solutions International, Inc. - Common Stock",NASDAQ,N,1137091.0,3510,Industrials
PSKY,Paramount Skydance Corporation - Class B Common Stock,NASDAQ,N,2041610.0,4833,Communication
PSMT,"PriceSmart, Inc. - Common Stock",NASDAQ,N,1041803.0,5331,Consumer Discretionary
PSN,Parsons Corporation Common Stock,NYSE,,275880.0,7373,Technology
PSNL,"Personalis, Inc. - Common Stock",NASDAQ,N,1527753.0,8071,Health Care
PSNY,Polestar Automotive Holding UK Limited - Class A ADS,NASDAQ,N,1884082.0,3711,Industrials
PSO,"Pearson, Plc Common Stock",NYSE,,938323.0,2731,Communication
PSQH,"PSQ Holdings, Inc. Class A Common Stock",NYSE,,1847064.0,7310,Industrials
PSQL,Pasqal Holding SA - Ordinary Shares,NASDAQ,N,2119292.0,7374,Technology
PSTL,"Postal Realty Trust, Inc. Class A Common Stock",NYSE,,1759774.0,6798,Real Estate
PSUS,"Pershing Square USA, Ltd. Common Shares",NYSE,,2002660.0,,
PSX,Phillips 66 Common Stock,NYSE,,1534701.0,2911,Energy
PTAC,Patriot Acquisition Corp. - Class A Ordinary Shares,NASDAQ,N,2099095.0,6770,Financials
PTC,PTC Inc. - Common Stock,NASDAQ,N,857005.0,7372,Technology
PTCT,"PTC Therapeutics, Inc. - Common Stock",NASDAQ,N,1070081.0,2834,Health Care
PTEN,"Patterson-UTI Energy, Inc. - Common Stock",NASDAQ,N,889900.0,1381,Energy
PTGX,"Protagonist Therapeutics, Inc. - Common Stock",NASDAQ,N,1377121.0,2834,Health Care
PTHS,Pelthos Therapeutics Inc. Common Stock,AMEX,,1919246.0,2836,Health Care
PTLE,PTL LTD - Class A Ordinary Shares,NASDAQ,N,2016337.0,5172,Industrials
PTLO,Portillo's Inc. - Class A Common Stock,NASDAQ,N,1871509.0,5812,Consumer Discretionary
PTN,"Palatin Technologies, Inc. - Common Stock",NASDAQ,N,911216.0,2834,Health Care
PTON,"Peloton Interactive, Inc. - Common Stock",NASDAQ,N,1639825.0,3949,Consumer Discretionary
PTOR,Praetorian Acquisition Corp. - Class A Ordinary Shares,NASDAQ,N,2093912.0,6770,Financials
PTRN,Pattern Group Inc. - Series A Common Stock,NASDAQ,N,1811935.0,5961,Consumer Discretionary
PTY,Pimco Corporate & Income Opportunity Fund,NYSE,,1190935.0,,
PUBM,"PubMatic, Inc. - Class A Common Stock",NASDAQ,N,1422930.0,7370,Technology
PUK,Prudential Public Limited Company Common Stock,NYSE,,1116578.0,6311,Insurance
PULM,"Pulmatrix, Inc. - Common Stock",NASDAQ,N,1574235.0,2834,Health Care
PUMP,ProPetro Holding Corp. Common Stock,NYSE,,1680247.0,1389,Energy
PURR,Hyperliquid Strategies Inc - Common Stock,NASDAQ,N,2078856.0,6199,
PUSA,Aureus Greenway Holdings Inc. - Common Stock,NASDAQ,N,2009312.0,7997,Communication
PVH,PVH Corp. Common Stock,NYSE,,78239.0,2320,Consumer Discretionary
PVL,Permianville Royalty Trust Units of Beneficial Interest,NYSE,,1520048.0,1311,Energy
PVLA,"Palvella Therapeutics, Inc. - Common Stock",NASDAQ,N,1583648.0,2834,Health Care
PW,Power REIT (MD) Common Stock,AMEX,,1532619.0,6798,Real Estate
PWCM,"PowerCompute, Inc. - Common Stock",NASDAQ,N,1640384.0,6199,
PWP,Perella Weinberg Partners - Class A Common Stock,NASDAQ,N,1777835.0,6199,
PWR,"Quanta Services, Inc. Common Stock",NYSE,,1050915.0,1731,Industrials
PWRL,Powerlaw Corp. - Common Stock,NASDAQ,N,2052053.0,,
PXED,"Phoenix Education Partners, Inc. Common Stock",NYSE,,1600222.0,8200,Consumer Discretionary
PXLW,"Pixelworks, Inc. - Common Stock",NASDAQ,N,1040161.0,7372,Technology
PXS,Pyxis Tankers Inc. - Common Stock,NASDAQ,N,1640043.0,4412,Transport
PYPD,PolyPid Ltd. - Ordinary Shares,NASDAQ,N,1611842.0,3841,Health Care
PYPL,"PayPal Holdings, Inc. - Common Stock",NASDAQ,N,1633917.0,7389,Industrials
PYT,PPlus Tr GSC-2 Tr Ctf Fltg Rate,NYSE,,1294808.0,6189,Financials
PYXS,"Pyxis Oncology, Inc. - Common Stock",NASDAQ,N,1782223.0,2834,Health Care
PZG,Paramount Gold Nevada Corp. Common Stock,AMEX,,1629210.0,1000,Materials
PZZA,"Papa John's International, Inc. - Common Stock",NASDAQ,N,901491.0,5812,Consumer Discretionary
Q,"Qnity Electronics, Inc. Common Stock",NYSE,,2058873.0,3674,Technology
QADR,QDRO Acquisition Corp. - Class A Ordinary Shares,NASDAQ,N,2083217.0,6770,Financials
QBTS,D-Wave Quantum Inc. - Common Stock,NASDAQ,N,1907982.0,7374,Technology
QCLS,"Q/C Technologies, Inc. - Common Stock",NASDAQ,N,1321834.0,2835,Health Care
QCOM,QUALCOMM Incorporated - Common Stock,NASDAQ,N,804328.0,3663,Technology
QCRH,"QCR Holdings, Inc. - Common Stock",NASDAQ,N,906465.0,6022,Financials
QDEL,QuidelOrtho Corporation - Common Stock,NASDAQ,N,1906324.0,2835,Health Care
QETA,Quetta Acquisition Corporation - Common Stock,NASDAQ,D,1978528.0,6770,Financials
QFIN,"Qfin Holdings, Inc.  - American Depositary Shares",NASDAQ,N,1741530.0,6199,
QGEN,Qiagen N.V. Common Shares,NYSE,,1015820.0,2836,Health Care
QH,Quhuo Limited - Class A Ordinary Shares,NASDAQ,N,1781193.0,7389,Industrials
QLEP,Quantum Leap Acquisition Corp Class A Ordinary Shares,NYSE,,2102155.0,6770,Financials
QLYS,"Qualys, Inc. - Common Stock",NASDAQ,N,1107843.0,7372,Technology
QMCO,Quantum Corporation - Common Stock,NASDAQ,N,709283.0,3572,Technology
QMLS,"QumulusAI, Inc. - Common Stock",NASDAQ,N,2084026.0,7374,Technology
QNBC,QNB Corp. - Common Stock,NASDAQ,N,750558.0,6022,Financials
QNC,Quantum eMotion Corp. Common Shares,AMEX,,2106613.0,7372,Technology
QNCX,"Quince Therapeutics, Inc. - Common Stock",NASDAQ,D,1662774.0,2836,Health Care
QNME,"Quanome Technologies, Inc. - Common Stock",NASDAQ,D,1996192.0,4731,Transport
QNRX,"Quoin Pharmaceuticals, Ltd. - American Depositary Shares",NASDAQ,N,1671502.0,2834,Health Care
QNST,"QuinStreet, Inc. - Common Stock",NASDAQ,N,1117297.0,7389,Industrials
QNT,Quantinuum Inc. - Class A Common Stock,NASDAQ,N,2110105.0,7373,Technology
QNTM,Quantum Biopharma Ltd. - Class B Subordinate Voting Shares,NASDAQ,N,1771885.0,2834,Health Care
QQQX,Nuveen NASDAQ 100 Dynamic Overwrite Fund - Closed End Fund,NASDAQ,N,1608741.0,,
QRED,QuasarEdge Acquisition Corporation Ordinary Shares,NYSE,,2085177.0,6770,Financials
QRHC,Quest Resource Holding Corporation - Common Stock,NASDAQ,N,1442236.0,4953,Utilities
QRVO,"Qorvo, Inc. - Common Stock",NASDAQ,N,1604778.0,3674,Technology
QS,QuantumScape Corporation - Common Stock,NASDAQ,N,1811414.0,3690,Industrials
QSEA,Quartzsea Acquisition Corporation - Ordinary Shares,NASDAQ,N,2047455.0,6770,Financials
QSI,Quantum-Si Incorporated - Class A Common Stock,NASDAQ,D,1816431.0,3829,Industrials
QSR,Restaurant Brands International Inc. Common Shares,NYSE,,1618756.0,5812,Consumer Discretionary
QTEX,QTREX Quantum Ltd. - Ordinary Shares,NASDAQ,N,1837493.0,3841,Health Care
QTI,"QT Imaging Holdings, Inc. - Common Stock",NASDAQ,N,1844505.0,3845,Health Care
QTRX,Quanterix Corporation - Common Stock,NASDAQ,N,1503274.0,3826,Health Care
QTTB,Q32 Bio Inc. - Common Stock,NASDAQ,N,1661998.0,2834,Health Care
QTWO,"Q2 Holdings, Inc. Common Stock",NYSE,,1410384.0,7372,Technology
QUAD,"Quad Graphics, Inc Class A Common Stock",NYSE,,1481792.0,2750,Communication
QUBT,Quantum Computing Inc. - Common Stock,NASDAQ,N,1758009.0,7372,Technology
QUCY,Quantum Cyber N.V. - Ordinary Shares,NASDAQ,N,1874252.0,2834,Health Care
QUIK,QuickLogic Corporation - Common Stock,NASDAQ,N,882508.0,3674,Technology
QUMS,Quantumsphere Acquisition Corp. - Ordinary Shares,NASDAQ,N,2070900.0,6770,Financials
QURE,uniQure N.V. - Ordinary Shares,NASDAQ,N,1590560.0,2834,Health Care
QVCG,"QVC Group, Inc. - Common Stock",NASDAQ,N,1254699.0,5961,Consumer Discretionary
QXL,Quantum X Labs Inc. - Common Stock,NASDAQ,N,797542.0,7372,Technology
QXO,"QXO, Inc. Common Stock",NYSE,,1236275.0,5030,Industrials
R,"Ryder System, Inc. Common Stock",NYSE,,85961.0,7510,Consumer Discretionary
RA,Brookfield Real Assets Income Fund Inc. Common Stock,NYSE,,1655099.0,,
RAC,Rithm Acquisition Corp. Class A Ordinary Shares,NYSE,,2047497.0,6770,Financials
RACC,Research Alliance Corporation III - Class A Ordinary Shares,NASDAQ,N,2118032.0,2834,Health Care
RACD,Research Alliance Corporation IV - Class A Ordinary Shares,NASDAQ,N,2137777.0,6770,Financials
RACE,Ferrari N.V. Common Shares,NYSE,,1648416.0,3711,Industrials
RADX,Radiopharm Theranostics Limited - American Depositary Shares,NASDAQ,N,1949257.0,2834,Health Care
RAIL,"Freightcar America, Inc. - Common Stock",NASDAQ,N,1320854.0,3743,Industrials
RAIN,"Rain Enhancement Technologies Holdco, Inc. - Class A Common Stock",NASDAQ,D,2028293.0,3590,Industrials
RAL,Ralliant Corporation Common Stock,NYSE,,2041385.0,3823,Industrials
RAMP,"LiveRamp Holdings, Inc. Common Stock",NYSE,,733269.0,7374,Technology
RAND,Rand Capital Corporation - Closed End Fund,NASDAQ,N,81955.0,,
RANG,Range Capital Acquisition Corp. - Ordinary Shares,NASDAQ,D,2035644.0,6770,Financials
RANI,"Rani Therapeutics Holdings, Inc. - Class A Common Stock",NASDAQ,D,1856725.0,2834,Health Care
RAPP,"Rapport Therapeutics, Inc. - Common Stock",NASDAQ,N,2012593.0,2834,Health Care
RARE,Ultragenyx Pharmaceutical Inc. - Common Stock,NASDAQ,N,1515673.0,2834,Health Care
RAVE,"Rave Restaurant Group, Inc. - Common Stock",NASDAQ,N,718332.0,5140,Industrials
RAYA,Erayak Power Solution Group Inc. - Class A Ordinary Shares,NASDAQ,N,1825875.0,3621,Industrials
RBA,"RB Global, Inc. Common Stock",NYSE,,1046102.0,7389,Industrials
RBB,RBB Bancorp - Common Stock,NASDAQ,N,1499422.0,6022,Financials
RBBN,Ribbon Communications Inc.  - Common Stock,NASDAQ,N,1708055.0,7373,Technology
RBC,RBC Bearings Incorporated Common Stock,NYSE,,1324948.0,3562,Industrials
RBCAA,"Republic Bancorp, Inc. - Class A Common Stock",NASDAQ,N,921557.0,6022,Financials
RBKB,"Rhinebeck Bancorp, Inc. - Common Stock",NASDAQ,N,1751783.0,6036,Financials
RBLX,Roblox Corporation Class A Common Stock,NYSE,,1315098.0,7372,Technology
RBNE,Robin Energy Ltd. - Common Stock,NASDAQ,N,2039060.0,4412,Transport
RBRK,"Rubrik, Inc. Class A Common Stock",NYSE,,1943896.0,7372,Technology
RC,Ready Capital Corporation Common Stock,NYSE,,1527590.0,6798,Real Estate
RCAT,"Red Cat Holdings, Inc. - Common Stock",NASDAQ,N,748268.0,7372,Technology
RCBC,River City Bank - Common stock,NASDAQ,N,,,
RCEL,"Avita Medical, Inc. - Common Stock",NASDAQ,N,1762303.0,3841,Health Care
RCG,"RENN Fund, Inc Common Stock",AMEX,,919567.0,,
RCI,"Rogers Communication, Inc. Common Stock",NYSE,,733099.0,4841,Communication
RCKT,"Rocket Pharmaceuticals, Inc. - Common Stock",NASDAQ,N,1281895.0,2834,Health Care
RCKY,"Rocky Brands, Inc. - Common Stock",NASDAQ,N,895456.0,3140,Materials
RCL,Royal Caribbean Cruises Ltd. Common Stock,NYSE,,884887.0,4400,Transport
RCMT,"RCM Technologies, Inc. - Common Stock",NASDAQ,N,700841.0,7363,Industrials
RCON,"Recon Technology, Ltd. - Class A Ordinary Shares",NASDAQ,N,1442620.0,1389,Energy
RCS,"PIMCO Strategic Income Fund, Inc.",NYSE,,916183.0,,
RCT,RedCloud Holdings plc - Ordinary Shares,NASDAQ,D,2027360.0,5990,Consumer Discretionary
RCUS,"Arcus Biosciences, Inc. Common Stock",NYSE,,1724521.0,2834,Health Care
RDAC,Rising Dragon Acquisition Corp. - Ordinary Shares,NASDAQ,D,2018145.0,6770,Financials
RDAG,Republic Digital Acquisition Company - Class A Ordinary Shares,NASDAQ,N,2055459.0,6770,Financials
RDCM,Radcom Ltd. - Ordinary Shares,NASDAQ,N,1016838.0,3577,Technology
RDDT,"Reddit, Inc. Class A Common Stock",NYSE,,1713445.0,7374,Technology
RDGT,"Ridgetech, Inc. - Ordinary Shares",NASDAQ,N,1856084.0,5912,Consumer Discretionary
RDHL,Redhill Biopharma Ltd. - American Depositary Shares,NASDAQ,D,1553846.0,2834,Health Care
RDI,Reading International Inc - Class A Non-voting Common Stock,NASDAQ,N,716634.0,7830,Communication
RDIB,Reading International Inc - Class B Voting Common Stock,NASDAQ,N,716634.0,7830,Communication
RDN,Radian Group Inc. Common Stock,NYSE,,890926.0,6351,Insurance
RDNT,"RadNet, Inc. - Common Stock",NASDAQ,N,790526.0,8071,Health Care
RDNW,"RideNow Group, Inc. - Class B Common Stock",NASDAQ,N,1596961.0,7371,Technology
RDVT,"Red Violet, Inc. - Common Stock",NASDAQ,N,1720116.0,7372,Technology
RDW,Redwire Corporation Common Stock,NYSE,,1819810.0,3760,Industrials
RDWR,Radware Ltd. - Ordinary Shares,NASDAQ,N,1094366.0,7389,Industrials
RDY,Dr. Reddy's Laboratories Ltd Common Stock,NYSE,,1135951.0,2834,Health Care
RDZN,"Roadzen, Inc. - Ordinary Shares",NASDAQ,N,1868640.0,6411,Insurance
REA,"Rare Earths Americas, Inc. Common Stock",AMEX,,2095743.0,1000,Materials
REAL,"The RealReal, Inc. - Common Stock",NASDAQ,N,1573221.0,5900,Consumer Discretionary
REAX,Real REMAX Group Inc. - Common Stock,NASDAQ,N,2136387.0,6531,Real Estate
REBN,"Reborn Coffee, Inc. - Common Stock",NASDAQ,N,1707910.0,5812,Consumer Discretionary
RECT,Rectitude Holdings Ltd - Ordinary Shares,NASDAQ,N,1995116.0,3420,Industrials
REED,"Reed's, Inc. Common Stock",AMEX,,1140215.0,2086,Consumer Staples
REF,Reformation Inc. Common Stock,NYSE,,1787117.0,2330,Consumer Discretionary
REFI,"Chicago Atlantic Real Estate Finance, Inc. - Common Stock",NASDAQ,N,1867949.0,6798,Real Estate
REFR,Research Frontiers Incorporated - Common Stock,NASDAQ,D,793524.0,6794,Financials
REG,Regency Centers Corporation - Common Stock,NASDAQ,N,910606.0,6798,Real Estate
REGN,"Regeneron Pharmaceuticals, Inc. - Common Stock",NASDAQ,N,872589.0,2834,Health Care
REI,"Ring Energy, Inc. Common Stock",AMEX,,1384195.0,1311,Energy
REKR,"Rekor Systems, Inc. - Common Stock",NASDAQ,D,1697851.0,3669,Technology
RELL,"Richardson Electronics, Ltd. - Common Stock",NASDAQ,N,355948.0,5065,Industrials
RELX,RELX PLC PLC American Depositary Shares (Each representing One Ordinary Share),NYSE,,929869.0,7389,Industrials
RELY,"Remitly Global, Inc. - Common stock",NASDAQ,N,1782170.0,7389,Industrials
RENT,"Rent the Runway, Inc. - Class A Common Stock",NASDAQ,N,1468327.0,5990,Consumer Discretionary
RENX,RenX Enterprises Corp. - Common Stock,NASDAQ,N,1959023.0,4953,Utilities
REPL,"Replimune Group, Inc. - Common Stock",NASDAQ,N,1737953.0,2836,Health Care
REPX,"Riley Exploration Permian, Inc. Common Stock",AMEX,,1001614.0,1311,Energy
RERE,ATRenew Inc. American Depositary Shares (every three of which representing two Class A ordinary shares),NYSE,,1838957.0,5990,Consumer Discretionary
RES,"RPC, Inc. Common Stock",NYSE,,742278.0,1389,Energy
RETO,"ReTo Eco-Solutions, Inc. - Class A Shares",NASDAQ,N,1687277.0,3290,Materials
REVB,"Revelation Biosciences, Inc. - Common Stock",NASDAQ,N,1810560.0,2834,Health Care
REX,REX American Resources Corporation,NYSE,,744187.0,2860,Materials
REXR,"Rexford Industrial Realty, Inc. Common Stock",NYSE,,1571283.0,6798,Real Estate
REYN,Reynolds Consumer Products Inc. - Common Stock,NASDAQ,N,1786431.0,2673,Materials
REZI,"Resideo Technologies, Inc. Common Stock",NYSE,,1740332.0,5072,Industrials
RF,Regions Financial Corporation Common Stock,NYSE,,1281761.0,6021,Financials
RFAI,RF Acquisition Corp II - Ordinary Shares,NASDAQ,N,2012807.0,6770,Financials
RFAM,RF Acquisition Corp III - Ordinary Shares,NASDAQ,N,2091712.0,6770,Financials
RFI,"Cohen & Steers Total Return Realty Fund, Inc. Common Stock",NYSE,,891290.0,,
RFIL,"RF Industries, Ltd. - Common Stock",NASDAQ,N,740664.0,3678,Industrials
RFL,"Rafael Holdings, Inc. Class B Common Stock",NYSE,,1713863.0,2834,Health Care
RFM,"RiverNorth Flexible Municipal Income Fund, Inc. Common Stock",NYSE,,1790177.0,,
RFMZ,"RiverNorth Flexible Municipal Income Fund II, Inc. Common Stock",NYSE,,1817159.0,,
RGA,"Reinsurance Group of America, Incorporated Common Stock",NYSE,,898174.0,6311,Insurance
RGC,Regencell Bioscience Holdings Limited - Ordinary Shares,NASDAQ,N,1829667.0,2833,Health Care
RGCO,RGC Resources Inc. - Common Stock,NASDAQ,N,1069533.0,4923,Utilities
RGEN,Repligen Corporation - Common Stock,NASDAQ,N,730272.0,2836,Health Care
RGLD,"Royal Gold, Inc. - Common Stock",NASDAQ,N,85535.0,6795,Financials
RGNT,Regentis Biomaterials Ltd. Ordinary Shares,AMEX,,1912966.0,3842,Health Care
RGNX,REGENXBIO Inc. - Common Stock,NASDAQ,N,1590877.0,2836,Health Care
RGP,"Resources Connection, Inc. - Common Stock",NASDAQ,N,1084765.0,7389,Industrials
RGR,"Sturm, Ruger & Company, Inc. Common Stock",NYSE,,95029.0,3480,Industrials
RGS,Regis Corporation - Common Stock,NASDAQ,N,716643.0,7200,Consumer Discretionary
RGT,"Royce Global Trust, Inc. Common Stock",NYSE,,1514490.0,,
RGTI,"Rigetti Computing, Inc.  - Common stock",NASDAQ,N,1838359.0,7371,Technology
RH,RH Common Stock,NYSE,,1528849.0,5712,Consumer Discretionary
RHI,Robert Half Inc. Common Stock,NYSE,,315213.0,7363,Industrials
RHLD,Resolute Holdings Management Common Stock,NYSE,,2039497.0,6199,
RHP,"Ryman Hospitality Properties, Inc. (REIT)",NYSE,,1040829.0,6798,Real Estate
RIBB,Ribbon Acquisition Corp - Class A Ordinary Shares,NASDAQ,N,2035016.0,6770,Financials
RICK,"RCI Hospitality Holdings, Inc. - Common Stock",NASDAQ,N,935419.0,5812,Consumer Discretionary
RIG,Transocean Ltd (Switzerland) Common Stock,NYSE,,1451505.0,1381,Energy
RIGL,"Rigel Pharmaceuticals, Inc. - Common Stock",NASDAQ,N,1034842.0,2834,Health Care
RILY,"BRC Group Holdings, Inc. - Common Stock",NASDAQ,N,1464790.0,6282,Financials
RIME,"Algorhythm Holdings, Inc. - Common Stock",NASDAQ,D,923601.0,7373,Technology
RIO,Rio Tinto Plc Common Stock,NYSE,,863064.0,1000,Materials
RIOT,"Riot Platforms, Inc. - Common Stock",NASDAQ,N,1167419.0,6199,
RITM,Rithm Capital Corp. Common Stock,NYSE,,1556593.0,6798,Real Estate
RIV,"RiverNorth Opportunities Fund, Inc. Common Stock",NYSE,,1501072.0,,
RIVN,"Rivian Automotive, Inc. - Class A Common Stock",NASDAQ,N,1874178.0,3711,Industrials
RJET,Republic Airways Holdings Inc. - Common Stock,NASDAQ,N,810332.0,4512,Transport
RJF,"Raymond James Financial, Inc. Common Stock",NYSE,,720005.0,6211,Financials
RKDA,"Arcadia Biosciences, Inc. - Common Stock",NASDAQ,D,1469443.0,1311,Energy
RKLB,Rocket Lab Corporation - Common Stock,NASDAQ,N,1819994.0,3760,Industrials
RKT,"Rocket Companies, Inc. Class A Common Stock",NYSE,,1805284.0,6162,Financials
RKTO,Rocket One Inc. - Common Stock,NASDAQ,D,1711786.0,2834,Health Care
RL,Ralph Lauren Corporation Common Stock,NYSE,,1037038.0,2320,Consumer Discretionary
RLAY,"Relay Therapeutics, Inc. - Common Stock",NASDAQ,N,1812364.0,2836,Health Care
RLGT,"Radiant Logistics, Inc. Common Stock",AMEX,,1171155.0,4731,Transport
RLI,RLI Corp. Common Stock (DE),NYSE,,84246.0,6331,Insurance
RLJ,RLJ Lodging Trust Common Shares of Beneficial Interest $0.01 par value,NYSE,,1511337.0,6798,Real Estate
RLMD,"Relmada Therapeutics, Inc. - Common Stock",NASDAQ,N,1553643.0,2834,Health Care
RLTY,Cohen & Steers Real Estate Opportunities and Income Fund Common Shares of Beneficial Interest,NYSE,,1866874.0,,
RLX,"RLX Technology Inc. American Depositary Shares, each representing the right to receive one (1) Class A ordinary share",NYSE,,1828365.0,2111,Consumer Staples
RLYB,Rallybio Corporation - Common Stock,NASDAQ,N,1739410.0,2834,Health Care
RM,Regional Management Corp. Common Stock,NYSE,,1519401.0,6141,Financials
RMBI,"Richmond Mutual Bancorporation, Inc. - Common Stock",NASDAQ,N,1767837.0,6022,Financials
RMBS,"Rambus, Inc. - Common Stock",NASDAQ,N,917273.0,3674,Technology
RMCF,"Rocky Mountain Chocolate Factory, Inc. - Common Stock",NASDAQ,N,1616262.0,2060,Consumer Staples
RMCO,Royalty Management Holding Corporation - Class A Common Stock,NASDAQ,N,1843656.0,6794,Financials
RMD,ResMed Inc. Common Stock,NYSE,,943819.0,3841,Health Care
RMI,"RiverNorth Opportunistic Municipal Income Fund, Inc. Common Stock",NYSE,,1746967.0,,
RMIX,"Suncrete, Inc. - Class A Common Stock",NASDAQ,N,2094433.0,3272,Materials
RML,Resolution Minerals Ltd - American Depositary Shares,NASDAQ,N,2102907.0,1040,Materials
RMM,"RiverNorth Managed Duration Municipal Income Fund, Inc. Common Stock",NYSE,,1771226.0,,
RMMZ,"RiverNorth Managed Duration Municipal Income Fund II, Inc. Common Stock",NYSE,,1870833.0,,
RMNI,"Rimini Street, Inc. - Common Stock",NASDAQ,N,1635282.0,7389,Industrials
RMR,The RMR Group Inc. - Class A Common Stock,NASDAQ,N,1644378.0,8742,Industrials
RMSG,Real Messenger Corporation - Ordinary Shares,NASDAQ,D,1983324.0,7370,Technology
RMT,"Royce Micro-Cap Trust, Inc. Common Stock",NYSE,,912147.0,,
RMTI,"Rockwell Medical, Inc. - Common Stock",NASDAQ,N,1041024.0,2834,Health Care
RNA,"Atrium Therapeutics, Inc. - Common Stock",NASDAQ,N,2093101.0,2834,Health Care
RNAC,"Cartesian Therapeutics, Inc. - Common Stock",NASDAQ,N,1453687.0,2834,Health Care
RNAQ,Rainier Acquisition Corporation - Class A Ordinary Shares,NASDAQ,N,2147219.0,6770,Financials
RNAZ,"TransCode Therapeutics, Inc. - Common Stock",NASDAQ,N,1829635.0,2834,Health Care
RNG,"RingCentral, Inc. Class A Common Stock",NYSE,,1384905.0,7374,Technology
RNGR,"Ranger Energy Services, Inc. Class A Common Stock",NYSE,,1699039.0,1389,Energy
RNGT,Range Capital Acquisition Corp II - Class A Ordinary Shares,NASDAQ,N,2078653.0,6770,Financials
RNR,RenaissanceRe Holdings Ltd. Common Stock,NYSE,,913144.0,6331,Insurance
RNST,Renasant Corporation Common Stock,NYSE,,715072.0,6022,Financials
RNTX,"Rein Therapeutics, Inc. - Common Stock",NASDAQ,D,1420565.0,2834,Health Care
RNW,ReNew Energy Global plc - Class A Shares,NASDAQ,N,1848763.0,4911,Utilities
RNXT,"RenovoRx, Inc. - Common Stock",NASDAQ,N,1574094.0,2834,Health Care
ROAD,"Construction Partners, Inc. - Common Stock",NASDAQ,D,1718227.0,1600,Industrials
ROC,Rank One Computing Corporation - Common stock,NASDAQ,N,2077709.0,7372,Technology
ROCK,"Gibraltar Industries, Inc. - Common Stock",NASDAQ,N,912562.0,3310,Materials
ROG,Rogers Corporation Common Stock,NYSE,,84748.0,2821,Materials
ROIV,Roivant Sciences Ltd. - Common Shares,NASDAQ,N,1635088.0,2834,Health Care
ROK,"Rockwell Automation, Inc. Common Stock",NYSE,,1024478.0,3829,Industrials
ROKU,"Roku, Inc. - Class A Common Stock",NASDAQ,N,1428439.0,4841,Communication
ROL,"Rollins, Inc. Common Stock",NYSE,,84839.0,7340,Industrials
ROLR,"High Roller Technologies, Inc. Common Stock",AMEX,,1947210.0,7900,Communication
ROMA,Roma Green Finance Limited - Class A Ordinary Shares,NASDAQ,N,1945240.0,8742,Industrials
ROOT,"Root, Inc. - Common Stock",NASDAQ,N,1788882.0,6331,Insurance
ROP,"Roper Technologies, Inc. - Common Stock",NASDAQ,N,882835.0,3823,Industrials
ROST,"Ross Stores, Inc. - Common Stock",NASDAQ,N,745732.0,5651,Consumer Discretionary
RPAY,Repay Holdings Corporation - Class A Common Stock,NASDAQ,N,1720592.0,7389,Industrials
RPC,"Ridgepost Capital, Inc. Class A Common Stock",NYSE,,1841968.0,6282,Financials
RPD,"Rapid7, Inc. - Common Stock",NASDAQ,N,1560327.0,7372,Technology
RPGL,Republic Power Group Limited - Class A Ordinary Shares,NASDAQ,N,1912884.0,7372,Technology
RPID,"Rapid Micro Biosystems, Inc. - Class A Common Stock",NASDAQ,N,1380106.0,3826,Health Care
RPM,RPM International Inc. Common Stock,NYSE,,110621.0,2851,Materials
RPRX,Royalty Pharma plc - Class A Ordinary Shares,NASDAQ,N,1802768.0,2834,Health Care
RPT,Rithm Property Trust Inc. Common stock,NYSE,,1614806.0,6798,Real Estate
RQI,Cohen & Steers Quality Income Realty Fund Inc Common Shares,NYSE,,1157842.0,,
RR,Richtech Robotics Inc. - Class B Common Stock,NASDAQ,N,1963685.0,3569,Industrials
RRBI,"Red River Bancshares, Inc. - Common Stock",NASDAQ,N,1071236.0,6022,Financials
RRC,Range Resources Corporation Common Stock,NYSE,,315852.0,1311,Energy
RREV,RRE Ventures Acquisition Corp. - Class A Ordinary Shares,NASDAQ,N,2123969.0,6770,Financials
RRGB,"Red Robin Gourmet Burgers, Inc. - Common Stock",NASDAQ,N,1171759.0,5812,Consumer Discretionary
RRR,"Red Rock Resorts, Inc. - Class A Common Stock",NASDAQ,N,1653653.0,7011,Consumer Discretionary
RRX,Regal Rexnord Corporation Common Stock,NYSE,,82811.0,3569,Industrials
RS,"Reliance, Inc. Common Stock",NYSE,,861884.0,5051,Industrials
RSF,RiverNorth Capital and Income Fund Common Stock,NYSE,,1644771.0,,
RSG,"Republic Services, Inc. Common Stock",NYSE,,1060391.0,4953,Utilities
RSI,"Rush Street Interactive, Inc. Class A Common Stock",NYSE,,1793659.0,7990,Communication
RSKD,Riskified Ltd. Class A Ordinary Shares,NYSE,,1851112.0,7389,Industrials
RSSS,"Research Solutions, Inc - Common Stock",NASDAQ,N,1386301.0,7389,Industrials
RSVR,"Reservoir Media, Inc.. - Common Stock",NASDAQ,N,1824403.0,7900,Communication
RTAC,Renatus Tactical Acquisition Corp I - Class A Ordinary Shares,NASDAQ,D,2035173.0,6770,Financials
RTB,"RTB Digital, Inc. - Common Stock",NASDAQ,N,1419275.0,8742,Industrials
RTO,Rentokil Initial plc American Depositary Shares (each representing five (5) Ordinary Shares),NYSE,,930157.0,8741,Industrials
RTX,RTX Corporation Common Stock,NYSE,,101829.0,3724,Industrials
RUBI,Rubico Inc. - Common Stock,NASDAQ,N,1943421.0,4400,Transport
RUM,RUM Group Inc. - Class A Common Stock,NASDAQ,N,1830081.0,7370,Technology
RUN,Sunrun Inc. - Common Stock,NASDAQ,N,1469367.0,3690,Industrials
RUSHA,"Rush Enterprises, Inc. - Class A Common Stock",NASDAQ,N,1012019.0,5500,Consumer Discretionary
RUSHB,"Rush Enterprises, Inc. - Class B Common Stock",NASDAQ,N,1012019.0,5500,Consumer Discretionary
RVI,Robinhood Ventures Fund I Common Shares of Beneficial Interest,NYSE,,2085091.0,,
RVII,Robinhood Ventures Fund II Common Shares of Beneficial Interest,NYSE,,2131040.0,,
RVLV,"Revolve Group, Inc. Class A Common Stock",NYSE,,1746618.0,5961,Consumer Discretionary
RVMD,"Revolution Medicines, Inc. - Common Stock",NASDAQ,N,1628171.0,2836,Health Care
RVP,"Retractable Technologies, Inc. Common Stock",AMEX,,946563.0,3841,Health Care
RVSB,Riverview Bancorp Inc - Common Stock,NASDAQ,N,1041368.0,6035,Financials
RVSN,Rail Vision Ltd. - Ordinary Shares,NASDAQ,N,1743905.0,3743,Industrials
RVT,"Royce Small-Cap Trust, Inc. Common Stock",NYSE,,804116.0,,
RVTY,"Revvity, Inc. Common Stock",NYSE,,31791.0,3826,Health Care
RWAY,Runway Growth Finance Corp. - Common Stock,NASDAQ,N,1653384.0,,
RWT,"Redwood Trust, Inc. Common Stock",NYSE,,930236.0,6798,Real Estate
RXO,"RXO, Inc. Common Stock",NYSE,,1929561.0,4700,Transport
RXRX,"Recursion Pharmaceuticals, Inc. - Class A Common Stock",NASDAQ,N,1601830.0,2836,Health Care
RXST,"RxSight, Inc. - Common Stock",NASDAQ,N,1111485.0,3851,Health Care
RXT,"Rackspace Technology, Inc. - Common Stock",NASDAQ,N,1810019.0,7370,Technology
RY,Royal Bank Of Canada Common Stock,NYSE,,1000275.0,6029,Financials
RYAAY,"Ryanair Holdings plc - American Depositary Shares, each representing five Ordinary Shares",NASDAQ,N,1038683.0,4512,Transport
RYAM,Rayonier Advanced Materials Inc. Common Stock,NYSE,,1597672.0,2611,Materials
RYAN,"Ryan Specialty Holdings, Inc. Class A Common Stock",NYSE,,1849253.0,6411,Insurance
RYDE,Ryde Group Ltd. Class A Ordinary Shares,AMEX,,1971115.0,7389,Industrials
RYET,Ruanyun Edai Technology Inc. - Ordinary shares,NASDAQ,N,1873454.0,7372,Technology
RYM,"RYTHM, Inc. - Common Stock",NASDAQ,N,1800637.0,700,Consumer Staples
RYN,Rayonier Inc. REIT Common Stock,NYSE,,52827.0,6798,Real Estate
RYOJ,"rYojbaba Co., Ltd. - Common Shares",NASDAQ,N,2012600.0,8742,Industrials
RYTM,"Rhythm Pharmaceuticals, Inc. - Common Stock",NASDAQ,N,1649904.0,2834,Health Care
RYZ,Ryerson Holding Corporation Common Stock,NYSE,,1481582.0,5051,Industrials
RZLT,"Rezolute, Inc. - Common Stock (NV)",NASDAQ,N,1509261.0,2834,Health Care
RZLV,Rezolve AI PLC - Ordinary Shares,NASDAQ,N,1920294.0,7370,Technology
S,"SentinelOne, Inc. Class A Common Stock",NYSE,,1583708.0,7372,Technology
SA,"Seabridge Gold, Inc. Common Shares New",NYSE,,1231346.0,1040,Materials
SAAQ,Space Asset Acquisition Corp. - Class A Ordinary Shares,NASDAQ,N,2091222.0,6770,Financials
SABA,Saba Capital Income & Opportunities Fund II Shares of Beneficial Interest,NYSE,,828803.0,,
SABR,Sabre Corporation - Common Stock,NASDAQ,N,1597033.0,7370,Technology
SABS,"SAB Biotherapeutics, Inc. - Common Stock",NASDAQ,N,1833214.0,2836,Health Care
SAC,Safeguard Acquisition Corp. Class A Ordinary Shares,NYSE,,2082844.0,6770,Financials
SACH,Sachem Capital Corp. Common Shares,AMEX,,1682220.0,6798,Real Estate
SAFE,Safehold Inc. New Common Stock,NYSE,,1095651.0,6798,Real Estate
SAFT,"Safety Insurance Group, Inc. - Common Stock",NASDAQ,N,1172052.0,6331,Insurance
SAFX,"XCF Global, Inc. - Class A Common Stock",NASDAQ,D,2019793.0,2860,Materials
SAGT,SAGTEC GLOBAL LIMITED - Class A Ordinary shares,NASDAQ,D,2029138.0,7372,Technology
SAGU,Shreya Acquisition Group Class A Ordinary Shares,NYSE,,2083452.0,6770,Financials
SAH,"Sonic Automotive, Inc. Common Stock",NYSE,,1043509.0,5500,Consumer Discretionary
SAIA,"Saia, Inc. - Common Stock",NASDAQ,N,1177702.0,4213,Transport
SAIC,Science Applications International Corporation - Common Stock,NASDAQ,N,1571123.0,7373,Technology
SAIH,SAIHEAT Limited - Class A Ordinary Shares,NASDAQ,N,1847075.0,6199,
SAIL,"SailPoint, Inc. - Common Stock",NASDAQ,N,2030781.0,7372,Technology
SAM,"Boston Beer Company, Inc. (The) Common Stock",NYSE,,949870.0,2082,Consumer Staples
SAMG,Silvercrest Asset Management Group Inc. - Common Stock,NASDAQ,N,1549966.0,6282,Financials
SAMO,Samos Energy Acquisition Corporation Class A Ordinary Shares,NYSE,,2125567.0,6770,Financials
SAN,"Banco Santander, S.A. Sponsored ADR (Spain)",NYSE,,891478.0,6029,Financials
SANA,"Sana Biotechnology, Inc. - Common Stock",NASDAQ,N,1770121.0,2836,Health Care
SANG,Sangoma Technologies Corporation - Common Shares,NASDAQ,N,1753368.0,7370,Technology
SANM,Sanmina Corporation - Common Stock,NASDAQ,N,897723.0,3672,Industrials
SAP,SAP  SE ADS,NYSE,,1000184.0,7372,Technology
SAR,Saratoga Investment Corp New,NYSE,,1377936.0,,
SARO,"StandardAero, Inc. Common Stock",NYSE,,2025410.0,3724,Industrials
SATL,Satellogic Inc. - Class A Common Stock,NASDAQ,N,1874315.0,3663,Technology
SB,"Safe Bulkers, Inc Common Stock ($0.001 par value)",NYSE,,1434754.0,4412,Transport
SBAC,SBA Communications Corporation - Class A Common Stock,NASDAQ,N,1034054.0,6798,Real Estate
SBC,SBC Medical Group Holdings Incorporated - Common Stock,NASDAQ,D,1930313.0,8011,Health Care
SBCF,Seacoast Banking Corporation of Florida - Common Stock,NASDAQ,N,730708.0,6022,Financials
SBET,"Sharplink, Inc. - Common Stock",NASDAQ,N,1981535.0,6199,
SBFG,"SB Financial Group, Inc. - Common Stock",NASDAQ,N,767405.0,6022,Financials
SBFM,Sunshine Biopharma Inc. - Common stock,NASDAQ,N,1402328.0,2834,Health Care
SBGI,"Sinclair, Inc. - Class A Common Stock",NASDAQ,N,1971213.0,4833,Communication
SBH,"Sally Beauty Holdings, Inc. (Name to be changed from Sally Holdings, Inc.) Common Stock",NYSE,,1368458.0,5990,Consumer Discretionary
SBI,Western Asset Intermediate Muni Fund Inc Common Stock,NYSE,,882300.0,0,
SBLK,Star Bulk Carriers Corp. - Common Shares,NASDAQ,N,1386716.0,4412,Transport
SBMT,Silver Bow Mining Corp. Common Shares,AMEX,,2067674.0,1040,Materials
SBR,Sabine Royalty Trust Common Stock,NYSE,,710752.0,6792,Financials
SBRA,"Sabra Health Care REIT, Inc. - Common Stock",NASDAQ,N,1492298.0,6798,Real Estate
SBS,Companhia de saneamento Basico Do Estado De Sao Paulo - Sabesp American Depositary Shares (Each repstg 250 Common Shares),NYSE,,1170858.0,4941,Utilities
SBSI,"Southside Bancshares, Inc. Common Stock",NYSE,,705432.0,6022,Financials
SBSW,D/B/A Sibanye-Stillwater Limited ADS,NYSE,,1786909.0,1040,Materials
SBUX,Starbucks Corporation - Common Stock,NASDAQ,N,829224.0,5810,Consumer Discretionary
SBXD,SilverBox Corp IV Class A Ordinary Shares,NYSE,,2015947.0,6770,Financials
SBXE,SilverBox Corp V Class A Ordinary Shares,NYSE,,2081909.0,6770,Financials
SCAG,Scage Future - American Depositary Shares,NASDAQ,D,2000366.0,3713,Industrials
SCCO,Southern Copper Corporation Common Stock,NYSE,,1001838.0,1000,Materials
SCD,LMP Capital and Income Fund Inc. Common Stock,NYSE,,1270131.0,,
SCHL,Scholastic Corporation - Common Stock,NASDAQ,N,866729.0,2731,Communication
SCHW,Charles Schwab Corporation (The) Common Stock,NYSE,,316709.0,6211,Financials
SCI,Service Corporation International Common Stock,NYSE,,89089.0,7200,Consumer Discretionary
SCII,SC II Acquisition Corp. - Class A ordinary share,NASDAQ,N,2076739.0,6770,Financials
SCKT,"Socket Mobile, Inc. - Common Stock",NASDAQ,D,944075.0,3571,Technology
SCL,Stepan Company Common Stock,NYSE,,94049.0,2840,Materials
SCLX,Scilex Holding Company - Common Stock,NASDAQ,N,1820190.0,2836,Health Care
SCM,Stellus Capital Investment Corporation Common Stock,NYSE,,1551901.0,,
SCNI,Scinai Immunotherapeutics Ltd. - American Depositary Shares,NASDAQ,N,1611747.0,2836,Health Care
SCNX,"Scienture Holdings, Inc. - Common Stock",NASDAQ,D,1382574.0,2834,Health Care
SCOR,"comScore, Inc. - Common Stock",NASDAQ,N,1158172.0,7389,Industrials
SCPQ,Social Commerce Partners Corporation - Class A Ordinary Shares,NASDAQ,N,2083143.0,6770,Financials
SCSC,"ScanSource, Inc. - Common Stock",NASDAQ,N,918965.0,5045,Industrials
SCTX,Scribe Therapeutics Inc. - Common Stock,NASDAQ,N,1853921.0,2836,Health Care
SCWO,374Water Inc. - common stock,NASDAQ,N,933972.0,3621,Industrials
SCYX,"SCYNEXIS, Inc. - Common Stock",NASDAQ,N,1178253.0,2834,Health Care
SCZM,Santacruz Silver Mining Ltd. - Common Shares,NASDAQ,N,1548536.0,1040,Materials
SD,"SandRidge Energy, Inc. Common Stock",NYSE,,1349436.0,1311,Energy
SDA,SunCar Technology Group Inc. - Ordinary Shares,NASDAQ,D,1936804.0,7500,Consumer Discretionary
SDEV,Stablecoin Development Corporation Common Stock,AMEX,,1389545.0,2834,Health Care
SDGR,"Schrodinger, Inc. - Common Stock",NASDAQ,N,1490978.0,2834,Health Care
SDHC,Smith Douglas Homes Corp. Class A Common Stock,NYSE,,1982518.0,1531,Industrials
SDHI,Siddhi Acquisition Corp - Class A Common stock,NASDAQ,N,2034037.0,6770,Financials
SDHY,PGIM Short Duration High Yield Opportunities Fund Common Shares,NYSE,,1812923.0,,
SDOT,Sadot Group Inc. - Common Stock,NASDAQ,N,1701756.0,5810,Consumer Discretionary
SDRL,Seadrill Limited Common Shares,NYSE,,1737706.0,1381,Energy
SDST,Stardust Power Inc. - Common Stock,NASDAQ,D,1831979.0,3330,Materials
SE,"Sea Limited American Depositary Shares, each representing one Class A Ordinary Share",NYSE,,1703399.0,7380,Industrials
SEAT,Vivid Seats Inc. - Class A common stock,NASDAQ,N,1856031.0,7990,Communication
SEB,Seaboard Corporation Common Stock,AMEX,,88121.0,5150,Industrials
SECZ,Securitize Corp. Common Stock,NYSE,,2094496.0,6199,
SEDG,"SolarEdge Technologies, Inc. - Common Stock",NASDAQ,N,1419612.0,3674,Technology
SEED,Origin Agritech Limited - Ordinary Shares,NASDAQ,N,1321851.0,100,Consumer Staples
SEER,"Seer, Inc. - Class A Common Stock",NASDAQ,N,1726445.0,3826,Health Care
SEG,Seaport Entertainment Group Inc. Common Stock,NYSE,,2009684.0,7990,Communication
SEGG,Sports Entertainment Gaming Global Corporation  - Common Stock,NASDAQ,E,1673481.0,7372,Technology
SEI,"Solaris Energy Infrastructure, Inc. Class A Common Stock",NYSE,,1697500.0,3533,Industrials
SEIC,SEI Investments Company - Common Stock,NASDAQ,N,350894.0,6211,Financials
SELF,"Global Self Storage, Inc. - Common Stock",NASDAQ,N,1031235.0,6798,Real Estate
SENEA,Seneca Foods Corp. - Class A Common Stock,NASDAQ,N,88948.0,2033,Consumer Staples
SENEB,Seneca Foods Corp. - Class B Common Stock,NASDAQ,N,88948.0,2033,Consumer Staples
SENS,"Senseonics Holdings, Inc. - Common Stock",NASDAQ,N,1616543.0,3823,Industrials
SEPN,"Septerna, Inc. - Common Stock",NASDAQ,N,1984086.0,2834,Health Care
SER,"Serina Therapeutics, Inc. Common Stock",AMEX,,1708599.0,2834,Health Care
SERA,"Sera Prognostics, Inc. - Class A Common Stock",NASDAQ,N,1534969.0,8071,Health Care
SERV,Serve Robotics Inc. - Common Stock,NASDAQ,N,1832483.0,3569,Industrials
SES,SES AI Corporation Class A Common Stock,NYSE,,1819142.0,3690,Industrials
SEV,Aptera Motors Corp. - Class B Common Stock,NASDAQ,N,1786471.0,3711,Industrials
SEVN,Seven Hills Realty Trust  - Common Stock,NASDAQ,N,1452477.0,6798,Real Estate
SEZL,Sezzle Inc. - Common Stock,NASDAQ,N,1662991.0,7389,Industrials
SF,Stifel Financial Corporation Common Stock,NYSE,,720672.0,6211,Financials
SFBC,"Sound Financial Bancorp, Inc. - Common Stock",NASDAQ,N,1541119.0,6035,Financials
SFBS,"ServisFirst Bancshares, Inc. Common Stock",NYSE,,1430723.0,6022,Financials
SFD,"Smithfield Foods, Inc. - Common Stock",NASDAQ,N,91388.0,2011,Consumer Staples
SFHG,Samfine Creation Holdings Group Limited - Class A Ordinary Share,NASDAQ,N,1926792.0,2750,Communication
SFIX,"Stitch Fix, Inc. - Class A Common Stock",NASDAQ,N,1576942.0,5961,Consumer Discretionary
SFL,SFL Corporation Ltd,NYSE,,1289877.0,4412,Transport
SFM,"Sprouts Farmers Market, Inc. - Common Stock",NASDAQ,N,1575515.0,5411,Consumer Staples
SFNC,Simmons First National Corporation - Common Stock,NASDAQ,N,90498.0,6021,Financials
SFST,"Southern First Bancshares, Inc. - Common Stock",NASDAQ,N,1090009.0,6021,Financials
SFWL,Shengfeng Development Limited - Class A Ordinary Shares,NASDAQ,N,1863218.0,4210,Transport
SG,"Sweetgreen, Inc. Class A Common Stock",NYSE,,1477815.0,5812,Consumer Discretionary
SGA,"Saga Communications, Inc. - Class A Common Stock",NASDAQ,N,886136.0,4832,Communication
SGC,"Superior Group of Companies, Inc. - Common Stock",NASDAQ,N,95574.0,2300,Consumer Discretionary
SGHC,Super Group (SGHC) Limited Ordinary Shares,NYSE,,1878057.0,7990,Communication
SGHT,"Sight Sciences, Inc. - Common Stock",NASDAQ,N,1531177.0,3841,Health Care
SGI,Somnigroup International Inc. Common Stock,NYSE,,1206264.0,2510,Industrials
SGLD,Scorpio Gold Corporation - Common Stock,NASDAQ,N,1467093.0,1040,Materials
SGLY,Singularity Future Technology Ltd. - Common Stock,NASDAQ,N,1422892.0,4731,Transport
SGML,Sigma Lithium Corporation - common shares,NASDAQ,N,1848309.0,1000,Materials
SGMT,Sagimet Biosciences Inc. - Series A Common Stock,NASDAQ,N,1400118.0,2834,Health Care
SGP,"SpyGlass Pharma, Inc. - Common Stock",NASDAQ,N,1778922.0,3841,Health Care
SGRX,SANGRIX INC. - Class A Ordinary Shares,NASDAQ,N,1735556.0,6199,
SGRY,"Surgery Partners, Inc. - Common Stock",NASDAQ,N,1638833.0,8062,Health Care
SGU,Star Group L.P. Common Stock,NYSE,,1002590.0,5990,Consumer Discretionary
SHAK,"Shake Shack, Inc. Class A Common Stock",NYSE,,1620533.0,5810,Consumer Discretionary
SHAZ,"SharonAI Holdings, Inc. - Class A Common Stock",NASDAQ,N,2068385.0,7374,Technology
SHBI,"Shore Bancshares, Inc. - Common Stock",NASDAQ,N,1035092.0,6021,Financials
SHC,Sotera Health Company - Common Stock,NASDAQ,N,1822479.0,8090,Health Care
SHEL,Shell PLC American Depositary Shares (each representing two (2) Ordinary Shares),NYSE,,1306965.0,1311,Energy
SHEN,Shenandoah Telecommunications Co - Common Stock,NASDAQ,N,354963.0,4813,Communication
SHFS,"SHF Holdings, Inc. - Class A Common Stock",NASDAQ,D,1854963.0,6199,
SHG,Shinhan Financial Group Co Ltd American Depositary Shares,NYSE,,1263043.0,6021,Financials
SHIM,Shimmick Corporation - Common Stock,NASDAQ,N,1887944.0,1600,Industrials
SHIP,Seanergy Maritime Holdings Corp. - Common Stock,NASDAQ,N,1448397.0,4412,Transport
SHLS,"Shoals Technologies Group, Inc. - Class A Common Stock",NASDAQ,N,1831651.0,3674,Technology
SHMD,SCHMID Group N.V. - Class A Ordinary Shares,NASDAQ,N,1987240.0,3590,Industrials
SHO,"Sunstone Hotel Investors, Inc. Sunstone Hotel Investors, Inc. Common Shares",NYSE,,1295810.0,7011,Consumer Discretionary
SHOE,"Shoe Station Group, Inc. - Common Stock",NASDAQ,N,895447.0,5661,Consumer Discretionary
SHOO,"Steven Madden, Ltd. - Common Stock",NASDAQ,N,913241.0,3140,Materials
SHOP,Shopify Inc. - Class A Subordinate Voting Shares,NASDAQ,N,1594805.0,7372,Technology
SHOT,RMG ML Sports Holdings - Class A Ordinary Shares,NASDAQ,N,2104879.0,6770,Financials
SHPH,"Shuttle Pharmaceuticals Holdings, Inc. - common stock",NASDAQ,E,1757499.0,2834,Health Care
SHW,Sherwin-Williams Company (The) Common Stock,NYSE,,89800.0,5200,Consumer Discretionary
SI,"Shoulder Innovations, Inc. Common Stock",NYSE,,1699350.0,3841,Health Care
SIBN,"SI-BONE, Inc. - Common Stock",NASDAQ,N,1459839.0,3841,Health Care
SID,Companhia Siderurgica Nacional S.A. Common Stock,NYSE,,1049659.0,3310,Materials
SIDU,"Sidus Space, Inc. - Class A Common Stock",NASDAQ,N,1879726.0,4812,Communication
SIEB,Siebert Financial Corp. - Common Stock,NASDAQ,N,65596.0,6211,Financials
SIF,"SIFCO Industries, Inc. Common Stock",AMEX,,90168.0,3724,Industrials
SIFY,Sify Technologies Limited - American Depository Shares,NASDAQ,N,1094324.0,7370,Technology
SIG,Signet Jewelers Limited Common Shares,NYSE,,832988.0,5944,Consumer Discretionary
SIGA,SIGA Technologies Inc. - Common Stock,NASDAQ,N,1010086.0,2834,Health Care
SIGI,"Selective Insurance Group, Inc. - Common Stock",NASDAQ,N,230557.0,6331,Insurance
SII,Sprott Inc. Common Shares,NYSE,,1512920.0,6199,
SILC,Silicom Ltd - Ordinary Shares,NASDAQ,N,916793.0,3576,Technology
SILO,"Silo Pharma, Inc. - Common Stock",NASDAQ,N,1514183.0,2834,Health Care
SIM,"Grupo Simec, S.A.B. de C.V. American Depositary Shares",AMEX,,887153.0,3312,Materials
SIMA,SIM Acquisition Corp. I - Class A Ordinary Shares,NASDAQ,N,2014982.0,6770,Financials
SIMO,"Silicon Motion Technology Corporation - American Depositary Shares, each representing four ordinary shares",NASDAQ,N,1329394.0,3674,Technology
SIND,Sinda Ltd. Common Stock,NYSE,,2096861.0,1040,Materials
SINT,"SiNtx Technologies, Inc. - Common Stock",NASDAQ,N,1269026.0,3841,Health Care
SION,"Sionna Therapeutics, Inc. - Common Stock",NASDAQ,N,2036042.0,2834,Health Care
SIRI,SiriusXM Holdings Inc. - Common Stock,NASDAQ,N,908937.0,4832,Communication
SITC,SITE Centers Corp. Common Stock,NYSE,,894315.0,6798,Real Estate
SITE,"SiteOne Landscape Supply, Inc. Common Stock",NYSE,,1650729.0,5040,Industrials
SITM,SiTime Corporation - Common Stock,NASDAQ,N,1451809.0,3674,Technology
SJ,Scienjoy Holding Corporation - Class A Ordinary Shares,NASDAQ,N,1753673.0,7374,Technology
SJM,The J.M. Smucker Company Common Stock,NYSE,,91419.0,2033,Consumer Staples
SJT,San Juan Basin Royalty Trust Common Stock,NYSE,,319655.0,6792,Financials
SKE,Skeena Resources Limited Common Shares,NYSE,,1713748.0,1040,Materials
SKHY,SK hynix Inc. - American Depositary Shares,NASDAQ,N,2120882.0,3674,Technology
SKIL,Skillsoft Corp. Class A Common Stock,NYSE,,1774675.0,7372,Technology
SKIN,SkinHealth Systems Inc. - Class A Common Stock,NASDAQ,D,1818093.0,3841,Health Care
SKK,SKK Holdings Limited - Class A Ordinary Shares,NASDAQ,N,1991261.0,1623,Industrials
SKM,"SK Telecom Co., Ltd. Common Stock",NYSE,,1015650.0,4812,Communication
SKT,Tanger Inc. Common Stock,NYSE,,899715.0,6798,Real Estate
SKWD,"Skyward Specialty Insurance Group, Inc. - Common Stock",NASDAQ,N,1519449.0,6331,Insurance
SKY,"Champion Homes, Inc. Common Stock",NYSE,,90896.0,2451,Industrials
SKYA,"SkyAI, Inc. - Common Stock",NASDAQ,N,1737995.0,3841,Health Care
SKYE,"Skye Bioscience, Inc. - Common Stock",NASDAQ,D,1516551.0,2834,Health Care
SKYH,Sky Harbour Group Corporation Class A Common Stock,NYSE,,1823587.0,6500,Real Estate
SKYQ,Sky Quarry Inc. - Common Stock,NASDAQ,N,1812447.0,4955,Utilities
SKYW,"SkyWest, Inc. - Common Stock",NASDAQ,N,793733.0,4512,Transport
SKYX,SKYX Platforms Corp. - Common Stock,NASDAQ,N,1598981.0,3640,Industrials
SLAB,"Silicon Laboratories, Inc. - Common Stock",NASDAQ,N,1038074.0,3674,Technology
SLB,SLB Limited Common Shares,NYSE,,87347.0,1389,Energy
SLBT,SL Science Holding Limited - Ordinary Shares,NASDAQ,N,2070534.0,2836,Health Care
SLDB,Solid Biosciences Inc. - Common Stock,NASDAQ,N,1707502.0,2836,Health Care
SLDE,"Slide Insurance Holdings, Inc. - Common Stock",NASDAQ,N,1886428.0,6331,Insurance
SLDP,"Solid Power, Inc. - Class A Common Stock",NASDAQ,N,1844862.0,3690,Industrials
SLE,"Super League Enterprise, Inc. - Common Stock",NASDAQ,N,1621672.0,7373,Technology
SLF,Sun Life Financial Inc. Common Stock,NYSE,,1097362.0,6311,Insurance
SLG,SL Green Realty Corp Common Stock,NYSE,,1040971.0,6798,Real Estate
SLGB,Smart Logistics Global Limited - Class A Ordinary Shares,NASDAQ,D,1987189.0,4731,Transport
SLGL,Sol-Gel Technologies Ltd. - Ordinary Shares,NASDAQ,N,1684693.0,2834,Health Care
SLGN,Silgan Holdings Inc. Common Stock,NYSE,,849869.0,3411,Industrials
SLI,Standard Lithium Ltd. Common Shares,AMEX,,1537137.0,2800,Materials
SLM,SLM Corporation - Common Stock,NASDAQ,N,1032033.0,6141,Financials
SLMT,Brera Holdings PLC - Class B Ordinary Shares,NASDAQ,N,1939965.0,7900,Communication
SLN,Silence Therapeutics Plc - American Depository Share,NASDAQ,N,1479615.0,2834,Health Care
SLND,"Southland Holdings, Inc. Common Stock",AMEX,,1883814.0,1600,Industrials
SLNG,"Stabilis Solutions, Inc. - Common Stock",NASDAQ,N,1043186.0,4924,Utilities
SLNH,"Soluna Holdings, Inc. - Common Stock",NASDAQ,N,64463.0,6199,
SLP,"Simulations Plus, Inc. - Common Stock",NASDAQ,N,1023459.0,7373,Technology
SLQT,"SelectQuote, Inc. Common Stock",NYSE,,1794783.0,6411,Insurance
SLRC,SLR Investment Corp. - Closed End Fund,NASDAQ,N,1418076.0,,
SLS,"SELLAS Life Sciences Group, Inc.  - Common Stock",NASDAQ,N,1390478.0,2834,Health Care
SLSN,"Solesence, Inc. - Common stock",NASDAQ,N,883107.0,2844,Materials
SLSR,Solaris Resources Inc. Common Shares,AMEX,,2019103.0,1040,Materials
SLVM,Sylvamo Corporation Common Stock,NYSE,,1856485.0,2621,Materials
SLXN,Silexion Therapeutics Corp - Ordinary Shares,NASDAQ,D,2022416.0,2836,Health Care
SM,SM Energy Company Common Stock,NYSE,,893538.0,1311,Energy
SMA,"SmartStop Self Storage REIT, Inc. Common Stock",NYSE,,1585389.0,6798,Real Estate
SMBC,"Southern Missouri Bancorp, Inc. - Common Stock",NASDAQ,N,916907.0,6036,Financials
SMBK,"SmartFinancial, Inc. Common Stock",NYSE,,1038773.0,6021,Financials
SMC,Summit Midstream Corporation Common Stock,NYSE,,2024218.0,4922,Utilities
SMCI,"Super Micro Computer, Inc. - Common Stock",NASDAQ,N,1375365.0,3571,Technology
SMFG,Sumitomo Mitsui Financial Group Inc Unsponsored American Depositary Shares (Japan),NYSE,,1022837.0,6029,Financials
SMG,Scotts Miracle-Gro Company (The) Common Stock,NYSE,,825542.0,2870,Materials
SMHI,SEACOR Marine Holdings Inc. Common Stock,NYSE,,1690334.0,4412,Transport
SMID,Smith-Midland Corporation - Common Stock,NASDAQ,N,924719.0,3272,Materials
SMJF,SMJ International Holdings Inc. Class A Ordinary Shares,AMEX,,2070954.0,5030,Industrials
SMMT,Summit Therapeutics Inc.  - Common Stock,NASDAQ,N,1599298.0,2834,Health Care
SMP,"Standard Motor Products, Inc. Common Stock",NYSE,,93389.0,3714,Industrials
SMPL,The Simply Good Foods Company - Common Stock,NASDAQ,N,1702744.0,2000,Consumer Staples
SMR,NuScale Power Corporation Class A Common Stock,NYSE,,1822966.0,3443,Industrials
SMRT,"SmartRent, Inc. Class A Common Stock",NYSE,,1837014.0,7373,Technology
SMSI,"Smith Micro Software, Inc. - Common Stock",NASDAQ,N,948708.0,7372,Technology
SMTC,Semtech Corporation - Common Stock,NASDAQ,N,88941.0,3674,Technology
SMTI,Sanara MedTech Inc. - Common Stock,NASDAQ,N,714256.0,3842,Health Care
SMTK,"SmartKem, Inc. - Common Stock",NASDAQ,N,1817760.0,3674,Technology
SMWB,Similarweb Ltd. Ordinary Shares,NYSE,,1842731.0,7370,Technology
SMX,SMX (Security Matters) Public Limited Company - Ordinary Shares,NASDAQ,N,1940674.0,3590,Industrials
SMXT,Solarmax Technology Inc. - Common Stock,NASDAQ,H,1519472.0,1700,Industrials
SN,"SharkNinja, Inc. Ordinary Shares",NYSE,,1957132.0,3630,Industrials
SNA,Snap-On Incorporated Common Stock,NYSE,,91440.0,3420,Industrials
SNAL,"Snail, Inc. - Class A Common Stock",NASDAQ,D,1886894.0,7372,Technology
SNAP,Snap Inc. Class A Common Stock,NYSE,,1564408.0,7370,Technology
SND,"Smart Sand, Inc. - Common Stock",NASDAQ,N,1529628.0,1400,Materials
SNDA,"Sonida Senior Living, Inc. Common Stock",NYSE,,1043000.0,8050,Health Care
SNDK,Sandisk Corporation - Common Stock When-Issued,NASDAQ,N,2023554.0,3572,Technology
SNDL,SNDL Inc. - Common Shares,NASDAQ,N,1766600.0,2833,Health Care
SNDR,"Schneider National, Inc. Common Stock",NYSE,,1692063.0,4213,Transport
SNDX,"Syndax Pharmaceuticals, Inc. - Common Stock",NASDAQ,N,1395937.0,2834,Health Care
SNES,"SenesTech, Inc. - Common Stock",NASDAQ,N,1680378.0,2870,Materials
SNEX,StoneX Group Inc. - Common Stock,NASDAQ,N,913760.0,6200,Financials
SNFCA,Security National Financial Corporation - Class A Common Stock,NASDAQ,N,318673.0,6199,
SNGX,"Soligenix, Inc. - Common Stock",NASDAQ,D,812796.0,2834,Health Care
SNN,"Smith & Nephew SNATS, Inc. Common Stock",NYSE,,845982.0,3842,Health Care
SNOA,"Sonoma Pharmaceuticals, Inc. - Common Stock",NASDAQ,N,1367083.0,3841,Health Care
SNOW,Snowflake Inc. Common Stock,NYSE,,1640147.0,7372,Technology
SNPS,"Synopsys, Inc. - Common Stock",NASDAQ,N,883241.0,7372,Technology
SNSC,SunScout Holding Limited Class A Ordinary Shares,AMEX,,2101240.0,3674,Technology
SNT,Senstar Technologies Corporation - Common Shares,NASDAQ,N,1993727.0,3669,Technology
SNTG,Sentage Holdings Inc. - Class A Ordinary Shares,NASDAQ,N,1810467.0,6199,
SNTI,"Senti Biosciences Holdings, Inc. - Common Stock",NASDAQ,D,1854270.0,2836,Health Care
SNWV,"SANUWAVE Health, Inc. - Common Stock",NASDAQ,N,1417663.0,3841,Health Care
SNX,TD SYNNEX Corporation Common Stock,NYSE,,1177394.0,5045,Industrials
SNY,Sanofi - American Depositary Shares,NASDAQ,N,1121404.0,2834,Health Care
SO,Southern Company (The) Common Stock,NYSE,,92122.0,4911,Utilities
SOAR,"Volato Group, Inc. Class A Common Stock",AMEX,,1853070.0,4522,Transport
SOBO,South Bow Corporation Common Shares,NYSE,,2019061.0,4610,Energy
SOC,Sable Offshore Corp. Common Stock,NYSE,,1831481.0,1311,Energy
SOCA,Solarius Capital Acquisition Corp. - Class A Ordinary Share,NASDAQ,N,2065948.0,6770,Financials
SOFI,"SoFi Technologies, Inc.  - Common Stock",NASDAQ,N,1818874.0,6199,
SOGP,Sound Group Inc. - American Depositary Shares,NASDAQ,N,1783407.0,7370,Technology
SOHU,Sohu.com Limited  - American Depositary Shares,NASDAQ,N,1734107.0,7374,Technology
SOLS,Solstice Advanced Materials Inc. - Common Stock,NASDAQ,N,2064953.0,2800,Materials
SOLV,Solventum Corporation Common Stock,NYSE,,1964738.0,3841,Health Care
SOMN,Southern Company (The) 2025 Series A Corporate Units,NYSE,,92122.0,4911,Utilities
SON,Sonoco Products Company Common Stock,NYSE,,91767.0,2650,Materials
SONM,"DNA X, Inc. - Common Stock",NASDAQ,D,1178697.0,3661,Technology
SONO,"Sonos, Inc. - Common Stock",NASDAQ,N,1314727.0,3651,Industrials
SONY,Sony Group Corporation American Depositary Shares,NYSE,,313838.0,3651,Industrials
SOPH,SOPHiA GENETICS SA - Ordinary Shares,NASDAQ,N,1840706.0,7374,Technology
SOR,"Source Capital, Inc. Cmn Shs of BI",NYSE,,91847.0,,
SORA,AsiaStrategy - Ordinary Shares,NASDAQ,N,2033515.0,5094,Industrials
SORN,Soren Acquisition Corp. - Class A Ordinary Shares,NASDAQ,N,2086263.0,6770,Financials
SOS,SOS Limited Class A Ordinary Shares,NYSE,,1346610.0,6200,Financials
SOTK,Sono-Tek Corporation - Common Stock,NASDAQ,N,806172.0,3559,Industrials
SOUL,Soulpower Acquisition Corporation Class A Ordinary Shares,NYSE,,2025608.0,6770,Financials
SOUN,"SoundHound AI, Inc. - Class A Common Stock",NASDAQ,N,1840856.0,7372,Technology
SOWG,Sow Good Inc. - Common Stock,NASDAQ,N,1490161.0,2000,Consumer Staples
SPAI,Safe Pro Group Inc. - Common Stock,NASDAQ,N,2011208.0,3842,Health Care
SPB,"Spectrum Brands Holdings, Inc. Common Stock",NYSE,,109177.0,3690,Industrials
SPCB,"SuperCom, Ltd. - Ordinary Shares",NASDAQ,N,1291855.0,3674,Technology
SPCE,"Virgin Galactic Holdings, Inc. Common Stock",NYSE,,1706946.0,4700,Transport
SPCX,Space Exploration Technologies Corp. - Class A Common Stock,NASDAQ,N,1181412.0,7370,Technology
SPE,"Special Opportunities Fund, Inc Common Stock",NYSE,,897802.0,,
SPEG,Silver Pegasus Acquisition Corp - Class A Ordinary Shares,NASDAQ,N,2028735.0,6770,Financials
SPFI,"South Plains Financial, Inc. - Common Stock",NASDAQ,N,1163668.0,6022,Financials
SPG,"Simon Property Group, Inc. Common Stock",NYSE,,1063761.0,6798,Real Estate
SPGI,S&P Global Inc. Common Stock,NYSE,,64040.0,7320,Industrials
SPH,"Suburban Propane Partners, L.P. Common Stock",NYSE,,1005210.0,5900,Consumer Discretionary
SPHL,Springview Holdings Ltd - Ordinary shares,NASDAQ,N,2002236.0,1520,Industrials
SPHR,Sphere Entertainment Co. Class A Common Stock,NYSE,,1795250.0,7900,Communication
SPIR,"Spire Global, Inc. Class A Common Stock",NYSE,,1816017.0,4899,Communication
SPKL,Spark I Acquisition Corp. - Class A Ordinary Share,NASDAQ,D,1884046.0,6770,Financials
SPMC,"Sound Point Meridian Capital, Inc. Common Stock",NYSE,,1930147.0,,
SPNT,SiriusPoint Ltd. Common Shares,NYSE,,1576018.0,6331,Insurance
SPOK,"Spok Holdings, Inc. - Common Stock",NASDAQ,N,1289945.0,4812,Communication
SPOT,Spotify Technology S.A. Ordinary Shares,NYSE,,1639920.0,4832,Communication
SPPL,SIMPPLE LTD. - Ordinary Shares,NASDAQ,N,1948697.0,8744,Industrials
SPRB,"Spruce Biosciences, Inc. - Common Stock",NASDAQ,N,1683553.0,2834,Health Care
SPRC,SciSparc Ltd. - Ordinary Shares,NASDAQ,N,1611746.0,2834,Health Care
SPRO,"Spero Therapeutics, Inc. - Common Stock",NASDAQ,N,1701108.0,2834,Health Care
SPRU,Spruce Power Holding Corporation Class A Common Stock,NYSE,,1772720.0,4911,Utilities
SPRY,"ARS Pharmaceuticals, Inc. - Common Stock",NASDAQ,N,1671858.0,2834,Health Care
SPSC,"SPS Commerce, Inc. - Common Stock",NASDAQ,N,1092699.0,7372,Technology
SPT,"Sprout Social, Inc - Class A Common Stock",NASDAQ,N,1517375.0,7372,Technology
SPTX,"Seaport Therapeutics, Inc. - Common Stock",NASDAQ,N,2042347.0,2834,Health Care
SPWH,"Sportsman's Warehouse Holdings, Inc. - Common Stock",NASDAQ,N,1132105.0,5940,Consumer Discretionary
SPWR,SunPower Inc. - Common Stock,NASDAQ,D,1838987.0,1700,Industrials
SPXC,"SPX Technologies, Inc. Common Stock",NYSE,,88205.0,3540,Industrials
SPXX,Nuveen S&P 500 Dynamic Overwrite Fund,NYSE,,1338561.0,,
SQFT,"Presidio Property Trust, Inc. - Class A Common Stock",NASDAQ,N,1080657.0,6798,Real Estate
SQM,Sociedad Quimica y Minera S.A. Common Stock,NYSE,,909037.0,1400,Materials
SQNS,Sequans Communications S.A. American Depositary Shares (each representing one hundred (100) Ordinary Shares),NYSE,,1383395.0,3674,Technology
SR,Spire Inc. Common Stock,NYSE,,1126956.0,4924,Utilities
SRAD,Sportradar Group AG - Class A Ordinary Shares,NASDAQ,N,1836470.0,7370,Technology
SRBK,"SR Bancorp, Inc. - Common stock",NASDAQ,N,1951276.0,6036,Financials
SRCE,1st Source Corporation - Common Stock,NASDAQ,N,34782.0,6022,Financials
SRE,DBA Sempra Common Stock,NYSE,,1032208.0,4932,Utilities
SRFM,Surf Air Mobility Inc. Common Stock,NYSE,,1936224.0,4522,Transport
SRG,Seritage Growth Properties Class A Common Stock,NYSE,,1628063.0,6500,Real Estate
SRI,"Stoneridge, Inc. Common Stock",NYSE,,1043337.0,3714,Industrials
SRL,Scully Royalty Ltd.,NYSE,,16859.0,6795,Financials
SRPT,"Sarepta Therapeutics, Inc. - Common Stock",NASDAQ,N,873303.0,2834,Health Care
SRRK,Scholar Rock Holding Corporation - Common Stock,NASDAQ,N,1727196.0,2836,Health Care
SRTA,"Strata Critical Medical, Inc. - Class A Common Stock",NASDAQ,N,1779128.0,8000,Health Care
SRTS,"Sensus Healthcare, Inc. - Common Stock",NASDAQ,N,1494891.0,3841,Health Care
SRV,NXG Cushing Midstream Energy Fund Common Shares of Beneficial Interest,NYSE,,1400897.0,,
SRXH,SRX Global Inc. Common Stock,AMEX,,1471727.0,2080,Consumer Staples
SRZN,"Surrozen, Inc. - Common Stock",NASDAQ,N,1824893.0,2836,Health Care
SSAC,SPACSphere Acquisition Corp. - Class A Ordinary Shares,NASDAQ,N,2081300.0,6770,Financials
SSB,SouthState Bank Corporation Common Stock,NYSE,,764038.0,6022,Financials
SSBI,Summit State Bank - Common Stock,NASDAQ,N,,,
SSD,"Simpson Manufacturing Company, Inc. Common Stock",NYSE,,920371.0,3420,Industrials
SSEA,Starry Sea Acquisition Corp - Ordinary Shares,NASDAQ,N,2059165.0,6770,Financials
SSII,SS Innovations International Inc. - Common Stock,NASDAQ,N,1676163.0,3841,Health Care
SSL,Sasol Ltd. American Depositary Shares,NYSE,,314590.0,1311,Energy
SSM,Sono Group N.V. - Ordinary Shares,NASDAQ,N,1840416.0,3674,Technology
SSMR,Sunshine Silver Mining & Refining Company Common Stock,NYSE,,2091017.0,1040,Materials
SSNC,"SS&C Technologies Holdings, Inc. - Common Stock",NASDAQ,N,1402436.0,7372,Technology
SSP,E.W. Scripps Company (The) - Class A Common Stock,NASDAQ,N,832428.0,4833,Communication
SSRM,SSR Mining Inc. - Common Stock,NASDAQ,N,921638.0,6795,Financials
SST,"System1, Inc. Class A Common Stock",NYSE,,1805833.0,7370,Technology
SSTI,"SoundThinking, Inc. - Common Stock",NASDAQ,N,1351636.0,7372,Technology
SSTK,"Shutterstock, Inc. Common Stock",NYSE,,1549346.0,7374,Technology
SSYS,"Stratasys, Ltd. - Common Stock",NASDAQ,N,1517396.0,3577,Technology
ST,Sensata Technologies Holding plc Ordinary Shares,NYSE,,1477294.0,3823,Industrials
STAA,STAAR Surgical Company - Common Stock,NASDAQ,N,718937.0,3851,Health Care
STAG,"Stag Industrial, Inc. Common Stock",NYSE,,1479094.0,6798,Real Estate
STAK,STAK Inc. - Class A Ordinary Shares,NASDAQ,N,2002453.0,3533,Industrials
STBA,"S&T Bancorp, Inc. - Common Stock",NASDAQ,N,719220.0,6022,Financials
STC,Stewart Information Services Corporation Common Stock,NYSE,,94344.0,6361,Insurance
STDN,"Standard Nuclear, Inc. Class A Common Stock",NYSE,,2086716.0,2810,Materials
STE,STERIS plc (Ireland) Ordinary Shares,NYSE,,1757898.0,3842,Health Care
STEM,"Stem, Inc. Class A Common Stock",NYSE,,1758766.0,7373,Technology
STEP,StepStone Group Inc. - Class A Common Stock,NASDAQ,N,1796022.0,6282,Financials
STEW,"SRH Total Return Fund, Inc. Common Stock",NYSE,,102426.0,,
STEX,Streamex Corp. - Common Stock,NASDAQ,N,1530766.0,3845,Health Care
STFS,Star Fashion Culture Holdings Limited - Class A Ordinary Shares,NASDAQ,N,2003061.0,7310,Industrials
STG,"Sunlands Technology Group American Depositary Shares, representing Class A ordinary shares",NYSE,,1723935.0,8200,Consumer Discretionary
STGW,Stagwell Inc. - Class A Common Stock,NASDAQ,N,876883.0,7311,Industrials
STHO,Star Holdings - Shares of Beneficial Interest,NASDAQ,N,1953366.0,6519,Real Estate
STI,"Solidion Technology, Inc. - Common Stock",NASDAQ,N,1881551.0,3690,Industrials
STIM,"Neuronetics, Inc. - Common Stock",NASDAQ,N,1227636.0,3841,Health Care
STK,Columbia Seligman Premium Technology Growth Fund Inc,NYSE,,1471420.0,,
STKE,Sol Strategies Inc. - Common Shares,NASDAQ,N,1846839.0,6199,
STKH,Steakholder Foods Ltd. - American Depositary Shares,NASDAQ,N,1828098.0,2000,Consumer Staples
STKS,"The ONE Group Hospitality, Inc. - Common Stock",NASDAQ,N,1399520.0,5812,Consumer Discretionary
STLA,Stellantis N.V. Common Shares,NYSE,,1605484.0,3711,Industrials
STLD,"Steel Dynamics, Inc. - Common Stock",NASDAQ,N,1022671.0,3312,Materials
STLN,"Starling Oncology, Inc. - Common Stock",NASDAQ,N,1799191.0,8011,Health Care
STM,STMicroelectronics N.V. Common Stock,NYSE,,932787.0,3674,Technology
STN,Stantec Inc Common Stock,NYSE,,1131383.0,8711,Industrials
STNE,StoneCo Ltd. - Class A Common Share,NASDAQ,N,1745431.0,7374,Technology
STNG,Scorpio Tankers Inc. Common Shares,NYSE,,1483934.0,4412,Transport
STOK,"Stoke Therapeutics, Inc. - Common Stock",NASDAQ,N,1623526.0,2834,Health Care
STRA,"Strategic Education, Inc. - Common Stock",NASDAQ,N,1013934.0,8200,Consumer Discretionary
STRL,"Sterling Infrastructure, Inc. - Common Stock",NASDAQ,N,874238.0,1600,Industrials
STRO,"Sutro Biopharma, Inc. - Common Stock",NASDAQ,N,1382101.0,2836,Health Care
STRR,"Star Equity Holdings, Inc. - Common Stock",NASDAQ,N,1210708.0,7363,Industrials
STRT,STRATTEC SECURITY CORPORATION - Common Stock,NASDAQ,N,933034.0,3714,Industrials
STRW,"Strawberry Fields REIT, Inc. Common Stock",AMEX,,1782430.0,6798,Real Estate
STRZ,Starz Entertainment Corp. - Common Shares,NASDAQ,N,929351.0,7812,Communication
STT,State Street Corporation Common Stock,NYSE,,93751.0,6022,Financials
STTK,"Shattuck Labs, Inc. - Common Stock",NASDAQ,N,1680367.0,2834,Health Care
STUB,"StubHub Holdings, Inc. Class A Common Stock",NYSE,,1337634.0,7990,Communication
STVN,Stevanato Group S.p.A. Ordinary Shares,NYSE,,1849853.0,3841,Health Care
STWD,"STARWOOD PROPERTY TRUST, INC. Starwood Property Trust Inc.",NYSE,,1465128.0,6798,Real Estate
STX,Seagate Technology Holdings PLC - Ordinary Shares (Ireland),NASDAQ,N,1137789.0,3572,Technology
STXS,"Stereotaxis, Inc. Common Stock",AMEX,,1289340.0,3845,Health Care
STZ,"Constellation Brands, Inc. Common Stock",NYSE,,16918.0,2080,Consumer Staples
SU,Suncor Energy  Inc. Common Stock,NYSE,,311337.0,2911,Energy
SUGP,SU Group Holdings Limited - Class A Ordinary Shares,NASDAQ,N,1969863.0,7381,Industrials
SUI,"Sun Communities, Inc. Common Stock",NYSE,,912593.0,6798,Real Estate
SUIG,Sui Group Holdings Limited - Common Stock,NASDAQ,N,1425355.0,6199,
SUJA,"Suja Life, Inc. - Class A Common Stock",NASDAQ,N,1934114.0,2080,Consumer Staples
SUMA,SUMA Acquisition Corporation - Class A Ordinary Shares,NASDAQ,N,2105838.0,6770,Financials
SUN,Sunoco LP Common Units representing limited partner interests,NYSE,,1552275.0,2911,Energy
SUNB,"Sunbelt Rentals Holdings, Inc. Common Stock",NYSE,,2083785.0,7359,Industrials
SUNC,"SunocoCorp LLC Common Units, representing limited liability company interests",NYSE,,2089661.0,2911,Energy
SUNE,"SUNation Energy, Inc. - Common Stock",NASDAQ,N,22701.0,1700,Industrials
SUNS,"Sunrise Realty Trust, Inc. - Common Stock",NASDAQ,N,2012706.0,6798,Real Estate
SUPN,"Supernus Pharmaceuticals, Inc. - Common Stock",NASDAQ,N,1356576.0,2834,Health Care
SUPV,Grupo Supervielle S.A. American Depositary Shares each Representing five Class B shares,NYSE,,1517399.0,6029,Financials
SUPX,SuperX AI Technology Limited - Ordinary Shares,NASDAQ,N,1897087.0,8742,Industrials
SURG,"SurgePays, Inc. - Common Stock",NASDAQ,D,1392694.0,4813,Communication
SUZ,Suzano S.A. American Depositary Shares (each representing One Ordinary Share),NYSE,,909327.0,2621,Materials
SVA,"Sinovac Biotech, Ltd. - Ordinary Shares (Antigua/Barbudo)",NASDAQ,N,1084201.0,2834,Health Care
SVAQ,Silicon Valley Acquisition Corp. - Class A Ordinary Shares,NASDAQ,N,2085659.0,6770,Financials
SVC,Service Properties Trust - Common Shares of Beneficial Interest,NASDAQ,N,945394.0,6798,Real Estate
SVCC,Stellar V Capital Corp. - Class A Ordinary Shares,NASDAQ,N,2033593.0,6770,Financials
SVCO,"Silvaco Group, Inc. - Common Stock",NASDAQ,N,1943289.0,7372,Technology
SVIV,Spring Valley Acquisition Corp. IV - Class A Ordinary Shares,NASDAQ,N,2098242.0,6770,Financials
SVM,Silvercorp Metals Inc. Common Shares,AMEX,,1340677.0,1040,Materials
SVRA,"Savara, Inc. - Common Stock",NASDAQ,N,1160308.0,2834,Health Care
SVRE,SaverOne 2014 Ltd. - American Depositary Shares,NASDAQ,N,1894693.0,7371,Technology
SVRN,"SVRN, Inc. - Common Stock",NASDAQ,E,1869467.0,4412,Transport
SVV,"Savers Value Village, Inc. Common Stock",NYSE,,1883313.0,5900,Consumer Discretionary
SW,Smurfit WestRock plc Ordinary Shares,NYSE,,2005951.0,2650,Materials
SWAG,"Stran & Company, Inc. - Common Stock",NASDAQ,N,1872525.0,7311,Industrials
SWBI,"Smith & Wesson Brands, Inc. - Common Stock",NASDAQ,N,1092796.0,3480,Industrials
SWIM,"Latham Group, Inc. - Common Stock",NASDAQ,N,1833197.0,3089,Materials
SWK,"Stanley Black & Decker, Inc. Common Stock",NYSE,,93556.0,3420,Industrials
SWKS,"Skyworks Solutions, Inc. - Common Stock",NASDAQ,N,4127.0,3674,Technology
SWMR,"Swarmer, Inc - common stock",NASDAQ,N,2092574.0,7372,Technology
SWRD,Stewards Inc - Common Stock,NASDAQ,N,1795851.0,6153,Financials
SWVL,Swvl Holdings Corp - Ordinary Shares,NASDAQ,N,1875609.0,7389,Industrials
SWX,"Southwest Gas Holdings, Inc. Common Stock (DE)",NYSE,,1692115.0,4923,Utilities
SWZ,Total Return Securities Fund Common Stock,NYSE,,813623.0,,
SXC,"SunCoke Energy, Inc. Common Stock",NYSE,,1514705.0,3312,Materials
SXI,Standex International Corporation Common Stock,NYSE,,310354.0,3580,Industrials
SXT,Sensient Technologies Corporation Common Stock,NYSE,,310142.0,2860,Materials
SXTC,"China SXT Pharmaceuticals, Inc. - Class A Ordinary Shares",NASDAQ,N,1723980.0,2834,Health Care
SXTP,"60 Degrees Pharmaceuticals, Inc. - Common Stock",NASDAQ,N,1946563.0,2834,Health Care
SY,So-Young International Inc. - American Depository Shares,NASDAQ,N,1758530.0,7374,Technology
SYBT,"Stock Yards Bancorp, Inc. - Common Stock",NASDAQ,N,835324.0,6022,Financials
SYF,Synchrony Financial Common Stock,NYSE,,1601712.0,6199,
SYK,Stryker Corporation Common Stock,NYSE,,310764.0,3841,Health Care
SYM,Symbotic Inc. - Class A Common Stock,NASDAQ,N,1837240.0,3569,Industrials
SYNA,Synaptics Incorporated - Common Stock,NASDAQ,N,817720.0,3674,Technology
SYNX,Silynxcom Ltd. Ordinary Shares,AMEX,,1976443.0,3651,Industrials
SYPR,"Sypris Solutions, Inc. - Common Stock",NASDAQ,N,864240.0,3823,Industrials
SYRE,"Spyre Therapeutics, Inc. - Common Stock",NASDAQ,N,1636282.0,2834,Health Care
SYY,Sysco Corporation Common Stock,NYSE,,96021.0,5140,Industrials
SZZL,Sizzle Acquisition Corp. II - Class A ordinary shares,NASDAQ,N,2030663.0,6770,Financials
T,AT&T Inc.,NYSE,,732717.0,4813,Communication
TAC,TransAlta Corporation Ordinary Shares,NYSE,,1144800.0,4911,Utilities
TACH,Titan Acquisition Corp. - Class A Ordinary Shares,NASDAQ,N,2009183.0,6770,Financials
TACO,Berto Acquisition Corp. - Ordinary Shares,NASDAQ,N,2033122.0,6770,Financials
TACT,TransAct Technologies Incorporated - Common Stock,NASDAQ,N,1017303.0,3577,Technology
TAK,Takeda Pharmaceutical Company Limited American Depositary Shares (each representing 1/2 of a share of Common Stock),NYSE,,1395064.0,2834,Health Care
TAL,TAL Education Group American Depositary Shares,NYSE,,1499620.0,8200,Consumer Discretionary
TALO,"Talos Energy, Inc. Common Stock",NYSE,,1724965.0,1311,Energy
TANH,Tantech Holdings Ltd. - Class A Common Shares,NASDAQ,D,1588084.0,2860,Materials
TAOP,Taoping Inc. - Ordinary Shares,NASDAQ,N,1552670.0,7372,Technology
TAOX,Tao Synergies Inc. - Common Stock,NASDAQ,N,1571934.0,6199,
TAP,Molson Coors Beverage Company Class B Common Stock,NYSE,,24545.0,2082,Consumer Staples
TARA,"Protara Therapeutics, Inc.  - Common Stock",NASDAQ,N,1359931.0,2836,Health Care
TARS,"Tarsus Pharmaceuticals, Inc. - Common Stock",NASDAQ,N,1819790.0,2836,Health Care
TASK,"TaskUs, Inc. - Class A Common Stock",NASDAQ,N,1829864.0,7374,Technology
TATT,TAT Technologies Ltd. - Ordinary Shares,NASDAQ,N,808439.0,3724,Industrials
TAVI,Tavia Acquisition Corp. - Ordinary Shares,NASDAQ,N,2020385.0,6770,Financials
TAYD,"Taylor Devices, Inc. - Common Stock",NASDAQ,N,96536.0,3569,Industrials
TBBB,BBB Foods Inc. Class A Common Shares,NYSE,,1978954.0,5411,Consumer Staples
TBBK,"The Bancorp, Inc. - Common Stock",NASDAQ,N,1295401.0,6021,Financials
TBCH,Turtle Beach Corporation - Common Stock,NASDAQ,N,1493761.0,3669,Technology
TBI,"TrueBlue, Inc. Common Stock",NYSE,,768899.0,7363,Industrials
TBLA,Taboola.com Ltd. - Ordinary Shares,NASDAQ,N,1840502.0,7370,Technology
TBLD,Thornburg Income Builder Opportunities Trust - Closed End Fund,NASDAQ,N,1820378.0,,
TBN,Tamboran Resources Corporation Common stock,NYSE,,1997652.0,1311,Energy
TBPH,"Theravance Biopharma, Inc. - Ordinary Shares",NASDAQ,N,1583107.0,2834,Health Care
TC,Token Cat Limited - American Depositary Shares,NASDAQ,N,1743340.0,7389,Industrials
TCBI,"Texas Capital Bancshares, Inc. - Common Stock",NASDAQ,N,1077428.0,6022,Financials
TCBK,TriCo Bancshares - Common Stock,NASDAQ,N,356171.0,6022,Financials
TCBS,"Texas Community Bancshares, Inc. - Common Stock",NASDAQ,N,1849466.0,6036,Financials
TCBX,"Third Coast Bancshares, Inc. Common Stock",NYSE,,1781730.0,6036,Financials
TCGX,TCGX Acquisition Corp. - Class A Ordinary Shares,NASDAQ,N,2137965.0,6770,Financials
TCI,"Transcontinental Realty Investors, Inc. Common Stock",NYSE,,733590.0,6798,Real Estate
TCMD,"Tactile Systems Technology, Inc. - Common Stock",NASDAQ,N,1027838.0,3841,Health Care
TCOM,Trip.com Group Limited - American Depositary Shares,NASDAQ,N,1269238.0,7389,Industrials
TCPC,BlackRock TCP Capital Corp. - Closed End Fund,NASDAQ,N,1370755.0,,
TCRT,"Alaunos Therapeutics, Inc. - Common Stock",NASDAQ,D,1107421.0,2834,Health Care
TCRX,"TScan Therapeutics, Inc. - Common Stock",NASDAQ,D,1783328.0,2836,Health Care
TCX,Tucows Inc. - Common Stock,NASDAQ,N,909494.0,7374,Technology
TD,Toronto Dominion Bank (The) Common Stock,NYSE,,947263.0,6029,Financials
TDAC,Translational Development Acquisition Corp. - Ordinary Shares,NASDAQ,N,1926599.0,6770,Financials
TDAY,"USA TODAY Co., Inc. Common Stock",NYSE,,1579684.0,2711,Communication
TDC,Teradata Corporation Common Stock,NYSE,,816761.0,7372,Technology
TDF,"Templeton Dragon Fund, Inc. Common Stock",NYSE,,919893.0,,
TDG,Transdigm Group Incorporated Common Stock,NYSE,,1260221.0,3728,Industrials
TDIC,Dreamland Limited - Class A Ordinary Shares,NASDAQ,N,2041338.0,8741,Industrials
TDOC,"Teladoc Health, Inc. Common Stock",NYSE,,1477449.0,8011,Health Care
TDS,"Telephone and Data Systems, Inc. Common Shares",NYSE,,1051512.0,4813,Communication
TDTH,Trident Digital Tech Holdings Ltd - Class B Ordinary Shares,NASDAQ,D,1983550.0,7389,Industrials
TDUP,ThredUp Inc. - Class A Common Stock,NASDAQ,N,1484778.0,5961,Consumer Discretionary
TDW,Tidewater Inc. Common Stock,NYSE,,98222.0,4400,Transport
TDWD,Tailwind 2.0 Acquisition Corp. - Class A Ordinary Shares,NASDAQ,N,2076616.0,6770,Financials
TDY,Teledyne Technologies Incorporated Common Stock,NYSE,,1094285.0,3812,Industrials
TE,T1 Energy Inc. Common Stock,NYSE,,1992243.0,3674,Technology
TEAD,Teads Holding Co. - Common Stock,NASDAQ,D,1454938.0,7370,Technology
TEAM,Atlassian Corporation  - Class A Common Stock,NASDAQ,N,1650372.0,7372,Technology
TECH,Bio-Techne Corp - Common Stock,NASDAQ,N,842023.0,2836,Health Care
TECK,Teck Resources Ltd Ordinary Shares,NYSE,,886986.0,1400,Materials
TECX,"Tectonic Therapeutic, Inc. - Common Stock",NASDAQ,N,1681087.0,2836,Health Care
TEI,"Templeton Emerging Markets Income Fund, Inc. Common Stock",NYSE,,909112.0,,
TEL,TE Connectivity plc Ordinary Shares,NYSE,,1385157.0,5065,Industrials
TELA,"TELA Bio, Inc. - Common stock",NASDAQ,D,1561921.0,3841,Health Care
TELO,"Telomir Pharmaceuticals, Inc. - Common Stock",NASDAQ,N,1971532.0,2834,Health Care
TEM,"Tempus AI, Inc. - Class A Common Stock",NASDAQ,N,1717115.0,7370,Technology
TEN,Tsakos Energy Navigation Ltd Common Shares,NYSE,,1166663.0,4412,Transport
TENB,"Tenable Holdings, Inc. - Common Stock",NASDAQ,N,1660280.0,7372,Technology
TENX,"Tenax Therapeutics, Inc. - Common Stock",NASDAQ,N,34956.0,2834,Health Care
TEO,Telecom Argentina SA,NYSE,,932470.0,4813,Communication
TER,"Teradyne, Inc. - Common Stock",NASDAQ,N,97210.0,3825,Industrials
TEVA,Teva Pharmaceutical Industries Limited Ordinary Shares,NYSE,,818686.0,2834,Health Care
TEX,Terex Corporation Common Stock,NYSE,,97216.0,3537,Industrials
TFC,Truist Financial Corporation Common Stock,NYSE,,92230.0,6021,Financials
TFII,TFI International Inc. Common Shares,NYSE,,1588823.0,4210,Transport
TFIN,"Triumph Financial, Inc. Common Stock",NYSE,,1539638.0,6022,Financials
TFPM,Triple Flag Precious Metals Corp. Common Shares,NYSE,,1829726.0,6795,Financials
TFSL,TFS Financial Corporation - Common Stock,NASDAQ,N,1381668.0,6035,Financials
TFX,Teleflex Incorporated Common Stock,NYSE,,96943.0,3841,Health Care
TG,Tredegar Corporation Common Stock,NYSE,,850429.0,3350,Materials
TGB,Trekor Metals Limited Common Shares,AMEX,,878518.0,1040,Materials
TGE,The Generation Essentials Group Class A Ordinary Shares,NYSE,,2053456.0,2721,Communication
TGEN,Tecogen Inc. Common Stock,AMEX,,1537435.0,3585,Industrials
TGHL,The GrowHub Limited - Class A Ordinary Shares,NASDAQ,D,2024114.0,7374,Technology
TGL,Treasure Global Inc. - Common Stock,NASDAQ,N,1905956.0,7389,Industrials
TGLS,Tecnoglass Holdings Inc. Common Stock,NYSE,,1534675.0,3211,Materials
TGS,Transportadora de Gas del Sur SA TGS Common Stock,NYSE,,931427.0,4922,Utilities
TGT,Target Corporation Common Stock,NYSE,,27419.0,5331,Consumer Discretionary
TGTX,"TG Therapeutics, Inc. - Common Stock",NASDAQ,N,1001316.0,2834,Health Care
TH,Target Hospitality Corp. - Common Stock,NASDAQ,N,1712189.0,7000,Consumer Discretionary
THC,Tenet Healthcare Corporation Common Stock,NYSE,,70318.0,8062,Health Care
THCH,TH International Limited - Ordinary shares,NASDAQ,N,1877333.0,5812,Consumer Discretionary
THEO,BOA Acquisition Corp. II - Class A Ordinary Shares,NASDAQ,N,2080216.0,6770,Financials
THFF,First Financial Corporation  - Common Stock,NASDAQ,N,714562.0,6022,Financials
THG,Hanover Insurance Group Inc,NYSE,,944695.0,6331,Insurance
THH,TryHard Holdings Limited - Ordinary Shares,NASDAQ,N,2044241.0,7990,Communication
THM,"International Tower Hill Mines, Ltd. Ordinary Shares (Canada)",AMEX,,1134115.0,1000,Materials
THO,"Thor Industries, Inc. Common Stock",NYSE,,730263.0,3716,Industrials
THQ,abrdn Healthcare Opportunities Fund Shares of Beneficial Interest,NYSE,,1604522.0,,
THRM,Gentherm Inc - Common Stock,NASDAQ,N,903129.0,3714,Industrials
THRY,"Thryv Holdings, Inc. - Common Stock",NASDAQ,N,1556739.0,7310,Industrials
THW,abrdn World Healthcare Fund Shares of Beneficial Interest,NYSE,,1635977.0,,
TIC,"TIC Solutions, Inc. Common Stock",NYSE,,2032966.0,7389,Industrials
TIGO,Millicom International Cellular S.A. - Common Stock,NASDAQ,N,912958.0,4812,Communication
TIGR,UP Fintech Holding Limited - American Depositary Shares representing fifteen Class A Ordinary Shares,NASDAQ,N,1756699.0,6211,Financials
TII,Titan Mining Corporation Common Shares,AMEX,,1791703.0,1040,Materials
TIL,"Instil Bio, Inc. - Common Stock",NASDAQ,N,1789769.0,2836,Health Care
TILE,"Interface, Inc. - Common Stock",NASDAQ,N,715787.0,2273,Consumer Discretionary
TIMB,TIM S.A. American Depositary Shares (Each representing 5 Common Shares),NYSE,,1826168.0,4813,Communication
TIPT,Tiptree Inc. - Common Stock,NASDAQ,N,1393726.0,6331,Insurance
TISI,"Team, Inc. Common Stock",NYSE,,318833.0,7600,Consumer Discretionary
TITN,Titan Machinery Inc. - Common Stock,NASDAQ,N,1409171.0,5990,Consumer Discretionary
TJGC,TJGC Group Limited - Class A Ordinary Shares,NASDAQ,N,1969928.0,7311,Industrials
TJX,"TJX Companies, Inc. (The) Common Stock",NYSE,,109198.0,5651,Consumer Discretionary
TK,Teekay Corporation Ltd. Common Stock,NYSE,,911971.0,4412,Transport
TKC,Turkcell Iletisim Hizmetleri AS Common Stock,NYSE,,1071321.0,4813,Communication
TKLF,"Tokyo Lifestyle Co., Ltd. - American Depositary Shares",NASDAQ,N,1836242.0,5990,Consumer Discretionary
TKNO,"Alpha Teknova, Inc. - Common Stock",NASDAQ,N,1850902.0,2835,Health Care
TKO,"TKO Group Holdings, Inc. Class A Common Stock",NYSE,,1973266.0,7900,Communication
TKR,Timken Company (The) Common Stock,NYSE,,98362.0,3562,Industrials
TLAC,Three Lions Acquisition Corp. - Ordinary Shares,NASDAQ,N,2128462.0,6770,Financials
TLF,"Tandy Leather Factory, Inc. - common stock",NASDAQ,N,909724.0,3100,Materials
TLIH,Ten-League International Holdings Limited - Ordinary Shares,NASDAQ,N,1982012.0,5080,Industrials
TLK,"PT Telekomunikasi Indonesia, Tbk",NYSE,,1001807.0,4813,Communication
TLN,Talen Energy Corporation - Common Stock,NASDAQ,N,1622536.0,4911,Utilities
TLNC,Talon Capital Corp. - Class A Ordinary Shares,NASDAQ,N,2073340.0,6770,Financials
TLPH,"Talphera, Inc. - Common Stock",NASDAQ,N,1427925.0,2834,Health Care
TLRY,"Tilray Brands, Inc. - Common Stock",NASDAQ,N,1731348.0,2833,Health Care
TLS,Telos Corporation - Common Stock,NASDAQ,N,320121.0,7373,Technology
TLSA,Tiziana Life Sciences Ltd - Common Shares,NASDAQ,N,1723069.0,2834,Health Care
TLSI,"TriSalus Life Sciences, Inc. - Common Stock",NASDAQ,N,1826667.0,3841,Health Care
TLX,Telix Pharmaceuticals Limited - American Depositary Shares,NASDAQ,N,2007191.0,2834,Health Care
TLYS,"Tilly's, Inc. Common Stock",NYSE,,1524025.0,5600,Consumer Discretionary
TM,Toyota Motor Corporation Common Stock,NYSE,,1094517.0,3711,Industrials
TMC,TMC the metals company Inc. - Common Stock,NASDAQ,N,1798562.0,1000,Materials
TMCI,"Treace Medical Concepts, Inc. - Common Stock",NASDAQ,N,1630627.0,3841,Health Care
TMCR,The Metals Royalty Company Inc. - Common Stock,NASDAQ,N,2087398.0,1040,Materials
TMDE,TMD Energy Limited Ordinary Shares,AMEX,,2009714.0,5172,Industrials
TMDX,"TransMedics Group, Inc. - Common Stock",NASDAQ,N,1756262.0,3845,Health Care
TME,"Tencent Music Entertainment Group American Depositary Shares, each representing two Class A Ordinary Shares",NYSE,,1744676.0,4832,Communication
TMO,Thermo Fisher Scientific Inc Common Stock,NYSE,,97745.0,3829,Industrials
TMP,Tompkins Financial Corporation Common Stock,AMEX,,1005817.0,6022,Financials
TMQ,Trilogy Metals Inc. Common Stock,AMEX,,1543418.0,1040,Materials
TMS,Teamshares Inc. - Common Stock,NASDAQ,N,2048951.0,5900,Consumer Discretionary
TMTS,Spartacus Acquisition Corp. II - Class A Ordinary Shares,NASDAQ,N,2097364.0,6770,Financials
TMUS,"T-Mobile US, Inc. - Common Stock",NASDAQ,N,1283699.0,4812,Communication
TNC,Tennant Company Common Stock,NYSE,,97134.0,3580,Industrials
TNDM,"Tandem Diabetes Care, Inc. - Common Stock",NASDAQ,N,1438133.0,3841,Health Care
TNET,"TriNet Group, Inc. Common Stock",NYSE,,937098.0,7389,Industrials
TNGX,"Tango Therapeutics, Inc. - Common Stock",NASDAQ,N,1819133.0,2834,Health Care
TNK,Teekay Tankers Ltd.,NYSE,,1419945.0,4400,Transport
TNL,Travel   Leisure Co. Common  Stock,NYSE,,1361658.0,7011,Consumer Discretionary
TNMG,TNL Mediagene - Ordinary Shares,NASDAQ,D,2013186.0,7310,Industrials
TNON,"Tenon Medical, Inc. - Common Stock",NASDAQ,N,1560293.0,3841,Health Care
TNXP,Tonix Pharmaceuticals Holding Corp. - Common Stock,NASDAQ,N,1430306.0,2834,Health Care
TNYA,"Tenaya Therapeutics, Inc. - Common Stock",NASDAQ,D,1858848.0,2836,Health Care
TOL,"Toll Brothers, Inc. Common Stock",NYSE,,794170.0,1531,Industrials
TOMZ,"TOMI Environmental Solutions, Inc. - Common Stock",NASDAQ,D,314227.0,2860,Materials
TONT,Graf Global Corp. Class A ordinary shares,AMEX,,1897463.0,6770,Financials
TONX,TON Strategy Company - Common Stock,NASDAQ,N,1566610.0,6199,
TOON,"Kartoon Studios, Inc. Common Stock",AMEX,,1355848.0,7812,Communication
TOP,TOP Financial Group Limited - Class A Ordinary Shares,NASDAQ,N,1848275.0,6200,Financials
TOPP,Toppoint Holdings Inc. Common Stock,AMEX,,1960847.0,4210,Transport
TOPS,"TOP Ships, Inc. Common Stock",AMEX,,1296484.0,4412,Transport
TORO,Toro Corp. - Common stock,NASDAQ,N,1941131.0,4412,Transport
TOST,"Toast, Inc. Class A Common Stock",NYSE,,1650164.0,7374,Technology
TOUR,Tuniu Corporation - American Depositary Shares,NASDAQ,N,1597095.0,4700,Transport
TOVX,"Theriva Biologics, Inc. Common Stock",AMEX,,894158.0,2834,Health Care
TOWN,Towne Bank - Common Stock,NASDAQ,N,,,
TOYO,"TOYO Co., Ltd - Ordinary Shares",NASDAQ,N,1985273.0,3674,Technology
TP,Ticketplus Ltd. Ordinary Shares,AMEX,,2104296.0,7990,Communication
TPB,"Turning Point Brands, Inc. Common Stock",NYSE,,1290677.0,2100,Consumer Staples
TPC,Tutor Perini Corporation Common Stock,NYSE,,77543.0,1540,Industrials
TPCS,TechPrecision Corporation - Common stock,NASDAQ,N,1328792.0,3440,Industrials
TPET,Trio Petroleum Corp. Common Stock,AMEX,,1898766.0,1311,Energy
TPG,TPG Inc. - Class A Common Stock,NASDAQ,N,1880661.0,6282,Financials
TPL,Texas Pacific Land Corporation Common Stock,NYSE,,1811074.0,6792,Financials
TPR,"Tapestry, Inc. Common Stock",NYSE,,1116132.0,3100,Materials
TPST,"Tempest Therapeutics, Inc. - Common Stock",NASDAQ,D,1544227.0,2834,Health Care
TPVG,TriplePoint Venture Growth BDC Corp. Common Stock,NYSE,,1580345.0,,
TR,"Tootsie Roll Industries, Inc. Common Stock",NYSE,,98677.0,2060,Consumer Staples
TRAD,APEX Tech Acquisition Inc. Ordinary Shares,NYSE,,2085485.0,6770,Financials
TRAK,"ReposiTrak, Inc. Common Stock",NYSE,,50471.0,7374,Technology
TRAW,"Traws Pharma, Inc. - Common Stock",NASDAQ,D,1130598.0,2834,Health Care
TRAX,"First Tracks Biotherapeutics, Inc. - Ordinary Shares",NASDAQ,N,2091349.0,2834,Health Care
TRBG,TurboGen Ltd. - Ordinary Shares,NASDAQ,N,2088375.0,4931,Utilities
TRC,Tejon Ranch Co Common Stock,NYSE,,96869.0,6500,Real Estate
TRDA,"Entrada Therapeutics, Inc. - Common Stock",NASDAQ,N,1689375.0,2834,Health Care
TREE,"LendingTree, Inc. - Common Stock",NASDAQ,N,1434621.0,6163,Financials
TREO,Tactical Resources Corp. - Common Shares,NASDAQ,N,2041208.0,1000,Materials
TREX,"Trex Company, Inc. Common Stock",NYSE,,1069878.0,2400,Industrials
TRGP,"Targa Resources, Inc. Common Stock",NYSE,,1389170.0,4922,Utilities
TRGS,TRG Latin America Acquisitions Corp. - Class A Ordinary Shares,NASDAQ,N,2098780.0,6770,Financials
TRI,Thomson Reuters Corp - Common Shares,NASDAQ,N,1075124.0,2741,Communication
TRIB,Trinity Biotech plc - American Depositary Shares,NASDAQ,D,888721.0,2835,Health Care
TRIN,Trinity Capital Inc. Common Stock,NYSE,,1786108.0,,
TRIP,"TripAdvisor, Inc. - Common Stock",NASDAQ,N,1526520.0,7370,Technology
TRLV,Trulieve Cannabis Corp. Subordinate Voting Shares,NYSE,,1754195.0,2833,Health Care
TRMB,Trimble Inc. - Common Stock,NASDAQ,N,864749.0,3829,Industrials
TRMD,TORM plc - Class A Common Stock,NASDAQ,N,1655891.0,4412,Transport
TRMK,Trustmark Corporation - Common Stock,NASDAQ,N,36146.0,6021,Financials
TRN,"Trinity Industries, Inc. Common Stock",NYSE,,99780.0,3743,Industrials
TRNO,Terreno Realty Corporation Common Stock,NYSE,,1476150.0,6500,Real Estate
TRNR,Interactive Strength Inc. - Common Stock,NASDAQ,N,1785056.0,3600,Industrials
TRNS,"Transcat, Inc. - Common Stock",NASDAQ,N,99302.0,3825,Industrials
TRON,Tron Inc. - Common Stock,NASDAQ,N,1956744.0,6199,
TROO,"TROOPS, Inc.  - Ordinary Shares",NASDAQ,N,1412095.0,6159,Financials
TROW,"T. Rowe Price Group, Inc. - Common Stock",NASDAQ,N,1113169.0,6282,Financials
TROX,Tronox Holdings plc Ordinary Shares (UK),NYSE,,1530804.0,2810,Materials
TRP,TC Energy Corporation Common Stock,NYSE,,1232384.0,4922,Utilities
TRS,TriMas Corporation - Common Stock,NASDAQ,N,842633.0,3460,Industrials
TRSG,Tungray Technologies Inc - Class A Ordinary Shares,NASDAQ,N,1943444.0,3530,Industrials
TRST,TrustCo Bank Corp NY - Common Stock,NASDAQ,N,357301.0,6022,Financials
TRT,Trio-Tech International - Common Stock,NASDAQ,N,732026.0,3559,Industrials
TRTX,"TPG RE Finance Trust, Inc. Common Stock",NYSE,,1630472.0,6798,Real Estate
TRU,TransUnion Common Stock,NYSE,,1552033.0,7320,Industrials
TRUG,"TruGolf Holdings, Inc. - Class A Common Stock",NASDAQ,D,1857086.0,3949,Consumer Discretionary
TRUP,"Trupanion, Inc. - Common Stock",NASDAQ,N,1371285.0,6324,Insurance
TRV,"The Travelers Companies, Inc. Common Stock",NYSE,,86312.0,6331,Insurance
TRVG,trivago N.V. - American Depositary Shares,NASDAQ,N,1683825.0,7374,Technology
TRVI,"Trevi Therapeutics, Inc. - Common Stock",NASDAQ,N,1563880.0,2834,Health Care
TRX,TRX Gold Corporation Common Stock,AMEX,,1173643.0,1040,Materials
TS,Tenaris S.A. American Depositary Shares,NYSE,,1190723.0,3312,Materials
TSAT,Telesat Corporation - Class A Common Shares and Class B Variable Voting Shares,NASDAQ,N,1845840.0,4899,Communication
TSBK,"Timberland Bancorp, Inc. - Common Stock",NASDAQ,N,1046050.0,6036,Financials
TSCO,Tractor Supply Company - Common Stock,NASDAQ,N,916365.0,5200,Consumer Discretionary
TSEM,Tower Semiconductor Ltd. - Ordinary Shares,NASDAQ,N,928876.0,3674,Technology
TSHA,"Taysha Gene Therapies, Inc. - Common Stock",NASDAQ,N,1806310.0,2836,Health Care
TSI,"TCW Strategic Income Fund, Inc. Common Stock",NYSE,,809559.0,,
TSLA,"Tesla, Inc.  - Common Stock",NASDAQ,N,1318605.0,3711,Industrials
TSLX,"Sixth Street Specialty Lending, Inc. Common Stock",NYSE,,1508655.0,,
TSM,Taiwan Semiconductor Manufacturing Company Ltd.,NYSE,,1046179.0,3674,Technology
TSN,"Tyson Foods, Inc. Common Stock",NYSE,,100493.0,2015,Consumer Staples
TSQ,"Townsquare Media, Inc. Class A Common Stock",NYSE,,1499832.0,4832,Communication
TSSI,"TSS, Inc. - Common Stock",NASDAQ,N,1320760.0,8742,Industrials
TT,Trane Technologies plc,NYSE,,1466258.0,3822,Industrials
TTAM,Titan America SA Common Shares,NYSE,,2035304.0,1400,Materials
TTAN,"ServiceTitan, Inc. - Class A Common Stock",NASDAQ,N,1638826.0,7372,Technology
TTC,Toro Company (The) Common Stock,NYSE,,737758.0,3524,Industrials
TTD,"The Trade Desk, Inc. - Class A Common Stock",NASDAQ,N,1671933.0,7370,Technology
TTE,TotalEnergies SE Ordinary Shares,NYSE,,879764.0,1311,Energy
TTEC,"TTEC Holdings, Inc. - Common Stock",NASDAQ,N,1013880.0,7363,Industrials
TTEK,"Tetra Tech, Inc. - Common Stock",NASDAQ,N,831641.0,8711,Industrials
TTGT,"TechTarget, Inc. - Common Stock",NASDAQ,N,2018064.0,4822,Communication
TTI,"Tetra Technologies, Inc. Common Stock",NYSE,,844965.0,1311,Energy
TTMI,"TTM Technologies, Inc. - Common Stock",NASDAQ,N,1116942.0,3672,Industrials
TTRX,Turn Therapeutics Inc. - Common Stock,NASDAQ,N,2023016.0,2834,Health Care
TTWO,"Take-Two Interactive Software, Inc. - Common Stock",NASDAQ,N,946581.0,7372,Technology
TU,Telus Corporation Ordinary Shares,NYSE,,868675.0,4812,Communication
TULP,"Bloomia Holdings, Inc. - Common Stock",NASDAQ,N,875355.0,100,Consumer Staples
TURB,"Turbo Energy, S.A. - American Depositary Shares",NASDAQ,N,1963439.0,3690,Industrials
TUSK,"Mammoth Energy Services, Inc. - Common Stock",NASDAQ,N,1679268.0,1389,Energy
TUYA,"Tuya Inc. American Depositary Shares, each representing one Class A Ordinary Share",NYSE,,1829118.0,7372,Technology
TV,Grupo Televisa S.A.B. Common Stock,NYSE,,912892.0,4833,Communication
TVA,Texas Ventures Acquisition III Corp - Class A Ordinary Share,NASDAQ,N,2033991.0,6770,Financials
TVAI,Thayer Ventures Acquisition Corporation II - Class A Ordinary Shares,NASDAQ,N,1872228.0,6770,Financials
TVC,Tennessee Valley Authority Common Stock,NYSE,,1376986.0,4911,Utilities
TVE,Tennessee Valley Authority,NYSE,,1376986.0,4911,Utilities
TVGN,Tevogen Inc. - Common Stock,NASDAQ,D,1860871.0,2836,Health Care
TVIV,Texas Ventures Acquisition IV Corp - Class A Ordinary Shares,NASDAQ,N,2096755.0,6770,Financials
TVRD,"Tvardi Therapeutics, Inc. - Common Stock",NASDAQ,N,1346830.0,2834,Health Care
TVTX,"Travere Therapeutics, Inc. - Common Stock",NASDAQ,N,1438533.0,2834,Health Care
TW,Tradeweb Markets Inc. - Class A Common Stock,NASDAQ,N,1758730.0,6200,Financials
TWAV,"TaoWeave, Inc. - Common Stock",NASDAQ,N,746210.0,7370,Technology
TWFG,"TWFG, Inc. - Common Stock",NASDAQ,N,2007596.0,6411,Insurance
TWG,Top Wealth Group Holding Limited - Class A Ordinary Shares,NASDAQ,N,1978057.0,2090,Consumer Staples
TWI,"Titan International, Inc. (DE) Common Stock",NYSE,,899751.0,3312,Materials
TWIN,"Twin Disc, Incorporated - Common Stock",NASDAQ,N,100378.0,3560,Industrials
TWLO,Twilio Inc. Class A Common Stock,NYSE,,1447669.0,7372,Technology
TWLV,Twelve Seas Investment Company III - Class A Ordinary Shares,NASDAQ,N,2052243.0,6770,Financials
TWN,"Taiwan Fund, Inc. (The) Common Stock",NYSE,,804123.0,,
TWST,Twist Bioscience Corporation - Common Stock,NASDAQ,N,1581280.0,2836,Health Care
TX,"Ternium S.A. Ternium S.A. American Depositary Shares (each representing ten shares, USD1.00 par value)",NYSE,,1342874.0,3312,Materials
TXG,"10x Genomics, Inc. - Common Stock",NASDAQ,N,1770787.0,3826,Health Care
TXMD,"TherapeuticsMD, Inc. - Common Stock",NASDAQ,N,25743.0,2834,Health Care
TXN,Texas Instruments Incorporated - Common Stock,NASDAQ,N,97476.0,3674,Technology
TXNM,"TXNM Energy, Inc. Common Stock",NYSE,,1108426.0,4911,Utilities
TXO,"TXO Partners, L.P. Common Units Representing Limited Partner Interests",NYSE,,1559432.0,1311,Energy
TXRH,"Texas Roadhouse, Inc. - Common Stock",NASDAQ,N,1289460.0,5812,Consumer Discretionary
TXT,Textron Inc. Common Stock,NYSE,,217346.0,3720,Industrials
TY,Tri Continental Corporation Common Stock,NYSE,,99614.0,,
TYG,Tortoise Energy Infrastructure Corporation Common Stock,NYSE,,1268533.0,,
TYGO,"Tigo Energy, Inc. - Common Stock",NASDAQ,N,1855447.0,3674,Technology
TYL,"Tyler Technologies, Inc. Common Stock",NYSE,,860731.0,7372,Technology
TYRA,"Tyra Biosciences, Inc. - Common Stock",NASDAQ,N,1863127.0,2834,Health Care
TZOO,Travelzoo - Common Stock,NASDAQ,N,1133311.0,7310,Industrials
U,Unity Software Inc. Common Stock,NYSE,,1810806.0,7372,Technology
UA,"Under Armour, Inc. Class C Common Stock",NYSE,,1336917.0,2300,Consumer Discretionary
UAA,"Under Armour, Inc. Class A Common Stock",NYSE,,1336917.0,2300,Consumer Discretionary
UAC,United Acquisition Corp. I Class A Ordinary Shares,AMEX,,2098669.0,6770,Financials
UAL,"United Airlines Holdings, Inc. - Common Stock",NASDAQ,N,100517.0,4512,Transport
UAMY,United States Antimony Corporation Common Stock,NYSE,,101538.0,3330,Materials
UAN,"CVR Partners, LP Common Units representing Limited Partner Interests",NYSE,,1425292.0,2870,Materials
UAVS,"AgEagle Aerial Systems, Inc. Common Stock",AMEX,,8504.0,3721,Industrials
UBCP,"United Bancorp, Inc. - Common Stock",NASDAQ,N,731653.0,6022,Financials
UBER,"Uber Technologies, Inc. Common Stock",NYSE,,1543151.0,7389,Industrials
UBS,UBS Group AG Registered Ordinary Shares,NYSE,,1610520.0,6021,Financials
UBSI,"United Bankshares, Inc. - Common Stock",NASDAQ,N,729986.0,6022,Financials
UCAR,U Power Limited - Class A Ordinary Shares,NASDAQ,N,1939780.0,3690,Industrials
UCB,"United Community Banks, Inc. Common Stock",NYSE,,857855.0,6022,Financials
UCFI,CN Healthy Food Tech Group Corp. - Common Stock,NASDAQ,D,1901203.0,2000,Consumer Staples
UCL,uCloudlink Group Inc. - American Depositary Shares,NASDAQ,D,1775898.0,4899,Communication
UCTT,"Ultra Clean Holdings, Inc. - Common Stock",NASDAQ,N,1275014.0,3674,Technology
UDR,"UDR, Inc. Common Stock",NYSE,,74208.0,6798,Real Estate
UE,Urban Edge Properties Common Shares of Beneficial Interest,NYSE,,1611547.0,6500,Real Estate
UEC,Uranium Energy Corp. Common Stock,AMEX,,1334933.0,1090,Materials
UEIC,Universal Electronics Inc. - Common Stock,NASDAQ,N,101984.0,3651,Industrials
UFCS,"United Fire Group, Inc - Common Stock",NASDAQ,N,101199.0,6331,Insurance
UFG,Uni-Fuels Holdings Limited - Class A Ordinary Shares,NASDAQ,D,2021688.0,5172,Industrials
UFI,"Unifi, Inc. New Common Stock",NYSE,,100726.0,2200,Consumer Discretionary
UFPI,"UFP Industries, Inc. - Common Stock",NASDAQ,N,912767.0,2421,Industrials
UFPT,"UFP Technologies, Inc. - Common Stock",NASDAQ,N,914156.0,3841,Health Care
UG,"United-Guardian, Inc. - Common Stock",NASDAQ,N,101295.0,2844,Materials
UGI,UGI Corporation Common Stock,NYSE,,884614.0,4932,Utilities
UGP,Ultrapar Participacoes S.A. (New) American Depositary Shares (Each representing one Common Share),NYSE,,1094972.0,4924,Utilities
UHAL,U-Haul Holding Company Common Stock,NYSE,,4457.0,7510,Consumer Discretionary
UHS,"Universal Health Services, Inc. Common Stock",NYSE,,352915.0,8062,Health Care
UHT,Universal Health Realty Income Trust Common Stock,NYSE,,798783.0,6798,Real Estate
UI,Ubiquiti Inc. Common Stock,NYSE,,1511737.0,3663,Technology
UIS,Unisys Corporation New Common Stock,NYSE,,746838.0,7373,Technology
UK,Ucommune International Ltd  - Class A Ordinary Shares,NASDAQ,N,1821424.0,7389,Industrials
UL,Unilever PLC American Depositary Shares (each representing One Ordinary Share),NYSE,,217410.0,2840,Materials
ULBI,Ultralife Corporation - Common Stock,NASDAQ,N,875657.0,3690,Industrials
ULCC,"Frontier Group Holdings, Inc. - Common Stock",NASDAQ,N,1670076.0,4512,Transport
ULH,"Universal Logistics Holdings, Inc. - Common Stock",NASDAQ,N,1308208.0,4213,Transport
ULS,UL Solutions Inc. Class A Common Stock,NYSE,,1901440.0,8734,Industrials
ULTA,"Ulta Beauty, Inc. - Common Stock",NASDAQ,N,1403568.0,5990,Consumer Discretionary
UMAC,"Unusual Machines, Inc. Common Stock",AMEX,,1956955.0,3663,Technology
UMBF,UMB Financial Corporation - Common Stock,NASDAQ,N,101382.0,6021,Financials
UMC,United Microelectronics Corporation (NEW) Common Stock,NYSE,,1033767.0,3674,Technology
UMH,"UMH Properties, Inc. Common Stock",NYSE,,752642.0,6798,Real Estate
UNB,"Union Bankshares, Inc. - Common Stock",NASDAQ,N,706863.0,6022,Financials
UNCY,"Unicycive Therapeutics, Inc. - Common Stock",NASDAQ,N,1766140.0,2834,Health Care
UNF,Unifirst Corporation Common Stock,NYSE,,717954.0,7200,Consumer Discretionary
UNFI,"United Natural Foods, Inc. Common Stock",NYSE,,1020859.0,5141,Industrials
UNH,UnitedHealth Group Incorporated Common Stock (DE),NYSE,,731766.0,6324,Insurance
UNIT,Uniti Group Inc. - Common Stock,NASDAQ,N,2020795.0,4813,Communication
UNM,Unum Group Common Stock,NYSE,,5513.0,6321,Insurance
UNP,Union Pacific Corporation Common Stock,NYSE,,100885.0,4011,Transport
UNTY,"Unity Bancorp, Inc. - Common Stock",NASDAQ,N,920427.0,6022,Financials
UONE,"Urban One, Inc.  - Class A Common Stock",NASDAQ,N,1041657.0,4832,Communication
UONEK,"Urban One, Inc.  - Class D Common Stock",NASDAQ,N,1041657.0,4832,Communication
UP,Wheels Up Experience Inc. Class A Common Stock,NYSE,,1819516.0,4522,Transport
UPB,"Upstream Bio, Inc. - Common Stock",NASDAQ,N,2022626.0,2834,Health Care
UPBD,"Upbound Group, Inc. - Common Stock",NASDAQ,N,933036.0,7359,Industrials
UPC,Universe Pharmaceuticals Inc - Class A Ordinary Shares,NASDAQ,N,1809616.0,2834,Health Care
UPLD,"Upland Software, Inc. - Common Stock",NASDAQ,D,1505155.0,7372,Technology
UPS,"United Parcel Service, Inc. Common Stock",NYSE,,1090727.0,4210,Transport
UPST,"Upstart Holdings, Inc. - Common stock",NASDAQ,N,1647639.0,6199,
UPWK,Upwork Inc. - Common Stock,NASDAQ,N,1627475.0,7374,Technology
UPXI,"Upexi, Inc. - Common Stock",NASDAQ,D,1775194.0,6199,
URBN,"Urban Outfitters, Inc. - Common Stock",NASDAQ,N,912615.0,5651,Consumer Discretionary
URG,Ur Energy Inc Common Shares (Canada),AMEX,,1375205.0,1040,Materials
URGN,UroGen Pharma Ltd. - Ordinary Shares,NASDAQ,N,1668243.0,2834,Health Care
URI,"United Rentals, Inc. Common Stock",NYSE,,1067701.0,7359,Industrials
UROY,Uranium Royalty Corp. - Common Stock,NASDAQ,N,2143673.0,6221,Financials
USA,Liberty All-Star Equity Fund Common Stock,NYSE,,799195.0,,
USAC,"USA Compression Partners, LP Common Units Representing Limited Partner Interests",NYSE,,1522727.0,4922,Utilities
USAR,"USA Rare Earth, Inc. - Common Stock",NASDAQ,N,1970622.0,1000,Materials
USAS,"Americas Gold and Silver Corporation Common Shares, no par value",AMEX,,1286973.0,1000,Materials
USAU,U.S. Gold Corp. - Common Stock,NASDAQ,N,27093.0,1000,Materials
USB,U.S. Bancorp Common Stock,NYSE,,36104.0,6021,Financials
USBC,"USBC, Inc. Common Stock",AMEX,,1074828.0,6199,
USCB,"USCB Financial Holdings, Inc.  - Class A Common Stock",NASDAQ,N,1901637.0,6022,Financials
USDE,StablecoinX Inc. - Class A Common Stock,NASDAQ,N,2080215.0,6199,
USEA,United Maritime Corporation - Common Stock,NASDAQ,N,1912847.0,4400,Transport
USFD,US Foods Holding Corp. Common Stock,NYSE,,1665918.0,5140,Industrials
USGO,U.S. GoldMining Inc. - Common stock,NASDAQ,D,1947244.0,1040,Materials
USIO,"Usio, Inc. - Common Stock",NASDAQ,N,1088034.0,6099,Financials
USLM,"United States Lime & Minerals, Inc. - Common Stock",NASDAQ,N,82020.0,1400,Materials
USNA,"USANA Health Sciences, Inc. Common Stock",NYSE,,896264.0,2833,Health Care
USPH,"U.S. Physical Therapy, Inc. Common Stock",NYSE,,885978.0,8000,Health Care
UTF,"Cohen & Steers Infrastructure Fund, Inc Common Stock",NYSE,,1275617.0,,
UTG,Reaves Utility Income Fund Common Shares of Beneficial Interest,AMEX,,1263994.0,,
UTHR,United Therapeutics Corporation - Common Stock,NASDAQ,N,1082554.0,2834,Health Care
UTI,Universal Technical Institute Inc Common Stock,NYSE,,1261654.0,8200,Consumer Discretionary
UTL,UNITIL Corporation Common Stock,NYSE,,755001.0,4931,Utilities
UTMD,"Utah Medical Products, Inc. - Common Stock",NASDAQ,N,706698.0,3841,Health Care
UTSI,UTStarcom Holdings Corp - Ordinary Shares,NASDAQ,N,1030471.0,3669,Technology
UTZ,Utz Brands Inc Class A Common Stock,NYSE,,1739566.0,2090,Consumer Staples
UUU,"Universal Safety Products, Inc. Common Stock",AMEX,,102109.0,5065,Industrials
UUUU,Energy Fuels Inc Ordinary Shares (Canada),AMEX,,1385849.0,1400,Materials
UVE,UNIVERSAL INSURANCE HOLDINGS INC Common Stock,NYSE,,891166.0,6331,Insurance
UVSP,Univest Financial Corporation - Common Stock,NASDAQ,N,102212.0,6022,Financials
UVV,Universal Corporation Common Stock,NYSE,,102037.0,5150,Industrials
UWMC,UWM Holdings Corporation Class A Common Stock,NYSE,,1783398.0,6162,Financials
UXIN,Uxin Limited - American Depositary Shares,NASDAQ,N,1729173.0,7389,Industrials
UYSC,UY Scuti Acquisition Corp. - Ordinary Shares,NASDAQ,N,2036973.0,6770,Financials
UZX,Linkage Global Inc - Class A Ordinary Shares,NASDAQ,D,1969401.0,5961,Consumer Discretionary
V,Visa Inc.,NYSE,,1403161.0,7389,Industrials
VABK,Virginia National Bankshares Corporation - Common Stock,NASDAQ,N,1572334.0,6021,Financials
VAC,Marriott Vacations Worldwide Corporation Common Stock,NYSE,,1524358.0,6531,Real Estate
VACI,Viking Acquisition Corp. I Class A Ordinary Shares,NYSE,,2080023.0,6770,Financials
VAI,Valor Energy Incorporated - Common Stock,NASDAQ,D,1711012.0,7510,Consumer Discretionary
VAL,Valaris Limited Common Shares,NYSE,,314808.0,1381,Energy
VALE,VALE S.A.  American Depositary Shares Each Representing one common share,NYSE,,917851.0,1000,Materials
VALN,Valneva SE - American Depositary Shares,NASDAQ,N,1836564.0,2836,Health Care
VALU,"Value Line, Inc. - Common Stock",NASDAQ,N,717720.0,6282,Financials
VANI,"Vivani Medical, Inc.  - Common Stock",NASDAQ,N,1266806.0,3845,Health Care
VATE,INNOVATE Corp. Common Stock,NYSE,,1006837.0,3440,Industrials
VBIO,"Valion Bio, Inc. - Common stock",NASDAQ,N,1787740.0,3845,Health Care
VBNK,VersaBank - Common Shares,NASDAQ,N,1690639.0,6029,Financials
VC,Visteon Corporation - Common Stock,NASDAQ,N,1111335.0,3714,Industrials
VCEL,Vericel Corporation - Common Stock,NASDAQ,N,887359.0,2836,Health Care
VCIG,VCI Global Limited - Ordinary Share,NASDAQ,N,1930510.0,8744,Industrials
VCRE,Vicore Pharma Holding AB - American Depositary Shares,NASDAQ,N,2124403.0,2834,Health Care
VCTR,"Victory Capital Holdings, Inc. - Common Stock",NASDAQ,N,1570827.0,6282,Financials
VCV,Invesco California Value Municipal Income Trust Common Stock,NYSE,,895531.0,,
VCX,"Fundrise Innovation Fund, LLC Common Shares of Limited Liability Company Interests",NYSE,,1867090.0,,
VCYT,"Veracyte, Inc. - Common Stock",NASDAQ,N,1384101.0,8071,Health Care
VECA,Vernal Capital Acquisition Corp. Ordinary Shares,NYSE,,2081690.0,6770,Financials
VECO,Veeco Instruments Inc. - Common Stock,NASDAQ,N,103145.0,3559,Industrials
VEEA,Veea Inc. - Common Stock,NASDAQ,D,1840317.0,7373,Technology
VEEE,Twin Vee PowerCats Co. - Common Stock,NASDAQ,N,1855509.0,3730,Industrials
VEEV,Veeva Systems Inc. Class A Common Stock,NYSE,,1393052.0,7372,Technology
VEL,"Velocity Financial, Inc. Common Stock",NYSE,,1692376.0,6199,
VELO,"Velo3D, Inc. - Common stock",NASDAQ,N,1825079.0,3559,Industrials
VENU,Venu Holding Corporation Common Stock,AMEX,,1770501.0,7900,Communication
VEON,VEON Ltd. - American Depositary Shares,NASDAQ,N,1468091.0,4812,Communication
VERA,"Vera Therapeutics, Inc. - Class A Common Stock",NASDAQ,N,1831828.0,2834,Health Care
VERI,"Veritone, Inc. - Common Stock",NASDAQ,N,1615165.0,7374,Technology
VERU,Veru Inc. - Common Stock,NASDAQ,N,863894.0,2834,Health Care
VERX,"Vertex, Inc. - Class A Common Stock",NASDAQ,N,1806837.0,7372,Technology
VET,Vermilion Energy Inc. Common (Canada),NYSE,,1293135.0,1311,Energy
VFC,V.F. Corporation Common Stock,NYSE,,103379.0,2320,Consumer Discretionary
VFF,"Village Farms International, Inc. - Common Shares",NASDAQ,N,1584549.0,100,Consumer Staples
VFS,VinFast Auto Ltd. - Ordinary Shares,NASDAQ,N,1913510.0,3711,Industrials
VG,"Venture Global, Inc. Class A common stock",NYSE,,2007855.0,4924,Utilities
VGAS,"Verde Clean Fuels, Inc. - Class A Common Stock",NASDAQ,N,1841425.0,2860,Materials
VGI,Virtus Global Multi-Sector Income Fund Common Shares of Beneficial Interest,NYSE,,1528811.0,,
VGM,Invesco Trust for Investment Grade Municipals Common Stock (DE),NYSE,,880892.0,,
VGNT,Versigent PLC Ordinary Shares,NYSE,,2078008.0,3714,Industrials
VGZ,Vista Gold Corp Common Stock,AMEX,,783324.0,1040,Materials
VHC,VirnetX Holding Corp - Common Stock,NASDAQ,N,1082324.0,6794,Financials
VHCP,Vine Hill Capital Investment Corp. II - Class A Ordinary Shares,NASDAQ,N,2086264.0,6770,Financials
VHI,"Valhi, Inc. Common Stock",NYSE,,59255.0,2810,Materials
VHUB,"VenHub Global, Inc. - Common Stock",NASDAQ,D,1972234.0,3590,Industrials
VIA,"Via Transportation, Inc. Class A Common Stock",NYSE,,1603015.0,7372,Technology
VIAV,Viavi Solutions Inc. - Common Stock,NASDAQ,N,912093.0,3674,Technology
VICI,VICI Properties Inc. Common Stock,NYSE,,1705696.0,6798,Real Estate
VICR,Vicor Corporation - Common Stock,NASDAQ,N,751978.0,3679,Industrials
VIDA,VIDA Global Inc. Class A Common Stock,AMEX,,1973062.0,7372,Technology
VII,Viking Acquisition Corp. II Class A Ordinary Shares,NYSE,,2139246.0,6770,Financials
VIK,Viking Holdings Ltd Ordinary Shares,NYSE,,1745201.0,4400,Transport
VINP,Vinci Compass Investments Ltd. - Class A Common Shares,NASDAQ,N,1826286.0,6282,Financials
VIOT,"Viomi Technology Co., Ltd - American Depositary Shares",NASDAQ,N,1742770.0,3630,Industrials
VIP,Vulcan Infrastructure and Power Inc. - Class A Common Stock,NASDAQ,D,1844971.0,6199,
VIPS,"Vipshop Holdings Limited American Depositary Shares, each representing two ordinary shares",NYSE,,1529192.0,5961,Consumer Discretionary
VIR,"Vir Biotechnology, Inc. - Common Stock",NASDAQ,N,1706431.0,2836,Health Care
VIRC,Virco Manufacturing Corporation - Common Stock,NASDAQ,N,751365.0,2531,Industrials
VIRT,"Virtu Financial, Inc. Class A Common Stock",NYSE,,1592386.0,6211,Financials
VISN,"Vistance Networks, Inc.  - Common Stock",NASDAQ,N,1517228.0,3663,Technology
VIST,"Vista Energy S.A.B. de C.V. American Depositary Shares, each representing one series A share, with no par value",NYSE,,1762506.0,1311,Energy
VITL,"Vital Farms, Inc. - Common Stock",NASDAQ,N,1579733.0,2000,Consumer Staples
VIV,Telefonica Brasil S.A. American Depositary Shares (Each representing One Common Share),NYSE,,1066119.0,4813,Communication
VIVK,"Vivakor, Inc. - Common Stock",NASDAQ,N,1450704.0,4953,Utilities
VIVO,VivoPower PLC - Class A Ordinary Shares,NASDAQ,N,1681348.0,4931,Utilities
VIVS,"VivoSim Labs, Inc. - Common Stock",NASDAQ,D,1497253.0,2836,Health Care
VKI,Invesco Advantage Municipal Income Trust II Common Shares of Beneficial Interest (DE),AMEX,,908993.0,,
VKQ,Invesco Municipal Trust Common Stock,NYSE,,877463.0,,
VKTX,"Viking Therapeutics, Inc. - Common Stock",NASDAQ,N,1607678.0,2834,Health Care
VLGEA,"Village Super Market, Inc. - Class A Common Stock",NASDAQ,N,103595.0,5411,Consumer Staples
VLN,Valens Semiconductor Ltd. Ordinary Shares,NYSE,,1863006.0,3674,Technology
VLO,Valero Energy Corporation Common Stock,NYSE,,1035002.0,2911,Energy
VLOS,Velos Acquisition I Corp. - Class A Ordinary shares,NASDAQ,N,2016072.0,6770,Financials
VLRS,"Controladora Vuela Compania de Aviacion, S.A.B. de C.V. American Depositary Shares, each representing ten (10) Ordinary Participation Certificates",NYSE,,1520504.0,4512,Transport
VLT,Invesco High Income Trust II,NYSE,,846671.0,,
VLTO,Veralto Corp Common Stock,NYSE,,1967680.0,3825,Industrials
VLY,Valley National Bancorp - Common Stock,NASDAQ,N,714310.0,6021,Financials
VMAR,Vision Marine Technologies Inc. - Common Shares,NASDAQ,N,1813783.0,3730,Industrials
VMC,Vulcan Materials Company (Holding Company) Common Stock,NYSE,,1396009.0,1400,Materials
VMD,"Viemed Healthcare, Inc. - Common Shares",NASDAQ,N,1729149.0,8090,Health Care
VMET,Versamet Royalties Corporation - Common Stock,NASDAQ,N,2080073.0,6795,Financials
VMI,"Valmont Industries, Inc. Common Stock",NYSE,,102729.0,3440,Industrials
VMO,Invesco Municipal Opportunity Trust Common Stock,NYSE,,884152.0,,
VMRK,Vivmark Residential Common Shares of Beneficial Interest,NYSE,,906107.0,6798,Real Estate
VNCE,Vince Holding Corp. - Common Stock,NASDAQ,N,1579157.0,5600,Consumer Discretionary
VNDA,Vanda Pharmaceuticals Inc. - Common Stock,NASDAQ,N,1347178.0,2834,Health Care
VNET,"VNET Group, Inc. - American Depositary Shares",NASDAQ,N,1508475.0,7370,Technology
VNME,Vendome Acquisition Corporation I - Class A Ordinary Shares,NASDAQ,N,2055879.0,6770,Financials
VNO,Vornado Realty Trust Common Stock,NYSE,,899689.0,6798,Real Estate
VNOM,"Viper Energy, Inc.  - Class A Common Stock",NASDAQ,N,2074176.0,1311,Energy
VNRX,VolitionRX Limited Common Stock,AMEX,,93314.0,2835,Health Care
VNT,Vontier Corporation Common Stock,NYSE,,1786842.0,3824,Industrials
VNTG,Vantage Corp Class A Ordinary Shares,AMEX,,2027160.0,4731,Transport
VOC,VOC Energy Trust Units of Beneficial Interest,NYSE,,1505413.0,1311,Energy
VOD,Vodafone Group Plc - American Depositary Shares each representing ten Ordinary Shares,NASDAQ,N,839923.0,4812,Communication
VOGX,Vogenx Inc - Common Stock,NASDAQ,N,1903784.0,2834,Health Care
VOR,Vor Biopharma Inc. - Common Stock,NASDAQ,N,1817229.0,2836,Health Care
VOXR,Vox Royalty Corp. - common stock,NASDAQ,N,1907909.0,1040,Materials
VOYA,"Voya Financial, Inc. Common Stock",NYSE,,1535929.0,6311,Insurance
VOYG,"Voyager Technologies, Inc. Class A Common Stock",NYSE,,1788060.0,3760,Industrials
VPG,"Vishay Precision Group, Inc. Common Stock",NYSE,,1487952.0,3670,Industrials
VPV,Invesco Pennsylvania Value Municipal Income Trust Common Stock (DE),NYSE,,895528.0,,
VRA,"Vera Bradley, Inc. - Common Stock",NASDAQ,N,1495320.0,3100,Materials
VRAX,Virax Biolabs Group Limited - Ordinary Shares,NASDAQ,N,1885827.0,2835,Health Care
VRCA,Verrica Pharmaceuticals Inc. - Common Stock,NASDAQ,N,1660334.0,2834,Health Care
VRDN,"Viridian Therapeutics, Inc.  - Common Stock",NASDAQ,N,1590750.0,2834,Health Care
VREX,Varex Imaging Corporation - Common Stock,NASDAQ,N,1681622.0,3679,Industrials
VRM,"Vroom, Inc. - Common Stock",NASDAQ,N,1580864.0,5500,Consumer Discretionary
VRME,"VerifyMe, Inc. - Common Stock",NASDAQ,D,1104038.0,7373,Technology
VRNS,"Varonis Systems, Inc. - Common Stock",NASDAQ,N,1361113.0,7372,Technology
VRRM,Verra Mobility Corporation - Class A Common Stock,NASDAQ,N,1682745.0,4700,Transport
VRSK,"Verisk Analytics, Inc. - Common Stock",NASDAQ,N,1442145.0,7374,Technology
VRSN,"VeriSign, Inc. - Common Stock",NASDAQ,N,1014473.0,7371,Technology
VRT,"Vertiv Holdings, LLC Class A Common Stock",NYSE,,1674101.0,3679,Industrials
VRTS,"Virtus Investment Partners, Inc. Common Stock",NYSE,,883237.0,6282,Financials
VRTX,Vertex Pharmaceuticals Incorporated - Common Stock,NASDAQ,N,875320.0,2834,Health Care
VRXA,Veraxa Biotech AG - Ordinary Shares,NASDAQ,N,2079109.0,2834,Health Care
VS,Versus Systems Inc. - Common Stock,NASDAQ,N,1701963.0,7374,Technology
VSA,VisionSys AI Inc. - American Depositary Shares,NASDAQ,N,1592560.0,8200,Consumer Discretionary
VSAT,"ViaSat, Inc. - Common Stock",NASDAQ,N,797721.0,4899,Communication
VSEC,VSE Corporation - Common Stock,NASDAQ,N,102752.0,8711,Industrials
VSH,"Vishay Intertechnology, Inc. Common Stock",NYSE,,103730.0,3670,Industrials
VSME,VS Media Holdings Limited - Class A Ordinary Shares,NASDAQ,N,1951294.0,7311,Industrials
VSNT,"Versant Media Group, Inc. - Class A Common Stock",NASDAQ,N,2067876.0,4833,Communication
VST,Vistra Corp. Common Stock,NYSE,,1692819.0,4911,Utilities
VSTM,"Verastem, Inc. - Common Stock",NASDAQ,N,1526119.0,2834,Health Care
VSTS,Vestis Corporation Common Stock,NYSE,,1967649.0,5190,Industrials
VSXY,Victorias Secret & Co. Common Stock,NYSE,,1856437.0,5621,Consumer Discretionary
VTAK,"Catheter Precision, Inc. Common Stock",AMEX,,1716621.0,3841,Health Care
VTEX,VTEX Class A Common Shares,NYSE,,1793663.0,7372,Technology
VTGN,"Vistagen Therapeutics, Inc. - Common Stock",NASDAQ,D,1411685.0,2834,Health Care
VTIX,Virtuix Holdings Inc. - Class A Common Stock,NASDAQ,N,1606242.0,3577,Technology
VTMX,"Corporacion Inmobiliaria Vesta, S.A.B de C.V. American Depositary Shares, each representing ten (10) Common Shares",NYSE,,1969373.0,6500,Real Estate
VTN,Invesco Trust for Investment Grade New York Municipals Common Stock,NYSE,,883265.0,,
VTOL,"Bristow Group, Inc. Common Stock",NYSE,,1525221.0,4522,Transport
VTR,"Ventas, Inc. Common Stock",NYSE,,740260.0,6798,Real Estate
VTRS,Viatris Inc. - Common Stock,NASDAQ,N,1792044.0,2834,Health Care
VTS,"Vitesse Energy, Inc. Common Stock",NYSE,,1944558.0,1311,Energy
VTSI,"VirTra, Inc. - Common Stock",NASDAQ,N,1085243.0,3990,Consumer Discretionary
VTVT,vTv Therapeutics Inc. - Class A Common Stock,NASDAQ,N,1641489.0,2834,Health Care
VUZI,Vuzix Corporation  - Common Stock,NASDAQ,N,1463972.0,3663,Technology
VVOS,"Vivos Therapeutics, Inc. - Common Stock",NASDAQ,D,1716166.0,3841,Health Care
VVR,Invesco Senior Income Trust Common Stock (DE),NYSE,,1059386.0,,
VVV,Valvoline Inc. Common Stock,NYSE,,1674910.0,2990,Energy
VVX,"V2X, Inc. Common Stock",NYSE,,1601548.0,8744,Industrials
VWAV,"VisionWave Holdings, Inc. - Common Stock",NASDAQ,N,2038439.0,7372,Technology
VYGR,"Voyager Therapeutics, Inc. - Common Stock",NASDAQ,N,1640266.0,2836,Health Care
VYX,NCR Voyix Corporation Common Stock,NYSE,,70866.0,3578,Technology
VZ,Verizon Communications Inc. Common Stock,NYSE,,732712.0,4813,Communication
VZLA,Vizsla Silver Corp. Common Shares,AMEX,,1796073.0,1040,Materials
W,Wayfair Inc. Class A Common Stock,NYSE,,1616707.0,5961,Consumer Discretionary
WAB,Westinghouse Air Brake Technologies Corporation Common Stock,NYSE,,943452.0,3743,Industrials
WABC,Westamerica Bancorporation - Common Stock,NASDAQ,N,311094.0,6021,Financials
WAFD,"WaFd, Inc. - Common Stock",NASDAQ,N,936528.0,6021,Financials
WAFDP,"WaFd, Inc. - Depositary Shares",NASDAQ,N,936528.0,6021,Financials
WAFU,Wah Fu Education Group Limited - Ordinary Shares,NASDAQ,N,1716770.0,8200,Consumer Discretionary
WAL,Western Alliance Bancorporation Common Stock (DE),NYSE,,1212545.0,6022,Financials
WALD,Waldencast plc - Class A Ordinary Share,NASDAQ,N,1840199.0,2844,Materials
WASH,"Washington Trust Bancorp, Inc. - Common Stock",NASDAQ,N,737468.0,6022,Financials
WAT,Waters Corporation Common Stock,NYSE,,1000697.0,3826,Health Care
WATR,Air Water Ventures Limited - Ordinary Shares,NASDAQ,N,2092314.0,2080,Consumer Staples
WATT,Energous Corporation - Common Stock,NASDAQ,N,1575793.0,3663,Technology
WAVE,Eco Wave Power Global AB (publ) - American Depositary Shares,NASDAQ,N,1846715.0,4911,Utilities
WAY,Waystar Holding Corp. - Common Stock,NASDAQ,N,1990354.0,7373,Technology
WB,Weibo Corporation - American Depositary Shares,NASDAQ,N,1595761.0,7370,Technology
WBD,"Warner Bros. Discovery, Inc. - Series A Common Stock",NASDAQ,N,1437107.0,4841,Communication
WBI,WaterBridge Infrastructure LLC Class A Shares Representing Limited Liability Company Interests,NYSE,,2064947.0,1389,Energy
WBTN,WEBTOON Entertainment Inc. - Common stock,NASDAQ,N,1997859.0,2741,Communication
WBUY,WEBUY GLOBAL LTD. - Class A Ordinary Shares,NASDAQ,N,1946703.0,5900,Consumer Discretionary
WBX,Wallbox N.V. Class A Ordinary Shares,NYSE,,1866501.0,3690,Industrials
WCC,"WESCO International, Inc. Common Stock",NYSE,,929008.0,5063,Industrials
WCCB,West Coast Community Bancorp - Common Stock,NASDAQ,N,2105965.0,6022,Financials
WCN,"Waste Connections, Inc. Common Shares",NYSE,,1318220.0,4953,Utilities
WCT,Wellchange Holdings Company Limited - Class A Ordinary shares,NASDAQ,N,1990251.0,7372,Technology
WD,"Walker & Dunlop, Inc Common Stock",NYSE,,1497770.0,6199,
WDAY,"Workday, Inc. - Class A Common Stock",NASDAQ,N,1327811.0,7374,Technology
WDC,Western Digital Corporation - Common Stock,NASDAQ,N,106040.0,3572,Technology
WDFC,WD-40 Company - Common Stock,NASDAQ,N,105132.0,2890,Materials
WDH,Waterdrop Inc. American Depositary Shares (each representing the right to receive 10 Class A Ordinary Shares),NYSE,,1823986.0,6411,Insurance
WDI,Western Asset Diversified Income Fund Common Shares of Beneficial Interest,NYSE,,1819559.0,,
WDS,"Woodside Energy Group Limited American Depositary Shares, each representing one Ordinary Share",NYSE,,844551.0,1311,Energy
WEAV,"Weave Communications, Inc. Common Stock",NYSE,,1609151.0,7372,Technology
WEC,"WEC Energy Group, Inc. Common Stock",NYSE,,783325.0,4931,Utilities
WELL,Welltower Inc. Common Stock,NYSE,,766704.0,6798,Real Estate
WEN,Wendy's Company (The) - Common Stock,NASDAQ,N,30697.0,5810,Consumer Discretionary
WENC,West Enclave Merger Corp. Ordinary Shares,NYSE,,2104260.0,6770,Financials
WENN,Wen Acquisition Corp - Class A Ordinary Shares,NASDAQ,N,2057043.0,6770,Financials
WERN,"Werner Enterprises, Inc. - Common Stock",NASDAQ,N,793074.0,4213,Transport
WES,"Western Midstream Partners, LP Common Units Representing Limited Partner Interests",NYSE,,1423902.0,4922,Utilities
WEST,Westrock Coffee Company - Common Stock,NASDAQ,N,1806347.0,2080,Consumer Staples
WETH,Wetouch Technology Inc. - Common Stock,NASDAQ,N,1826660.0,3577,Technology
WETO,Wetour Robotics Limited - Ordinary Shares,NASDAQ,N,1941158.0,4100,Transport
WEX,WEX Inc. common stock,NYSE,,1309108.0,7389,Industrials
WEYS,"Weyco Group, Inc. - Common Stock",NASDAQ,N,106532.0,5130,Industrials
WF,Woori Financial Group Inc. American Depositary Shares (each representing three (3) shares of Common Stock),NYSE,,1264136.0,6029,Financials
WFC,Wells Fargo & Company Common Stock,NYSE,,72971.0,6021,Financials
WFCF,"Where Food Comes From, Inc. - Common Stock",NASDAQ,N,1360565.0,7372,Technology
WFF,WF Holding Limited - Ordinary Shares,NASDAQ,N,1980210.0,3990,Consumer Discretionary
WFG,West Fraser Timber Co. Ltd Common stock,NYSE,,1402388.0,2421,Industrials
WFRD,Weatherford International plc - Ordinary shares,NASDAQ,N,1603923.0,3533,Industrials
WGO,"Winnebago Industries, Inc. Common Stock",NYSE,,107687.0,3716,Industrials
WGS,GeneDx Holdings Corp. - Class A Common Stock,NASDAQ,N,1818331.0,8000,Health Care
WH,"Wyndham Hotels & Resorts, Inc. Common Stock",NYSE,,1722684.0,7011,Consumer Discretionary
WHD,"Cactus, Inc. Class A Common Stock",NYSE,,1699136.0,3533,Industrials
WHF,"WhiteHorse Finance, Inc. - Closed End Fund",NASDAQ,N,1552198.0,,
WHG,Westwood Holdings Group Inc Common Stock,NYSE,,1165002.0,6282,Financials
WHK,WhiteHawk Minerals Corp Class A Common Stock,NYSE,,1921603.0,1311,Energy
WHLR,"Wheeler Real Estate Investment Trust, Inc. - Common Stock",NASDAQ,N,1527541.0,6798,Real Estate
WHR,Whirlpool Corporation Common Stock,NYSE,,106640.0,3630,Industrials
WHWK,"Whitehawk Therapeutics, Inc. - Common Stock",NASDAQ,N,1422142.0,2834,Health Care
WIA,Western Asset Inflation-Linked Income Fund,NYSE,,1254370.0,,
WIMI,WiMi Hologram Cloud Inc. - Class B Ordinary Shares,NASDAQ,N,1770088.0,7372,Technology
WINA,Winmark Corporation - Common Stock,NASDAQ,N,908315.0,5900,Consumer Discretionary
WING,Wingstop Inc. - Common Stock,NASDAQ,N,1636222.0,5812,Consumer Discretionary
WIT,Wipro Limited Common Stock,NYSE,,1123799.0,7371,Technology
WIW,Western Asset Inflation-Linked Opportunities & Income Fund,NYSE,,1267902.0,,
WIX,Wix.com Ltd. - Ordinary Shares,NASDAQ,N,1576789.0,7370,Technology
WK,Workiva Inc. Class A Common Stock,NYSE,,1445305.0,7372,Technology
WKC,World Kinect Corporation Common Stock,NYSE,,789460.0,5172,Industrials
WKEY,WISeKey International Holding Ltd - American Depositary Shares,NASDAQ,N,1738699.0,7374,Technology
WKHS,"Workhorse Group, Inc. - Common Stock",NASDAQ,N,1425287.0,3711,Industrials
WKSP,"Worksport, Ltd. - Common Stock",NASDAQ,D,1096275.0,3714,Industrials
WLCO,Wilco 63 Corporation - Class A Ordinary Shares,NASDAQ,N,2101470.0,6770,Financials
WLDN,"Willdan Group, Inc. - Common Stock",NASDAQ,N,1370450.0,8711,Industrials
WLDS,Wearable Devices Ltd. - Ordinary Share,NASDAQ,N,1887673.0,3576,Technology
WLFC,Willis Lease Finance Corporation - Common Stock,NASDAQ,N,1018164.0,5080,Industrials
WLII,Willow Lane Acquisition Corp. II - Class A Ordinary Shares,NASDAQ,N,2083946.0,6770,Financials
WLK,Westlake Corporation Common Stock,NYSE,,1262823.0,2860,Materials
WLKP,Westlake Chemical Partners LP Common Units representing limited partner interests,NYSE,,1604665.0,2860,Materials
WLTH,Wealthfront Corporation - Common Stock,NASDAQ,N,1524566.0,6199,
WLY,"John Wiley & Sons, Inc. Common Stock",NYSE,,107140.0,2731,Communication
WLYB,"John Wiley & Sons, Inc. Common Stock",NYSE,,107140.0,2731,Communication
WM,"Waste Management, Inc. Common Stock",NYSE,,823768.0,4953,Utilities
WMB,"Williams Companies, Inc. (The) Common Stock",NYSE,,107263.0,4922,Utilities
WMG,Warner Music Group Corp. - Class A Common Stock,NASDAQ,N,1319161.0,7900,Communication
WMK,"Weis Markets, Inc. Common Stock",NYSE,,105418.0,5411,Consumer Staples
WMS,"Advanced Drainage Systems, Inc. Common Stock",NYSE,,1604028.0,3086,Materials
WMT,Walmart Inc. - Common Stock,NASDAQ,N,104169.0,5331,Consumer Discretionary
WNC,Wabash National Corporation Common Stock,NYSE,,879526.0,3715,Industrials
WNEB,"Western New England Bancorp, Inc. - Common Stock",NASDAQ,N,1157647.0,6035,Financials
WNW,Meiwu Technology Company Limited - Ordinary Shares,NASDAQ,N,1787803.0,2840,Materials
WOK,WORK Medical Technology Group LTD - Class A Ordinary Shares,NASDAQ,N,1929783.0,3841,Health Care
WOLF,"Wolfspeed, Inc. Common Stock New",NYSE,,895419.0,3674,Technology
WOOF,"Petco Health and Wellness Company, Inc. - Class A Common Stock",NASDAQ,N,1826470.0,5990,Consumer Discretionary
WOR,"Worthington Enterprises, Inc. Common Shares",NYSE,,108516.0,3310,Materials
WPAC,White Pearl Acquisition Corp. Class A Ordinary Shares,NYSE,,2081536.0,6770,Financials
WPC,W. P. Carey Inc. REIT,NYSE,,1025378.0,6798,Real Estate
WPM,Wheaton Precious Metals Corp Common Shares (Canada),NYSE,,1323404.0,1040,Materials
WPP,WPP plc American Depositary Shares,NYSE,,806968.0,7311,Industrials
WPRT,Westport Fuel Systems Inc - Common Shares,NASDAQ,N,1370416.0,3510,Industrials
WRAP,"Wrap Technologies, Inc. - Common Stock",NASDAQ,N,1702924.0,3480,Industrials
WRB,W.R. Berkley Corporation Common Stock,NYSE,,11544.0,6331,Insurance
WRBY,Warby Parker Inc. Class A Common Stock,NYSE,,1504776.0,3851,Health Care
WRD,WeRide Inc. - American Depositary Shares,NASDAQ,N,1867729.0,7373,Technology
WRLD,World Acceptance Corporation - Common Stock,NASDAQ,N,108385.0,6141,Financials
WRN,Western Copper and Gold Corporation Common Stock,AMEX,,1364125.0,1000,Materials
WS,"Worthington Steel, Inc. Common Shares",NYSE,,1968487.0,3310,Materials
WSBC,"WesBanco, Inc. - Common Stock",NASDAQ,N,203596.0,6021,Financials
WSBF,"Waterstone Financial, Inc. - Common Stock",NASDAQ,N,1569994.0,6035,Financials
WSBK,"Winchester Bancorp, Inc. - Common Stock",NASDAQ,N,2047235.0,6036,Financials
WSC,WillScot Holdings Corporation - Class A Common Stock,NASDAQ,N,1647088.0,7350,Industrials
WSE,Wise Group plc - Class A Ordinary Shares,NASDAQ,N,2099039.0,7389,Industrials
WSFS,WSFS Financial Corporation - Common Stock,NASDAQ,N,828944.0,6021,Financials
WSHP,WeShop Holdings Limited - Class A Ordinary Shares,NASDAQ,N,2048271.0,5900,Consumer Discretionary
WSM,"Williams-Sonoma, Inc. Common Stock (DE)",NYSE,,719955.0,5700,Consumer Discretionary
WSO,"Watsco, Inc. Common Stock",NYSE,,105016.0,5070,Industrials
WST,"West Pharmaceutical Services, Inc. Common Stock",NYSE,,105770.0,3841,Health Care
WSTN,Westin Acquisition Corp - Class A Ordinary Share,NASDAQ,N,2076192.0,6770,Financials
WT,"WisdomTree, Inc. Common Stock",NYSE,,880631.0,6211,Financials
WTBA,West Bancorporation - Common Stock,NASDAQ,N,1166928.0,6022,Financials
WTF,Waton Financial Limited - Ordinary Shares,NASDAQ,N,1987363.0,6200,Financials
WTFC,Wintrust Financial Corporation - Common Stock,NASDAQ,N,1015328.0,6022,Financials
WTG,Wintergreen Acquisition Corp. - Ordinary Shares,NASDAQ,N,2053927.0,7370,Technology
WTI,"W&T Offshore, Inc. Common Stock",NYSE,,1288403.0,1311,Energy
WTM,"White Mountains Insurance Group, Ltd. Common Stock",NYSE,,776867.0,6331,Insurance
WTRG,"Essential Utilities, Inc. Common Stock",NYSE,,78128.0,4941,Utilities
WTS,"Watts Water Technologies, Inc. Class A Common Stock",NYSE,,795403.0,3490,Industrials
WTTR,"Select Water Solutions, Inc. Class A common stock",NYSE,,1693256.0,1389,Energy
WTW,Willis Towers Watson Public Limited Company - Ordinary Shares,NASDAQ,N,1140536.0,6411,Insurance
WU,Western Union Company (The) Common Stock,NYSE,,1365135.0,7389,Industrials
WULF,TeraWulf Inc. - Common Stock,NASDAQ,N,1083301.0,6199,
WVE,"Wave Life Sciences, Inc. - Common Stock",NASDAQ,N,1631574.0,2834,Health Care
WVVI,"Willamette Valley Vineyards, Inc. - Common Stock",NASDAQ,N,838875.0,2080,Consumer Staples
WW,"WW International, Inc.  - Common Stock",NASDAQ,N,105319.0,7200,Consumer Discretionary
WWD,"Woodward, Inc. - Common Stock",NASDAQ,N,108312.0,3620,Industrials
WWR,"Westwater Resources, Inc. Common Stock",AMEX,,839470.0,1000,Materials
WWW,"Wolverine World Wide, Inc. Common Stock",NYSE,,110471.0,3140,Materials
WXM,WF International Limited - Ordinary Shares,NASDAQ,N,1979610.0,1700,Industrials
WY,Weyerhaeuser Company Common Stock,NYSE,,106535.0,6798,Real Estate
WYFI,"WhiteFiber, Inc. - Ordinary Shares",NASDAQ,N,2042022.0,6199,
WYHG,Wing Yip Food Holdings Group Limited - American Depositary Shares,NASDAQ,N,1999860.0,2013,Consumer Staples
WYNN,"Wynn Resorts, Limited - Common Stock",NASDAQ,N,1174922.0,7011,Consumer Discretionary
WYY,WidePoint Corporation Common Stock,AMEX,,1034760.0,7373,Technology
XAIR,"Beyond Air, Inc. - Common Stock",NASDAQ,N,1641631.0,3841,Health Care
XBIO,"Xenetic Biosciences, Inc. - Common Stock",NASDAQ,N,1534525.0,2834,Health Care
XBIT,XBiotech Inc. - Common Stock,NASDAQ,N,1626878.0,2834,Health Care
XBP,"XBP Global Holdings, Inc. - Common Stock",NASDAQ,N,1839530.0,7389,Industrials
XCBE,X3 Acquisition Corp. Ltd. - Class A Ordinary Shares,NASDAQ,N,2083493.0,6770,Financials
XCH,XCHG Limited - ADS,NASDAQ,N,1979887.0,3690,Industrials
XCUR,"Exicure, Inc. - Common Stock",NASDAQ,D,1698530.0,2834,Health Care
XE,"X-Energy, Inc. - Class A Common Stock",NASDAQ,N,2088896.0,3443,Industrials
XEL,Xcel Energy Inc. - Common Stock,NASDAQ,N,72903.0,4931,Utilities
XELB,"Xcel Brands, Inc - Common Stock",NASDAQ,N,1083220.0,6794,Financials
XENE,Xenon Pharmaceuticals Inc. - Common Shares,NASDAQ,N,1582313.0,2834,Health Care
XERS,"Xeris Biopharma Holdings, Inc. - Common Stock",NASDAQ,N,1867096.0,2834,Health Care
XFLH,XFLH Capital Corporation Ordinary Shares,NYSE,,2088103.0,6770,Financials
XFLT,XAI Floating Rate & Alternative Income Trust Common Shares of Beneficial Interest,NYSE,,1703079.0,,
XFOR,"X4 Pharmaceuticals, Inc. - Common Stock",NASDAQ,N,1501697.0,2836,Health Care
XGN,Exagen Inc. - Common Stock,NASDAQ,N,1274737.0,8071,Health Care
XHG,XChange TEC.INC - American Depositary Shares,NASDAQ,N,1769256.0,6411,Insurance
XHLD,"TEN Holdings, Inc. - Common Stock",NASDAQ,N,2030954.0,7389,Industrials
XHR,"Xenia Hotels & Resorts, Inc. Common Stock",NYSE,,1616000.0,7011,Consumer Discretionary
XIFR,"XPLR Infrastructure, LP Common Units representing limited partner interests",NYSE,,1603145.0,4911,Utilities
XIII,Churchill Capital Corp XIII - Class A Ordinary Shares,NASDAQ,N,2114229.0,6770,Financials
XLAB,Exascale Labs Holdings Inc. - Class A Common Stock,NASDAQ,N,2109869.0,7372,Technology
XLO,"Xilio Therapeutics, Inc. - Common Stock",NASDAQ,N,1840233.0,2834,Health Care
XMAX,"XMAX, Inc. - Common Stock",NASDAQ,D,1473334.0,2510,Industrials
XMTR,"Xometry, Inc. - Class A Common Stock",NASDAQ,N,1657573.0,7389,Industrials
XNCR,"Xencor, Inc. - Common Stock",NASDAQ,N,1326732.0,2834,Health Care
XNDU,Xanadu Quantum Technologies Limited - Class B Subordinate Voting Shares,NASDAQ,N,2097163.0,3571,Technology
XNET,Xunlei Limited - American Depositary Shares,NASDAQ,N,1510593.0,7372,Technology
XOM,ExxonMobil Holdings Corporation Common Stock,NYSE,,2115436.0,2911,Energy
XOS,"Xos, Inc. - Common Stock",NASDAQ,N,1819493.0,3714,Industrials
XP,XP Inc. - Class A Common Stock,NASDAQ,N,1787425.0,6211,Financials
XPEL,"XPEL, Inc. - Common Stock",NASDAQ,N,1767258.0,3470,Industrials
XPER,Xperi Inc. Common Stock,NYSE,,1788999.0,7372,Technology
XPEV,"XPeng Inc. American depositary shares, each representing two Class A ordinary shares",NYSE,,1810997.0,3711,Industrials
XPL,Solitario Resources Corp. Common Stock,AMEX,,917225.0,1040,Materials
XPO,"XPO, Inc. Common Stock",NYSE,,1166003.0,4700,Transport
XPOF,"Xponential Fitness, Inc. Class A Common Stock",NYSE,,1802156.0,7990,Communication
XPON,"Expion Energy, Inc. - Common Stock",NASDAQ,N,1894954.0,3690,Industrials
XPRO,Expro Ltd Ordinary Shares,NYSE,,2126198.0,1389,Energy
XRAY,DENTSPLY SIRONA Inc. - Common Stock,NASDAQ,N,818479.0,3843,Health Care
XRN,Chiron Real Estate Inc. Common Stock,NYSE,,1533615.0,6798,Real Estate
XRPN,Armada Acquisition Corp. II - Class A Ordinary Shares,NASDAQ,N,2044009.0,6770,Financials
XRTX,XORTX Therapeutics Inc. - Common Shares,NASDAQ,N,1729214.0,2834,Health Care
XRX,Xerox Holdings Corporation - Common Stock,NASDAQ,N,1770450.0,3577,Technology
XSLL,Xsolla SPAC 1 - Class A Ordinary Shares,NASDAQ,N,2088807.0,6770,Financials
XTER,Karman Line Acquisition Corp. - Class A Ordinary Shares,NASDAQ,N,2134856.0,6770,Financials
XTIA,"XTI Aerospace, Inc. Common Stock  - Common Stock",NASDAQ,E,1529113.0,7371,Technology
XTLB,XTL Biopharmaceuticals Ltd. - American Depositary Shares,NASDAQ,N,1023549.0,2834,Health Care
XTND,"Xtend AI Robotics, Inc. Common Stock",NYSE,,2111860.0,3760,Industrials
XTNT,"Xtant Medical Holdings, Inc. Common Stock",AMEX,,1453593.0,3841,Health Care
XWEL,"XWELL, Inc. - Common Stock",NASDAQ,N,1410428.0,7200,Consumer Discretionary
XXI,"Twenty One Capital, Inc. Class A Common Stock",NYSE,,2070457.0,6199,
XXII,"22nd Century Group, Inc - Common Stock",NASDAQ,N,1347858.0,2111,Consumer Staples
XYF,"X Financial American Depositary Shares, each representing six Class A Ordinary Shares",NYSE,,1725033.0,6199,
XYL,Xylem Inc. Common Stock New,NYSE,,1524472.0,3561,Industrials
XYZ,"Block, Inc. Class A Common Stock,",NYSE,,1512673.0,7372,Technology
XZO,"Exzeo Group, Inc. Common Stock",NYSE,,1873951.0,7372,Technology
YAAS,Youxin Technology Ltd - Class A Ordinary shares,NASDAQ,N,1964946.0,7372,Technology
YALA,"Yalla Group Limited American Depositary Shares, each representing one Class A Ordinary Share",NYSE,,1794350.0,7370,Technology
YARW,"Yarrow Bioscience, Inc. - Common Stock",NASDAQ,N,1566044.0,2834,Health Care
YB,Yuanbao Inc. - American Depositary Shares,NASDAQ,N,1995520.0,6411,Insurance
YCBD,"cbdMD, Inc. Common Stock",AMEX,,1644903.0,2844,Materials
YCY,AA Mission Acquisition Corp. II Class A Ordinary Shares,NYSE,,2075336.0,6770,Financials
YDDL,One and One Green Technologies. INC - Class A Ordinary Shares,NASDAQ,N,2034723.0,5090,Industrials
YDES,YD Bio Limited - Ordinary Shares,NASDAQ,N,2011674.0,8071,Health Care
YDKG,Yueda Digital Holding - Class A Ordinary Share,NASDAQ,N,1413745.0,7311,Industrials
YELP,Yelp Inc. Common Stock,NYSE,,1345016.0,7200,Consumer Discretionary
YETI,"YETI Holdings, Inc. Common Stock",NYSE,,1670592.0,3949,Consumer Discretionary
YEXT,"Yext, Inc. Common Stock",NYSE,,1614178.0,7374,Technology
YFOR,YYForce Inc. - Class A Ordinary Shares,NASDAQ,N,1985337.0,7363,Industrials
YHC,LQR House Inc. - Common Stock,NASDAQ,N,1843165.0,2080,Consumer Staples
YHGJ,Yunhong Green CTI Ltd. - Common Stock,NASDAQ,N,1042187.0,3060,Materials
YHNA,YHN Acquisition I Limited - Ordinary Shares,NASDAQ,D,2020987.0,6770,Financials
YI,"111, Inc. - American Depositary Shares",NASDAQ,N,1738906.0,5912,Consumer Discretionary
YIBO,Planet Image International Limited - Class A Ordinary Shares,NASDAQ,N,1868395.0,3577,Technology
YICC,Yorkville International Capital Corp. - Class A Ordinary Shares,NASDAQ,N,2130386.0,6770,Financials
YJ,Yunji Inc. - American Depository Shares,NASDAQ,N,1759614.0,5990,Consumer Discretionary
YMAT,"J-Star Holding Co., Ltd. - Class A Ordinary Shares",NASDAQ,N,1875016.0,3949,Consumer Discretionary
YMM,Full Truck Alliance Co. Ltd. American Depositary Shares (each representing 20 Class A Ordinary Shares),NYSE,,1838413.0,7372,Technology
YMT,Yimutian Inc. - American Depositary Shares; each representing 25 Class A ordinary shares,NASDAQ,D,1991605.0,7374,Technology
YORW,The York Water Company - Common Stock,NASDAQ,N,108985.0,4941,Utilities
YOU,"Clear Secure, Inc. Class A Common Stock",NYSE,,1856314.0,7372,Technology
YOUL,Youlife Group Inc. - American Depositary Shares,NASDAQ,D,2028177.0,8200,Consumer Discretionary
YPF,YPF Sociedad Anonima American Depositary Shares,NYSE,,904851.0,2911,Energy
YQ,17 Education & Technology Group Inc. - American Depositary Shares,NASDAQ,N,1821468.0,8200,Consumer Discretionary
YRD,"Yiren Digital Ltd. American Depositary Shares, each representing two ordinary shares",NYSE,,1631761.0,6199,
YSG,"Yatsen Holding Limited American Depositary Shares, each representing twenty (20) Class A Ordinary Shares",NYSE,,1819580.0,2844,Materials
YSS,York Space Systems Inc. Common Stock,NYSE,,2086587.0,3760,Industrials
YSWY,"Yesway, Inc. - Class A Common Stock",NASDAQ,N,1859836.0,5411,Consumer Staples
YSXT,"YSX Tech. Co., Ltd  - Class A Ordinary Shares",NASDAQ,N,1993463.0,7500,Consumer Discretionary
YTRA,"Yatra Online, Inc. - Ordinary Shares",NASDAQ,D,1516899.0,4700,Transport
YUM,"Yum! Brands, Inc.",NYSE,,1041061.0,5812,Consumer Discretionary
YUMC,"Yum China Holdings, Inc. Common Stock",NYSE,,1673358.0,5812,Consumer Discretionary
YXT,YXT.COM GROUP HOLDING LIMITED - American Depository Shares,NASDAQ,N,1872090.0,7372,Technology
YYAI,AiRWA Inc. - Common Stock,NASDAQ,E,1674440.0,7370,Technology
Z,"Zillow Group, Inc. - Class C Capital Stock",NASDAQ,N,1617640.0,7389,Industrials
ZBAO,Zhibao Technology Inc. - Class A Ordinary Shares,NASDAQ,D,1966750.0,6411,Insurance
ZBH,"Zimmer Biomet Holdings, Inc. Common Stock",NYSE,,1136869.0,3842,Health Care
ZBIO,"Zenas BioPharma, Inc. - Common Stock",NASDAQ,N,1953926.0,2834,Health Care
ZBRA,Zebra Technologies Corporation - Class A Common Stock,NASDAQ,N,877212.0,3560,Industrials
ZCMD,Zhongchao Inc. - Class A Ordinary Shares,NASDAQ,N,1785566.0,8200,Consumer Discretionary
ZD,"Ziff Davis, Inc. - Common Stock",NASDAQ,N,1084048.0,4822,Communication
ZDAI,"DirectBooking Technology Co., Ltd. - Class A Ordinary Shares",NASDAQ,N,1966678.0,1540,Industrials
ZDGE,"Zedge, Inc. Class B Common Stock",AMEX,,1667313.0,7372,Technology
ZENA,"ZenaTech, Inc. - Common Stock",NASDAQ,N,1997403.0,7372,Technology
ZEO,Zeo Energy Corporation - Class A Common Stock,NASDAQ,D,1865506.0,1700,Industrials
ZEPP,"Zepp Health Corporation American depositary shares, each representing sixteen Class A ordinary shares",NYSE,,1720446.0,3571,Technology
ZETA,Zeta Global Holdings Corp. Class A Common Stock,NYSE,,1851003.0,7372,Technology
ZG,"Zillow Group, Inc. - Class A Common Stock",NASDAQ,N,1617640.0,7389,Industrials
ZGN,Ermenegildo Zegna N.V. Ordinary Shares,NYSE,,1877787.0,2300,Consumer Discretionary
ZH,"Zhihu Inc. American Depositary Shares, each representing three (3) Class A Ordinary Shares",NYSE,,1835724.0,7389,Industrials
ZIM,ZIM Integrated Shipping Services Ltd. Ordinary Shares,NYSE,,1654126.0,4412,Transport
ZION,Zions Bancorporation N.A. - Common Stock,NASDAQ,N,109380.0,6021,Financials
ZIP,"ZipRecruiter, Inc. Class A Common Stock",NYSE,,1617553.0,7370,Technology
ZJK,"ZJK Industrial Co., Ltd. - Class A Ordinary Shares",NASDAQ,N,1941506.0,3452,Industrials
ZJYL,JIN MEDICAL INTERNATIONAL LTD. - Class A Ordinary Shares,NASDAQ,N,1837821.0,3842,Health Care
ZKH,"ZKH Group Limited American Depositary Shares, each representing thirty-five (35) Class A Ordinary Shares",NYSE,,1862044.0,5200,Consumer Discretionary
ZKIN,"ZK International Group Co., Ltd - Ordinary Share",NASDAQ,N,1687451.0,3490,Industrials
ZKP,Lafayette Digital Acquisition Corp. I - Class A Ordinary Shares,NASDAQ,N,2087447.0,6770,Financials
ZKPU,Lafayette Digital Acquisition Corp. I - Unit,NASDAQ,N,2087447.0,6770,Financials
ZKPW,Lafayette Digital Acquisition Corp. I - Warrant,NASDAQ,N,2087447.0,6770,Financials
ZLAB,Zai Lab Limited - American Depositary Shares,NASDAQ,N,1704292.0,2834,Health Care
ZM,"Zoom Communications, Inc. - Class A Common Stock",NASDAQ,N,1585521.0,7370,Technology
ZNB,Zeta Network Group - Class A Ordinary Shares,NASDAQ,N,1747661.0,8200,Consumer Discretionary
ZNTL,"Zentalis Pharmaceuticals, Inc. - common stock",NASDAQ,N,1725160.0,2834,Health Care
ZONE,Zone Frontier Inc. Class B Common Stock,AMEX,,1956741.0,2842,Materials
ZOOZ,ZOOZ Strategy Ltd. - Ordinary Shares,NASDAQ,N,1992818.0,3590,Industrials
ZS,"Zscaler, Inc. - Common Stock",NASDAQ,N,1713683.0,7371,Technology
ZSQR,Z Squared Inc. - Common Stock,NASDAQ,N,1759186.0,6199,
ZSTK,ZeroStack Corp. - Common Stock,NASDAQ,N,1790169.0,5122,Industrials
ZTG,Zenta Group Company Limited - Class A Ordinary Shares,NASDAQ,N,2011458.0,8742,Industrials
ZTO,"ZTO Express (Cayman) Inc. American Depositary Shares, each representing one Class A ordinary share.",NYSE,,1677250.0,4210,Transport
ZTR,Virtus Total Return Fund Inc.,NYSE,,836412.0,,
ZTS,Zoetis Inc. Class A Common Stock,NYSE,,1555280.0,2834,Health Care
ZUMZ,Zumiez Inc. - Common Stock,NASDAQ,N,1318008.0,5600,Consumer Discretionary
ZURA,Zura Bio Limited - Class A Ordinary shares,NASDAQ,N,1855644.0,2836,Health Care
ZVIA,Zevia PBC Class A Common Stock,NYSE,,1854139.0,2086,Consumer Staples
ZVRA,"Zevra Therapeutics, Inc.  - Common Stock",NASDAQ,N,1434647.0,2834,Health Care
ZWS,Zurn Elkay Water Solutions Corporation Common Stock,NYSE,,1439288.0,3560,Industrials
ZYBT,Zhengye Biotechnology Holding Limited - Class A Ordinary Shares,NASDAQ,N,1975641.0,2834,Health Care
ZYME,Zymeworks Inc. - Common Stock,NASDAQ,N,1937653.0,2834,Health Care
